ply
format ascii 1.0
element vertex 6831
property float x
property float y
property float z
element face 13698
property list uchar int vertex_indices
end_header
-0.006906 -0.018184 -0.000225
-0.007094 -0.018184 -0.000075
-0.001973 -0.018184 0.006470
-0.007094 -0.018184 0.023149
-0.001836 -0.018184 0.006843
-0.001615 -0.018184 0.007173
-0.001323 -0.018184 0.007443
-0.000977 -0.018184 0.007637
-0.000595 -0.018184 0.007745
-0.000198 -0.018184 0.007760
0.000192 -0.018184 0.007683
0.000553 -0.018184 0.007516
0.000865 -0.018184 0.007270
0.011539 -0.018184 0.004516
0.005939 -0.018184 0.002196
0.006315 -0.018184 0.001756
0.006618 -0.018184 0.001262
0.006839 -0.018184 0.000727
0.006974 -0.018184 0.000164
0.007020 -0.018184 -0.000413
0.012620 -0.018184 0.001907
0.007020 -0.018184 -0.007837
0.012620 -0.018184 -0.011111
0.011539 -0.018184 -0.013720
0.011915 -0.018184 -0.013280
0.012218 -0.018184 -0.012786
0.012439 -0.018184 -0.012251
0.012575 -0.018184 -0.011688
0.011915 -0.018184 0.004076
0.012218 -0.018184 0.003582
0.012439 -0.018184 0.003047
0.012574 -0.018184 0.002484
0.006974 -0.018184 -0.008414
0.008461 -0.018184 -0.016798
0.006839 -0.018184 -0.008977
0.006618 -0.018184 -0.009512
0.008085 -0.018184 -0.017239
0.006315 -0.018184 -0.010006
0.007782 -0.018184 -0.017732
0.005939 -0.018184 -0.010446
0.007561 -0.018184 -0.018267
0.007425 -0.018184 -0.018830
0.003598 -0.018184 -0.023000
0.007380 -0.018184 -0.019408
0.003806 -0.018184 -0.023358
0.003915 -0.018184 -0.023757
0.003918 -0.018184 -0.024171
0.007380 -0.018184 -0.031539
0.003815 -0.018184 -0.024571
0.006299 -0.018184 -0.034148
0.003815 -0.018184 -0.033279
0.003918 -0.018184 -0.033679
0.003915 -0.018184 -0.034093
0.003806 -0.018184 -0.034492
0.003598 -0.018184 -0.034850
0.002603 -0.018184 -0.037844
0.003305 -0.018184 -0.035143
0.002947 -0.018184 -0.035351
0.002548 -0.018184 -0.035460
0.002134 -0.018184 -0.035463
0.002163 -0.018184 -0.038220
0.001734 -0.018184 -0.035360
0.001669 -0.018184 -0.038523
0.001373 -0.018184 -0.035157
0.001134 -0.018184 -0.038744
0.001076 -0.018184 -0.034869
0.000571 -0.018184 -0.038880
0.000863 -0.018184 -0.034514
-0.000006 -0.018184 -0.038925
0.000014 -0.018184 -0.033753
-0.000699 -0.018184 -0.034079
-0.001452 -0.018184 -0.034299
-0.002228 -0.018184 -0.034411
-0.005234 -0.018184 -0.038925
-0.003012 -0.018184 -0.034411
-0.003788 -0.018184 -0.034299
-0.004541 -0.018184 -0.034079
-0.005254 -0.018184 -0.033753
-0.006103 -0.018184 -0.034514
-0.005365 -0.018184 -0.033709
-0.005484 -0.018184 -0.033692
-0.005603 -0.018184 -0.033704
-0.005716 -0.018184 -0.033744
-0.005988 -0.018184 -0.034116
-0.005816 -0.018184 -0.033809
-0.005897 -0.018184 -0.033897
-0.005956 -0.018184 -0.034001
0.007335 -0.018184 -0.032116
0.007199 -0.018184 -0.032679
0.006978 -0.018184 -0.033214
0.006675 -0.018184 -0.033708
-0.005811 -0.018184 -0.038880
-0.006316 -0.018184 -0.034869
-0.006374 -0.018184 -0.038744
-0.006613 -0.018184 -0.035157
-0.006909 -0.018184 -0.038523
-0.006974 -0.018184 -0.035360
-0.007403 -0.018184 -0.038220
-0.007374 -0.018184 -0.035463
-0.007843 -0.018184 -0.037844
-0.007788 -0.018184 -0.035460
-0.008187 -0.018184 -0.035351
-0.008545 -0.018184 -0.035143
-0.008838 -0.018184 -0.034850
-0.011539 -0.018184 -0.034148
-0.009046 -0.018184 -0.034492
-0.009155 -0.018184 -0.034093
-0.009158 -0.018184 -0.033679
-0.009055 -0.018184 -0.033279
-0.009055 -0.018184 -0.024571
-0.008106 -0.018184 -0.029317
-0.008106 -0.018184 -0.028533
-0.008852 -0.018184 -0.024932
-0.008564 -0.018184 -0.025229
-0.012620 -0.018184 -0.031539
-0.011915 -0.018184 -0.033708
-0.012218 -0.018184 -0.033214
-0.012439 -0.018184 -0.032679
-0.012575 -0.018184 -0.032116
-0.012620 -0.018184 -0.010784
-0.009155 -0.018184 -0.023757
-0.009158 -0.018184 -0.024171
-0.012575 -0.018184 -0.010207
-0.012439 -0.018184 -0.009644
-0.012218 -0.018184 -0.009109
-0.011915 -0.018184 -0.008615
-0.011539 -0.018184 -0.008175
-0.008545 -0.018184 -0.022707
-0.008838 -0.018184 -0.023000
-0.008187 -0.018184 -0.022499
-0.008115 -0.018184 -0.004750
-0.007788 -0.018184 -0.022390
-0.007374 -0.018184 -0.022387
-0.006974 -0.018184 -0.022490
-0.007905 -0.018184 -0.004494
-0.002020 -0.018184 -0.014325
-0.007749 -0.018184 -0.004202
-0.007653 -0.018184 -0.003885
-0.007620 -0.018184 -0.003555
-0.006835 -0.018184 -0.001545
-0.006710 -0.018184 -0.001340
-0.006638 -0.018184 -0.001111
-0.002020 -0.018184 0.006075
-0.006622 -0.018184 -0.000871
-0.006663 -0.018184 -0.000635
-0.007620 -0.018184 -0.002468
-0.007348 -0.018184 -0.001919
-0.007212 -0.018184 -0.001838
-0.007006 -0.018184 -0.001714
-0.007602 -0.018184 -0.002310
-0.007548 -0.018184 -0.002161
-0.007462 -0.018184 -0.002028
-0.006760 -0.018184 -0.000415
-0.007774 -0.018184 -0.027004
-0.007696 -0.018184 -0.025589
-0.007448 -0.018184 -0.026291
-0.007592 -0.018184 -0.025648
-0.007504 -0.018184 -0.025729
-0.007994 -0.018184 -0.027757
-0.008209 -0.018184 -0.025442
-0.007811 -0.018184 -0.025557
-0.007994 -0.018184 -0.030093
-0.008564 -0.018184 -0.032621
-0.008852 -0.018184 -0.032918
-0.008209 -0.018184 -0.032408
-0.007774 -0.018184 -0.030846
-0.007811 -0.018184 -0.032293
-0.007696 -0.018184 -0.032261
-0.007448 -0.018184 -0.031559
-0.007592 -0.018184 -0.032202
-0.007504 -0.018184 -0.032121
-0.007439 -0.018184 -0.032021
-0.007404 -0.018184 -0.031670
-0.007399 -0.018184 -0.031908
-0.007387 -0.018184 -0.031789
0.000125 -0.018184 -0.033709
0.000244 -0.018184 -0.033692
0.000363 -0.018184 -0.033704
0.000476 -0.018184 -0.033744
0.000748 -0.018184 -0.034116
0.000576 -0.018184 -0.033809
0.000657 -0.018184 -0.033897
0.000716 -0.018184 -0.034001
0.003612 -0.018184 -0.032918
0.002866 -0.018184 -0.029317
0.002866 -0.018184 -0.028533
0.003612 -0.018184 -0.024932
0.003324 -0.018184 -0.025229
0.002754 -0.018184 -0.027757
0.002969 -0.018184 -0.025442
0.002534 -0.018184 -0.027004
0.002571 -0.018184 -0.025557
0.002456 -0.018184 -0.025589
0.002208 -0.018184 -0.026291
0.002352 -0.018184 -0.025647
0.002264 -0.018184 -0.025729
0.002199 -0.018184 -0.025829
0.002164 -0.018184 -0.026179
0.002159 -0.018184 -0.025942
0.002147 -0.018184 -0.026061
0.003324 -0.018184 -0.032621
0.002754 -0.018184 -0.030093
0.002969 -0.018184 -0.032408
0.002534 -0.018184 -0.030846
0.002571 -0.018184 -0.032293
0.002456 -0.018184 -0.032261
0.002208 -0.018184 -0.031559
0.002352 -0.018184 -0.032202
0.002264 -0.018184 -0.032121
0.002199 -0.018184 -0.032021
0.002164 -0.018184 -0.031670
0.002159 -0.018184 -0.031908
0.002147 -0.018184 -0.031789
0.003305 -0.018184 -0.022707
0.000865 -0.018184 -0.015520
0.002947 -0.018184 -0.022499
0.002548 -0.018184 -0.022390
0.002134 -0.018184 -0.022387
0.001734 -0.018184 -0.022490
0.001373 -0.018184 -0.022693
0.000553 -0.018184 -0.015766
0.001076 -0.018184 -0.022981
0.000192 -0.018184 -0.015933
-0.000197 -0.018184 -0.016010
0.000863 -0.018184 -0.023336
0.000014 -0.018184 -0.024097
0.000125 -0.018184 -0.024141
0.000244 -0.018184 -0.024158
0.000363 -0.018184 -0.024146
0.000476 -0.018184 -0.024106
0.000748 -0.018184 -0.023734
0.000576 -0.018184 -0.024041
0.000657 -0.018184 -0.023953
0.000716 -0.018184 -0.023849
-0.000699 -0.018184 -0.023771
-0.000594 -0.018184 -0.015995
-0.001452 -0.018184 -0.023551
-0.000977 -0.018184 -0.015887
-0.001323 -0.018184 -0.015693
-0.002228 -0.018184 -0.023439
-0.001615 -0.018184 -0.015423
-0.003012 -0.018184 -0.023439
-0.001836 -0.018184 -0.015093
-0.001973 -0.018184 -0.014720
-0.003788 -0.018184 -0.023551
-0.004541 -0.018184 -0.023771
-0.005254 -0.018184 -0.024097
-0.006103 -0.018184 -0.023336
-0.006316 -0.018184 -0.022981
-0.006613 -0.018184 -0.022693
-0.005365 -0.018184 -0.024141
-0.005484 -0.018184 -0.024158
-0.005603 -0.018184 -0.024146
-0.005716 -0.018184 -0.024106
-0.005988 -0.018184 -0.023734
-0.005816 -0.018184 -0.024041
-0.005897 -0.018184 -0.023953
-0.005956 -0.018184 -0.023849
-0.009046 -0.018184 -0.023358
-0.007439 -0.018184 -0.025829
-0.007404 -0.018184 -0.026180
-0.007399 -0.018184 -0.025942
-0.007387 -0.018184 -0.026061
-0.007094 -0.019264 -0.000075
-0.007212 -0.018925 -0.000018
-0.007094 -0.018844 -0.000075
-0.007183 -0.018739 -0.000018
-0.007154 -0.018554 -0.000018
-0.007215 -0.018539 0.000025
-0.007186 -0.018450 0.000025
-0.007209 -0.018441 0.000042
-0.007172 -0.018355 0.000042
-0.007231 -0.018430 0.000055
-0.007187 -0.018348 0.000055
-0.007202 -0.018339 0.000065
-0.007176 -0.018300 0.000065
-0.007187 -0.018292 0.000072
-0.007158 -0.018255 0.000072
-0.007165 -0.018249 0.000075
-0.007149 -0.018232 0.000075
-0.007152 -0.018230 0.000075
-0.007135 -0.018213 0.000075
-0.007136 -0.018212 0.000074
-0.007119 -0.018196 0.000074
-0.007121 -0.018194 0.000070
-0.007102 -0.018180 0.000073
-0.007102 -0.018179 0.000065
-0.007122 -0.018191 0.000062
-0.007124 -0.018189 0.000051
-0.007142 -0.018203 0.000062
-0.007145 -0.018199 0.000051
-0.007162 -0.018216 0.000062
-0.007166 -0.018210 0.000051
-0.007182 -0.018228 0.000062
-0.007187 -0.018220 0.000051
-0.007222 -0.018252 0.000062
-0.007229 -0.018241 0.000051
-0.007262 -0.018277 0.000062
-0.007271 -0.018262 0.000051
-0.007342 -0.018326 0.000062
-0.007355 -0.018304 0.000051
-0.007422 -0.018375 0.000062
-0.007438 -0.018346 0.000051
-0.007582 -0.018473 0.000062
-0.007606 -0.018429 0.000051
-0.007742 -0.018571 0.000062
-0.007774 -0.018513 0.000051
-0.008062 -0.018767 0.000062
-0.008109 -0.018681 0.000051
-0.008464 -0.018809 0.000047
-0.008149 -0.018592 0.000037
-0.008571 -0.018488 -0.000002
-0.008204 -0.018410 -0.000002
-0.008604 -0.018174 -0.000075
-0.008184 -0.018174 -0.000075
-0.007270 -0.019295 -0.000018
-0.007094 -0.019684 -0.000075
-0.007329 -0.019665 -0.000018
-0.007452 -0.019251 0.000025
-0.007570 -0.019607 0.000025
-0.007542 -0.019217 0.000042
-0.007807 -0.019504 0.000055
-0.007630 -0.019174 0.000055
-0.007715 -0.019123 0.000065
-0.007510 -0.018810 0.000065
-0.007564 -0.018771 0.000072
-0.007448 -0.018623 0.000072
-0.007487 -0.018590 0.000075
-0.007358 -0.018454 0.000075
-0.007370 -0.018442 0.000075
-0.007303 -0.018377 0.000075
-0.007312 -0.018367 0.000074
-0.007242 -0.018305 0.000074
-0.007253 -0.018291 0.000070
-0.007215 -0.018263 0.000070
-0.008029 -0.019360 0.000072
-0.007797 -0.019065 0.000072
-0.007615 -0.018727 0.000075
-0.007505 -0.018573 0.000075
-0.007382 -0.018429 0.000074
-0.007328 -0.018347 0.000070
-0.008280 -0.019108 0.000072
-0.007908 -0.018964 0.000075
-0.007873 -0.019000 0.000075
-0.008006 -0.018850 0.000070
-0.007943 -0.018928 0.000074
-0.007662 -0.018678 0.000074
-0.007639 -0.018703 0.000075
-0.007522 -0.018554 0.000074
-0.007837 -0.018332 -0.000002
-0.007764 -0.018174 -0.000075
-0.007654 -0.018293 -0.000002
-0.007434 -0.018174 -0.000075
-0.007470 -0.018254 -0.000002
-0.007379 -0.018234 -0.000002
-0.007365 -0.018281 0.000037
-0.007278 -0.018246 0.000037
-0.007269 -0.018174 -0.000075
-0.007287 -0.018215 -0.000002
-0.007234 -0.018229 0.000037
-0.007104 -0.018174 -0.000075
-0.007195 -0.018195 -0.000002
-0.007241 -0.018205 -0.000002
-0.007103 -0.018177 0.000037
-0.007127 -0.018181 -0.000002
-0.007150 -0.018186 -0.000002
-0.007172 -0.018190 -0.000002
-0.007147 -0.018195 0.000037
-0.007169 -0.018203 0.000037
-0.007125 -0.018186 0.000037
-0.007101 -0.018180 0.000074
-0.007101 -0.018181 0.000075
-0.007118 -0.018197 0.000075
-0.007101 -0.018181 0.000075
-0.007101 -0.018181 0.000075
-0.007101 -0.018181 0.000075
-0.007101 -0.018181 0.000075
-0.007101 -0.018181 0.000075
-0.007101 -0.018181 0.000075
-0.007101 -0.018181 0.000075
-0.007117 -0.018198 0.000075
-0.007101 -0.018181 0.000075
-0.007101 -0.018181 0.000075
-0.007101 -0.018181 0.000075
-0.007101 -0.018181 0.000075
-0.007101 -0.018181 0.000075
-0.007101 -0.018181 0.000074
-0.007115 -0.018200 0.000072
-0.007129 -0.018218 0.000072
-0.007125 -0.018221 0.000065
-0.007138 -0.018241 0.000065
-0.007132 -0.018245 0.000055
-0.007143 -0.018265 0.000055
-0.007126 -0.018248 0.000042
-0.007135 -0.018269 0.000042
-0.007127 -0.018272 0.000025
-0.007141 -0.018317 0.000025
-0.007117 -0.018323 -0.000018
-0.007125 -0.018369 -0.000018
-0.007094 -0.018349 -0.000075
-0.007094 -0.018514 -0.000075
-0.007100 -0.018182 0.000073
-0.007099 -0.018182 0.000065
-0.007112 -0.018202 0.000065
-0.007110 -0.018203 0.000055
-0.007121 -0.018224 0.000055
-0.007107 -0.018204 0.000042
-0.007116 -0.018226 0.000042
-0.007112 -0.018228 0.000025
-0.007119 -0.018250 0.000025
-0.007106 -0.018253 -0.000018
-0.007110 -0.018276 -0.000018
-0.007098 -0.018183 0.000037
-0.007099 -0.018207 -0.000018
-0.007104 -0.018205 0.000025
-0.007103 -0.018230 -0.000018
-0.007139 -0.018461 -0.000018
-0.007156 -0.018361 0.000025
-0.007153 -0.018312 0.000042
-0.007165 -0.018307 0.000055
-0.007151 -0.018261 0.000065
-0.007144 -0.018237 0.000072
-0.007133 -0.018215 0.000075
-0.007334 -0.018895 0.000025
-0.007394 -0.018872 0.000042
-0.007274 -0.018717 0.000025
-0.007320 -0.018700 0.000042
-0.007453 -0.018844 0.000055
-0.007246 -0.018527 0.000042
-0.007276 -0.018513 0.000055
-0.007253 -0.018417 0.000065
-0.007216 -0.018329 0.000072
-0.007197 -0.018283 0.000075
-0.007168 -0.018246 0.000075
-0.007154 -0.018227 0.000074
-0.007140 -0.018208 0.000070
-0.007364 -0.018678 0.000055
-0.007407 -0.018653 0.000065
-0.007305 -0.018496 0.000065
-0.007332 -0.018476 0.000072
-0.007274 -0.018403 0.000072
-0.007229 -0.018317 0.000075
-0.007202 -0.018279 0.000075
-0.007171 -0.018243 0.000074
-0.007158 -0.018222 0.000070
-0.007294 -0.018386 0.000075
-0.007236 -0.018311 0.000075
-0.007207 -0.018274 0.000074
-0.007177 -0.018236 0.000070
-0.007403 -0.018403 0.000070
-0.007554 -0.018515 0.000070
-0.007704 -0.018626 0.000070
-0.007801 -0.018454 0.000037
-0.007626 -0.018385 0.000037
-0.007452 -0.018316 0.000037
-0.007190 -0.018212 0.000037
-0.007094 -0.019684 0.023149
-0.007485 -0.019632 0.008017
-0.007849 -0.019481 0.008017
-0.008162 -0.019242 0.008017
-0.008402 -0.018929 0.008017
-0.008552 -0.018565 0.008017
-0.008552 -0.018565 0.016109
-0.008574 -0.018468 0.024070
-0.008486 -0.018750 0.023938
-0.008402 -0.018929 0.016109
-0.008347 -0.019012 0.023807
-0.008162 -0.019242 0.016109
-0.008161 -0.019241 0.023675
-0.007934 -0.019429 0.023543
-0.007849 -0.019481 0.016109
-0.007672 -0.019568 0.023412
-0.007485 -0.019632 0.016109
-0.007389 -0.019654 0.023280
-0.008604 -0.018174 0.024201
-0.007094 -0.018844 0.023149
0.011539 -0.019684 0.004516
-0.006906 -0.019684 -0.000225
-0.006760 -0.019684 -0.000415
-0.006663 -0.019684 -0.000635
-0.006622 -0.019684 -0.000871
-0.006638 -0.019684 -0.001111
-0.006710 -0.019684 -0.001340
-0.006835 -0.019684 -0.001545
-0.007006 -0.019684 -0.001714
-0.007212 -0.019684 -0.001838
-0.008604 -0.013946 0.003565
-0.008604 -0.014105 0.003179
-0.008604 -0.014160 0.002765
-0.008604 -0.004531 0.037844
-0.008604 -0.012864 0.023717
-0.008604 -0.013244 0.023593
-0.008604 -0.013582 0.023378
-0.008604 -0.004090 0.038220
-0.008604 -0.001545 0.035649
-0.008604 -0.001600 0.035235
-0.008604 -0.001545 0.034821
-0.008604 -0.003597 0.038523
-0.008604 -0.001386 0.036035
-0.008604 -0.003062 0.038744
-0.008604 -0.002499 0.038880
-0.008604 -0.001131 0.036366
-0.008604 -0.001922 0.038925
-0.008604 -0.000800 0.036621
-0.008604 -0.000414 0.036780
-0.008604 0.000000 0.036835
-0.008604 0.001922 0.038925
-0.008604 0.000414 0.036780
-0.008604 0.000800 0.036621
-0.008604 0.001131 0.036366
-0.008604 0.002499 0.038880
-0.008604 0.001386 0.036035
-0.008604 0.003062 0.038744
-0.008604 0.003597 0.038523
-0.008604 0.001546 0.035649
-0.008604 0.004091 0.038220
-0.008604 0.004531 0.037844
-0.008604 0.018174 0.024201
-0.008604 0.012864 0.023717
-0.008604 0.012464 0.023744
-0.008604 0.008589 0.024162
-0.008604 0.012071 0.023670
-0.008604 0.009013 0.023986
-0.008604 0.011708 0.023501
-0.008604 0.009389 0.023722
-0.008604 0.011398 0.023247
-0.008604 0.009698 0.023382
-0.008604 0.011162 0.022924
-0.008604 0.009926 0.022984
-0.008604 0.011061 0.022787
-0.008604 0.010930 0.022678
-0.008604 0.018174 -0.000075
-0.008604 0.013946 0.003565
-0.008604 0.011600 0.010147
-0.008604 0.011563 0.010431
-0.008604 0.018016 -0.000195
-0.008604 0.014160 0.002765
-0.008604 0.014106 0.003179
-0.008604 0.017886 -0.000345
-0.008604 0.016084 -0.000925
-0.008604 0.014106 0.002351
-0.008604 0.017157 -0.000925
-0.008604 0.017787 -0.000517
-0.008604 0.017315 -0.000907
-0.008604 0.017464 -0.000853
-0.008604 0.017597 -0.000767
-0.008604 0.017706 -0.000653
-0.008604 0.015918 -0.000947
-0.008604 0.013946 0.001965
-0.008604 0.015764 -0.001011
-0.008604 0.013691 0.001634
-0.008604 0.015631 -0.001112
-0.008604 0.013360 0.001379
-0.008604 0.012974 0.001220
-0.008604 0.011409 -0.002735
-0.008604 0.012560 0.001165
-0.008604 0.011228 -0.002529
-0.008604 0.012146 0.001220
-0.008604 0.011001 -0.002374
-0.008604 0.011760 0.001379
-0.008604 0.010743 -0.002281
-0.008604 0.010470 -0.002254
-0.008604 0.011534 -0.002979
-0.008604 0.012672 -0.004071
-0.008604 0.011595 -0.003247
-0.008604 0.011587 -0.003521
-0.008604 0.012546 -0.004169
-0.008604 0.012399 -0.004233
-0.008604 0.012241 -0.004258
-0.008604 0.012081 -0.004244
-0.008604 0.011930 -0.004190
-0.008604 0.011798 -0.004100
-0.008604 0.011691 -0.003980
-0.008604 0.011618 -0.003837
-0.008604 0.011583 -0.003681
-0.008604 0.011429 0.001634
-0.008604 0.010198 -0.002296
-0.008604 0.011174 0.001965
-0.008604 0.009946 -0.002403
-0.008604 0.011015 0.002351
-0.008604 0.009728 -0.002570
-0.008604 0.007390 -0.003713
-0.008604 0.009558 -0.002786
-0.008604 0.009447 -0.003037
-0.008604 0.009401 -0.003307
-0.008604 0.008030 -0.004353
-0.008604 0.007864 -0.004332
-0.008604 0.008798 -0.004353
-0.008604 0.009424 -0.003581
-0.008604 0.008959 -0.004333
-0.008604 0.009109 -0.004273
-0.008604 0.009240 -0.004176
-0.008604 0.009342 -0.004050
-0.008604 0.009409 -0.003903
-0.008604 0.009437 -0.003743
-0.008604 0.007710 -0.004268
-0.008604 0.007577 -0.004166
-0.008604 0.007476 -0.004033
-0.008604 0.007412 -0.003879
-0.008604 0.007390 0.011647
-0.008604 0.009547 0.009597
-0.008604 0.010960 0.002765
-0.008604 0.007342 0.012070
-0.008604 0.009722 0.010924
-0.008604 0.009547 0.010697
-0.008604 0.009438 0.010431
-0.008604 0.009950 0.011099
-0.008604 0.007202 0.012472
-0.008604 0.010215 0.011209
-0.008604 0.006976 0.012832
-0.008604 0.008589 0.020131
-0.008604 0.006675 0.013133
-0.008604 0.008137 0.020051
-0.008604 0.006314 0.013359
-0.008604 0.007679 0.020071
-0.008604 0.005913 0.013500
-0.008604 0.007236 0.020191
-0.008604 0.003931 0.018897
-0.008604 0.004363 0.019506
-0.008604 0.005490 0.013547
-0.008604 0.003414 0.018357
-0.008604 0.002823 0.017899
-0.008604 0.002172 0.017532
-0.008604 0.001475 0.017264
-0.008604 0.000745 0.017101
-0.008604 0.000000 0.017047
-0.008604 -0.005490 0.013547
-0.008604 -0.000745 0.017101
-0.008604 -0.001475 0.017264
-0.008604 -0.002172 0.017532
-0.008604 -0.002823 0.017899
-0.008604 -0.003413 0.018357
-0.008604 -0.003931 0.018897
-0.008604 -0.005913 0.013500
-0.008604 -0.007236 0.020191
-0.008604 -0.007679 0.020071
-0.008604 -0.006314 0.013359
-0.008604 -0.008137 0.020051
-0.008604 -0.006675 0.013133
-0.008604 -0.008589 0.020131
-0.008604 -0.006975 0.012832
-0.008604 -0.010215 0.011209
-0.008604 -0.007202 0.012472
-0.008604 -0.009950 0.011099
-0.008604 -0.007342 0.012070
-0.008604 -0.009722 0.010924
-0.008604 -0.007390 0.011647
-0.008604 -0.009547 0.010697
-0.008604 -0.009437 0.010431
-0.008604 -0.009400 0.010147
-0.008604 -0.009437 0.009862
-0.008604 -0.009547 0.009597
-0.008604 -0.007390 -0.003713
-0.008604 -0.010960 0.002765
-0.008604 -0.011014 0.002351
-0.008604 -0.009728 -0.002570
-0.008604 -0.009946 -0.002403
-0.008604 -0.007412 -0.003879
-0.008604 -0.007476 -0.004033
-0.008604 -0.007577 -0.004166
-0.008604 -0.007710 -0.004268
-0.008604 -0.007864 -0.004332
-0.008604 -0.008030 -0.004353
-0.008604 -0.009401 -0.003307
-0.008604 -0.008798 -0.004353
-0.008604 -0.009424 -0.003581
-0.008604 -0.008959 -0.004333
-0.008604 -0.009109 -0.004273
-0.008604 -0.009240 -0.004176
-0.008604 -0.009342 -0.004050
-0.008604 -0.009409 -0.003903
-0.008604 -0.009437 -0.003743
-0.008604 -0.009447 -0.003037
-0.008604 -0.009558 -0.002786
-0.008604 -0.011174 0.001965
-0.008604 -0.010198 -0.002296
-0.008604 -0.011429 0.001634
-0.008604 -0.010470 -0.002254
-0.008604 -0.011760 0.001379
-0.008604 -0.010743 -0.002281
-0.008604 -0.011001 -0.002374
-0.008604 -0.012146 0.001220
-0.008604 -0.011228 -0.002529
-0.008604 -0.012560 0.001165
-0.008604 -0.011409 -0.002735
-0.008604 -0.012974 0.001220
-0.008604 -0.015631 -0.001112
-0.008604 -0.013360 0.001379
-0.008604 -0.013691 0.001634
-0.008604 -0.015764 -0.001011
-0.008604 -0.013946 0.001965
-0.008604 -0.015918 -0.000947
-0.008604 -0.014105 0.002351
-0.008604 -0.016084 -0.000925
-0.008604 -0.018016 -0.000195
-0.008604 -0.017886 -0.000345
-0.008604 -0.017157 -0.000925
-0.008604 -0.017787 -0.000517
-0.008604 -0.017315 -0.000907
-0.008604 -0.017464 -0.000853
-0.008604 -0.011534 -0.002979
-0.008604 -0.012672 -0.004071
-0.008604 -0.011595 -0.003247
-0.008604 -0.011587 -0.003521
-0.008604 -0.011583 -0.003681
-0.008604 -0.011618 -0.003837
-0.008604 -0.011691 -0.003980
-0.008604 -0.011798 -0.004100
-0.008604 -0.011930 -0.004190
-0.008604 -0.012081 -0.004244
-0.008604 -0.012241 -0.004258
-0.008604 -0.012399 -0.004233
-0.008604 -0.012546 -0.004169
-0.008604 -0.017597 -0.000767
-0.008604 -0.017706 -0.000653
-0.008604 -0.010012 0.021455
-0.008604 -0.009926 0.021309
-0.008604 -0.011162 0.021369
-0.008604 -0.009698 0.020911
-0.008604 -0.011398 0.021046
-0.008604 -0.009389 0.020571
-0.008604 -0.011708 0.020792
-0.008604 -0.009013 0.020307
-0.008604 -0.012071 0.020623
-0.008604 -0.010500 0.011247
-0.008604 -0.010785 0.011209
-0.008604 -0.004363 0.019506
-0.008604 -0.006829 0.020403
-0.008604 -0.004702 0.020172
-0.008604 -0.006478 0.020699
-0.008604 -0.006200 0.021065
-0.008604 -0.006088 0.021205
-0.008604 -0.005944 0.021312
-0.008604 -0.005777 0.021378
-0.008604 -0.005599 0.021399
-0.008604 -0.005421 0.021373
-0.008604 -0.005256 0.021302
-0.008604 -0.005115 0.021191
-0.008604 -0.005007 0.021047
-0.008604 -0.004940 0.020880
-0.008604 0.006829 0.020403
-0.008604 0.004702 0.020172
-0.008604 0.006478 0.020699
-0.008604 0.006200 0.021065
-0.008604 0.004940 0.020880
-0.008604 0.006088 0.021205
-0.008604 0.005944 0.021312
-0.008604 0.005777 0.021378
-0.008604 0.005599 0.021399
-0.008604 0.005421 0.021373
-0.008604 0.005256 0.021302
-0.008604 0.005115 0.021191
-0.008604 0.005007 0.021047
-0.008604 0.010500 0.011247
-0.008604 0.009013 0.020307
-0.008604 0.012071 0.020623
-0.008604 0.011708 0.020792
-0.008604 0.009389 0.020571
-0.008604 0.011398 0.021046
-0.008604 0.009698 0.020911
-0.008604 0.011162 0.021369
-0.008604 0.009926 0.021309
-0.008604 0.011061 0.021506
-0.008604 0.010930 0.021615
-0.008604 0.010777 0.021688
-0.008604 0.010610 0.021722
-0.008604 0.010440 0.021714
-0.008604 0.010278 0.021664
-0.008604 0.010132 0.021576
-0.008604 0.010012 0.021455
-0.008604 0.010785 0.011209
-0.008604 0.012464 0.020549
-0.008604 0.011050 0.011099
-0.008604 0.012864 0.020576
-0.008604 0.011278 0.010924
-0.008604 0.013244 0.020700
-0.008604 0.011453 0.010697
-0.008604 0.013582 0.020915
-0.008604 0.013856 0.021208
-0.008604 0.014048 0.021559
-0.008604 0.014147 0.021946
-0.008604 0.014147 0.022347
-0.008604 0.014048 0.022735
-0.008604 0.013856 0.023086
-0.008604 0.013582 0.023378
-0.008604 0.013244 0.023593
-0.008604 0.010777 0.022605
-0.008604 0.010610 0.022571
-0.008604 0.010440 0.022579
-0.008604 0.010278 0.022629
-0.008604 0.010132 0.022717
-0.008604 0.010012 0.022838
-0.008604 0.008137 0.024242
-0.008604 0.002089 0.030358
-0.008604 0.001989 0.030821
-0.008604 0.007679 0.024222
-0.008604 0.002084 0.029885
-0.008604 0.003606 0.025753
-0.008604 0.003094 0.026201
-0.008604 0.004055 0.025240
-0.008604 0.007236 0.024103
-0.008604 0.004431 0.024672
-0.008604 0.006829 0.023890
-0.008604 0.004728 0.024060
-0.008604 0.006478 0.023594
-0.008604 0.006200 0.023228
-0.008604 0.004940 0.023413
-0.008604 0.006088 0.023088
-0.008604 0.005944 0.022981
-0.008604 0.005777 0.022915
-0.008604 0.005599 0.022894
-0.008604 0.005421 0.022920
-0.008604 0.005256 0.022991
-0.008604 0.005115 0.023102
-0.008604 0.005007 0.023246
-0.008604 0.001972 0.029424
-0.008604 0.002526 0.026577
-0.008604 0.001760 0.029000
-0.008604 0.001913 0.026874
-0.008604 0.001458 0.028635
-0.008604 0.001266 0.027087
-0.008604 0.001082 0.028347
-0.008604 0.001099 0.027154
-0.008604 0.000956 0.027261
-0.008604 0.000941 0.028235
-0.008604 0.000844 0.027402
-0.008604 0.000834 0.028091
-0.008604 0.000773 0.027567
-0.008604 0.000768 0.027924
-0.008604 0.000747 0.027745
-0.008604 0.001787 0.031250
-0.008604 0.001546 0.034821
-0.008604 0.001600 0.035235
-0.008604 0.001386 0.034435
-0.008604 0.001494 0.031623
-0.008604 0.001131 0.034104
-0.008604 0.001125 0.031920
-0.008604 0.000800 0.033849
-0.008604 0.000699 0.032127
-0.008604 0.000414 0.033690
-0.008604 0.000237 0.032233
-0.008604 0.000000 0.033635
-0.008604 -0.000237 0.032233
-0.008604 -0.000414 0.033690
-0.008604 -0.000699 0.032127
-0.008604 -0.000800 0.033849
-0.008604 -0.001125 0.031920
-0.008604 -0.001131 0.034104
-0.008604 -0.001494 0.031623
-0.008604 -0.001386 0.034435
-0.008604 -0.001787 0.031250
-0.008604 -0.001989 0.030821
-0.008604 -0.002089 0.030358
-0.008604 -0.008137 0.024242
-0.008604 -0.007679 0.024222
-0.008604 -0.002084 0.029885
-0.008604 -0.003606 0.025753
-0.008604 -0.003094 0.026201
-0.008604 -0.001972 0.029424
-0.008604 -0.002526 0.026577
-0.008604 -0.001760 0.029000
-0.008604 -0.001913 0.026874
-0.008604 -0.001458 0.028635
-0.008604 -0.001266 0.027087
-0.008604 -0.001082 0.028347
-0.008604 -0.001099 0.027154
-0.008604 -0.000956 0.027261
-0.008604 -0.000941 0.028235
-0.008604 -0.000844 0.027402
-0.008604 -0.000834 0.028091
-0.008604 -0.000773 0.027567
-0.008604 -0.000768 0.027924
-0.008604 -0.000747 0.027745
-0.008604 -0.004055 0.025240
-0.008604 -0.007236 0.024103
-0.008604 -0.004431 0.024672
-0.008604 -0.006829 0.023890
-0.008604 -0.004728 0.024060
-0.008604 -0.006478 0.023594
-0.008604 -0.006200 0.023228
-0.008604 -0.004940 0.023413
-0.008604 -0.005007 0.023246
-0.008604 -0.005115 0.023102
-0.008604 -0.005256 0.022991
-0.008604 -0.005421 0.022920
-0.008604 -0.005599 0.022894
-0.008604 -0.005777 0.022915
-0.008604 -0.005944 0.022981
-0.008604 -0.006088 0.023088
-0.008604 -0.008589 0.024162
-0.008604 -0.012464 0.023744
-0.008604 -0.012071 0.023670
-0.008604 -0.009013 0.023986
-0.008604 -0.011708 0.023501
-0.008604 -0.009389 0.023722
-0.008604 -0.011398 0.023247
-0.008604 -0.009698 0.023382
-0.008604 -0.011162 0.022924
-0.008604 -0.009926 0.022984
-0.008604 -0.010012 0.022838
-0.008604 -0.010132 0.022717
-0.008604 -0.010278 0.022629
-0.008604 -0.010440 0.022579
-0.008604 -0.010610 0.022571
-0.008604 -0.010777 0.022605
-0.008604 -0.010930 0.022678
-0.008604 -0.011061 0.022787
-0.008604 -0.013855 0.023086
-0.008604 -0.014048 0.022735
-0.008604 -0.014147 0.022347
-0.008604 -0.014147 0.021946
-0.008604 -0.014048 0.021559
-0.008604 -0.013855 0.021208
-0.008604 -0.011562 0.010431
-0.008604 -0.013582 0.020915
-0.008604 -0.011453 0.010697
-0.008604 -0.013244 0.020700
-0.008604 -0.011278 0.010924
-0.008604 -0.012864 0.020576
-0.008604 -0.011050 0.011099
-0.008604 -0.012464 0.020549
-0.008604 -0.011061 0.021506
-0.008604 -0.010930 0.021615
-0.008604 -0.010777 0.021688
-0.008604 -0.010610 0.021722
-0.008604 -0.010440 0.021714
-0.008604 -0.010278 0.021664
-0.008604 -0.010132 0.021576
-0.008604 -0.011600 0.010147
-0.008604 -0.013691 0.003896
-0.008604 -0.011562 0.009862
-0.008604 -0.013360 0.004151
-0.008604 -0.011453 0.009597
-0.008604 -0.012974 0.004310
-0.008604 -0.011278 0.009369
-0.008604 -0.012560 0.004365
-0.008604 -0.011050 0.009194
-0.008604 -0.012146 0.004310
-0.008604 -0.010785 0.009084
-0.008604 -0.011760 0.004151
-0.008604 -0.010500 0.009047
-0.008604 -0.011429 0.003896
-0.008604 -0.010215 0.009084
-0.008604 -0.011174 0.003565
-0.008604 -0.009950 0.009194
-0.008604 -0.009722 0.009369
-0.008604 -0.011014 0.003179
-0.008604 0.012146 0.004310
-0.008604 0.011050 0.009194
-0.008604 0.012560 0.004365
-0.008604 0.011278 0.009369
-0.008604 0.012974 0.004310
-0.008604 0.011453 0.009597
-0.008604 0.013360 0.004151
-0.008604 0.011563 0.009862
-0.008604 0.013691 0.003896
-0.008604 0.010785 0.009084
-0.008604 0.011760 0.004151
-0.008604 0.010500 0.009047
-0.008604 0.011429 0.003896
-0.008604 0.010215 0.009084
-0.008604 0.011174 0.003565
-0.008604 0.009950 0.009194
-0.008604 0.009722 0.009369
-0.008604 0.011015 0.003179
-0.008604 0.009400 0.010147
-0.008604 0.009438 0.009862
-0.007104 -0.018174 0.024201
-0.007104 -0.004531 0.037844
-0.007764 -0.018174 0.024201
-0.007097 -0.018183 0.011558
-0.007097 -0.018183 0.011614
-0.007097 -0.018183 0.011670
-0.007099 -0.018182 0.011670
-0.007099 -0.018182 0.011726
-0.007101 -0.018181 0.011726
-0.007101 -0.018181 0.011782
-0.007103 -0.018179 0.011782
-0.007103 -0.018179 0.011839
-0.007104 -0.018176 0.011839
-0.007104 -0.018176 0.011895
-0.007104 -0.018176 0.011951
-0.007104 -0.018176 0.012007
-0.007103 -0.018179 0.011951
-0.007103 -0.018179 0.012007
-0.007101 -0.018181 0.011951
-0.007101 -0.018181 0.012007
-0.007099 -0.018182 0.011951
-0.007099 -0.018182 0.012007
-0.007097 -0.018183 0.011951
-0.007097 -0.018183 0.012007
-0.007097 -0.018183 0.012063
-0.007097 -0.018183 0.012119
-0.007099 -0.018182 0.012119
-0.007099 -0.018182 0.012176
-0.007101 -0.018181 0.012176
-0.007101 -0.018181 0.012232
-0.007103 -0.018179 0.012232
-0.007103 -0.018179 0.012288
-0.007104 -0.018176 0.012288
-0.007104 -0.018176 0.012344
-0.007104 -0.018176 0.012400
-0.007104 -0.018176 0.012457
-0.007103 -0.018179 0.012400
-0.007103 -0.018179 0.012457
-0.007101 -0.018181 0.012400
-0.007101 -0.018181 0.012457
-0.007099 -0.018182 0.012400
-0.007099 -0.018182 0.012457
-0.007097 -0.018183 0.012400
-0.007097 -0.018183 0.012457
-0.007097 -0.018183 0.012513
-0.007097 -0.018183 0.012569
-0.007099 -0.018182 0.012569
-0.007099 -0.018182 0.012625
-0.007101 -0.018181 0.012625
-0.007101 -0.018181 0.012681
-0.007103 -0.018179 0.012681
-0.007103 -0.018179 0.012738
-0.007104 -0.018176 0.012738
-0.007104 -0.018176 0.012794
-0.007104 -0.018176 0.012850
-0.007104 -0.018176 0.012906
-0.007103 -0.018179 0.012850
-0.007103 -0.018179 0.012906
-0.007101 -0.018181 0.012850
-0.007101 -0.018181 0.012906
-0.007099 -0.018182 0.012850
-0.007099 -0.018182 0.012906
-0.007097 -0.018183 0.012850
-0.007097 -0.018183 0.012906
-0.007097 -0.018183 0.012962
-0.007097 -0.018183 0.013019
-0.007099 -0.018182 0.013019
-0.007099 -0.018182 0.013075
-0.007101 -0.018181 0.013075
-0.007101 -0.018181 0.013131
-0.007103 -0.018179 0.013131
-0.007103 -0.018179 0.013187
-0.007104 -0.018176 0.013187
-0.007104 -0.018176 0.013243
-0.007104 -0.018176 0.013300
-0.007104 -0.018176 0.013356
-0.007103 -0.018179 0.013300
-0.007103 -0.018179 0.013356
-0.007101 -0.018181 0.013300
-0.007101 -0.018181 0.013356
-0.007099 -0.018182 0.013300
-0.007099 -0.018182 0.013356
-0.007097 -0.018183 0.013300
-0.007097 -0.018183 0.013356
-0.007097 -0.018183 0.013412
-0.007097 -0.018183 0.013468
-0.007099 -0.018182 0.013468
-0.007099 -0.018182 0.013524
-0.007101 -0.018181 0.013524
-0.007101 -0.018181 0.013581
-0.007103 -0.018179 0.013581
-0.007103 -0.018179 0.013637
-0.007104 -0.018176 0.013637
-0.007104 -0.018176 0.013693
-0.007104 -0.018176 0.013749
-0.007104 -0.018176 0.013805
-0.007103 -0.018179 0.013749
-0.007103 -0.018179 0.013805
-0.007101 -0.018181 0.013749
-0.007101 -0.018181 0.013805
-0.007099 -0.018182 0.013749
-0.007099 -0.018182 0.013805
-0.007097 -0.018183 0.013749
-0.007097 -0.018183 0.013805
-0.007097 -0.018183 0.013861
-0.007097 -0.018183 0.013918
-0.007099 -0.018182 0.013918
-0.007099 -0.018182 0.013974
-0.007101 -0.018181 0.013974
-0.007101 -0.018181 0.014030
-0.007103 -0.018179 0.014030
-0.007103 -0.018179 0.014086
-0.007104 -0.018176 0.014086
-0.007104 -0.018176 0.014142
-0.007104 -0.018176 0.014199
-0.007104 -0.018176 0.014255
-0.007103 -0.018179 0.014199
-0.007103 -0.018179 0.014255
-0.007101 -0.018181 0.014199
-0.007101 -0.018181 0.014255
-0.007099 -0.018182 0.014199
-0.007099 -0.018182 0.014255
-0.007097 -0.018183 0.014199
-0.007097 -0.018183 0.014255
-0.007097 -0.018183 0.014311
-0.007097 -0.018183 0.014367
-0.007099 -0.018182 0.014367
-0.007099 -0.018182 0.014423
-0.007101 -0.018181 0.014423
-0.007101 -0.018181 0.014480
-0.007103 -0.018179 0.014480
-0.007103 -0.018179 0.014536
-0.007104 -0.018176 0.014536
-0.007104 -0.018176 0.014592
-0.007104 -0.018176 0.014648
-0.007104 -0.018176 0.014704
-0.007103 -0.018179 0.014648
-0.007103 -0.018179 0.014704
-0.007101 -0.018181 0.014648
-0.007101 -0.018181 0.014704
-0.007099 -0.018182 0.014648
-0.007099 -0.018182 0.014704
-0.007097 -0.018183 0.014648
-0.007097 -0.018183 0.014704
-0.007097 -0.018183 0.014761
-0.007097 -0.018183 0.014817
-0.007099 -0.018182 0.014817
-0.007099 -0.018182 0.014873
-0.007101 -0.018181 0.014873
-0.007101 -0.018181 0.014929
-0.007103 -0.018179 0.014929
-0.007103 -0.018179 0.014985
-0.007104 -0.018176 0.014985
-0.007104 -0.018176 0.015042
-0.007104 -0.018176 0.015098
-0.007104 -0.018176 0.015154
-0.007103 -0.018179 0.015098
-0.007103 -0.018179 0.015154
-0.007101 -0.018181 0.015098
-0.007101 -0.018181 0.015154
-0.007099 -0.018182 0.015098
-0.007099 -0.018182 0.015154
-0.007097 -0.018183 0.015098
-0.007097 -0.018183 0.015154
-0.007097 -0.018183 0.015210
-0.007097 -0.018183 0.015266
-0.007099 -0.018182 0.015266
-0.007099 -0.018182 0.015323
-0.007101 -0.018181 0.015323
-0.007101 -0.018181 0.015379
-0.007103 -0.018179 0.015379
-0.007103 -0.018179 0.015435
-0.007104 -0.018176 0.015435
-0.007104 -0.018176 0.015491
-0.007104 -0.018176 0.015547
-0.007104 -0.018176 0.015604
-0.007103 -0.018179 0.015547
-0.007103 -0.018179 0.015604
-0.007101 -0.018181 0.015547
-0.007101 -0.018181 0.015604
-0.007099 -0.018182 0.015547
-0.007099 -0.018182 0.015604
-0.007097 -0.018183 0.015547
-0.007097 -0.018183 0.015604
-0.007097 -0.018183 0.015660
-0.007097 -0.018183 0.015716
-0.007099 -0.018182 0.015716
-0.007099 -0.018182 0.015772
-0.007101 -0.018181 0.015772
-0.007101 -0.018181 0.015828
-0.007103 -0.018179 0.015828
-0.007103 -0.018179 0.015884
-0.007104 -0.018176 0.015884
-0.007104 -0.018176 0.015941
-0.007104 -0.018176 0.015997
-0.007104 -0.018176 0.016053
-0.007103 -0.018179 0.015997
-0.007103 -0.018179 0.016053
-0.007101 -0.018181 0.015997
-0.007101 -0.018181 0.016053
-0.007099 -0.018182 0.015997
-0.007099 -0.018182 0.016053
-0.007097 -0.018183 0.015997
-0.007097 -0.018183 0.016053
-0.007097 -0.018183 0.016109
-0.007097 -0.018183 0.016165
-0.007099 -0.018182 0.016165
-0.007099 -0.018182 0.016222
-0.007101 -0.018181 0.016222
-0.007101 -0.018181 0.016278
-0.007103 -0.018179 0.016278
-0.007103 -0.018179 0.016334
-0.007104 -0.018176 0.016334
-0.007104 -0.018176 0.016390
-0.007104 -0.018176 0.016446
-0.007104 -0.018176 0.016503
-0.007103 -0.018179 0.016446
-0.007103 -0.018179 0.016503
-0.007101 -0.018181 0.016446
-0.007101 -0.018181 0.016503
-0.007099 -0.018182 0.016446
-0.007099 -0.018182 0.016503
-0.007097 -0.018183 0.016446
-0.007097 -0.018183 0.016503
-0.007097 -0.018183 0.016559
-0.007097 -0.018183 0.016615
-0.007099 -0.018182 0.016615
-0.007099 -0.018182 0.016671
-0.007101 -0.018181 0.016671
-0.007101 -0.018181 0.016727
-0.007103 -0.018179 0.016727
-0.007103 -0.018179 0.016784
-0.007104 -0.018176 0.016784
-0.007104 -0.018176 0.016840
-0.007104 -0.018176 0.016896
-0.007104 -0.018176 0.016952
-0.007103 -0.018179 0.016896
-0.007103 -0.018179 0.016952
-0.007101 -0.018181 0.016896
-0.007101 -0.018181 0.016952
-0.007099 -0.018182 0.016896
-0.007099 -0.018182 0.016952
-0.007097 -0.018183 0.016896
-0.007097 -0.018183 0.016952
-0.007097 -0.018183 0.017008
-0.007097 -0.018183 0.017065
-0.007099 -0.018182 0.017065
-0.007099 -0.018182 0.017121
-0.007101 -0.018181 0.017121
-0.007101 -0.018181 0.017177
-0.007103 -0.018179 0.017177
-0.007103 -0.018179 0.017233
-0.007104 -0.018176 0.017233
-0.007104 -0.018176 0.017289
-0.007104 -0.018176 0.017346
-0.007104 -0.018176 0.017402
-0.007103 -0.018179 0.017346
-0.007103 -0.018179 0.017402
-0.007101 -0.018181 0.017346
-0.007101 -0.018181 0.017402
-0.007099 -0.018182 0.017346
-0.007099 -0.018182 0.017402
-0.007097 -0.018183 0.017346
-0.007097 -0.018183 0.017402
-0.007097 -0.018183 0.017458
-0.007097 -0.018183 0.017514
-0.007099 -0.018182 0.017514
-0.007099 -0.018182 0.017570
-0.007101 -0.018181 0.017570
-0.007101 -0.018181 0.017627
-0.007103 -0.018179 0.017627
-0.007103 -0.018179 0.017683
-0.007104 -0.018176 0.017683
-0.007104 -0.018176 0.017739
-0.007104 -0.018176 0.017795
-0.007104 -0.018176 0.017851
-0.007103 -0.018179 0.017795
-0.007103 -0.018179 0.017851
-0.007101 -0.018181 0.017795
-0.007101 -0.018181 0.017851
-0.007099 -0.018182 0.017795
-0.007099 -0.018182 0.017851
-0.007097 -0.018183 0.017795
-0.007097 -0.018183 0.017851
-0.007097 -0.018183 0.017907
-0.007097 -0.018183 0.017964
-0.007099 -0.018182 0.017964
-0.007099 -0.018182 0.018020
-0.007101 -0.018181 0.018020
-0.007101 -0.018181 0.018076
-0.007103 -0.018179 0.018076
-0.007103 -0.018179 0.018132
-0.007104 -0.018176 0.018132
-0.007104 -0.018176 0.018188
-0.007104 -0.018176 0.018245
-0.007104 -0.018176 0.018301
-0.007103 -0.018179 0.018245
-0.007103 -0.018179 0.018301
-0.007101 -0.018181 0.018245
-0.007101 -0.018181 0.018301
-0.007099 -0.018182 0.018245
-0.007099 -0.018182 0.018301
-0.007097 -0.018183 0.018245
-0.007097 -0.018183 0.018301
-0.007097 -0.018183 0.018357
-0.007097 -0.018183 0.018413
-0.007099 -0.018182 0.018413
-0.007099 -0.018182 0.018469
-0.007101 -0.018181 0.018469
-0.007101 -0.018181 0.018526
-0.007103 -0.018179 0.018526
-0.007103 -0.018179 0.018582
-0.007104 -0.018176 0.018582
-0.007104 -0.018176 0.018638
-0.007104 -0.018176 0.018694
-0.007104 -0.018176 0.018750
-0.007103 -0.018179 0.018694
-0.007103 -0.018179 0.018750
-0.007101 -0.018181 0.018694
-0.007101 -0.018181 0.018750
-0.007099 -0.018182 0.018694
-0.007099 -0.018182 0.018750
-0.007097 -0.018183 0.018694
-0.007097 -0.018183 0.018750
-0.007097 -0.018183 0.018807
-0.007097 -0.018183 0.018863
-0.007099 -0.018182 0.018863
-0.007099 -0.018182 0.018919
-0.007101 -0.018181 0.018919
-0.007101 -0.018181 0.018975
-0.007103 -0.018179 0.018975
-0.007103 -0.018179 0.019031
-0.007104 -0.018176 0.019031
-0.007104 -0.018176 0.019088
-0.007104 -0.018176 0.019144
-0.007104 -0.018176 0.019200
-0.007103 -0.018179 0.019144
-0.007103 -0.018179 0.019200
-0.007101 -0.018181 0.019144
-0.007101 -0.018181 0.019200
-0.007099 -0.018182 0.019144
-0.007099 -0.018182 0.019200
-0.007097 -0.018183 0.019144
-0.007097 -0.018183 0.019200
-0.007097 -0.018183 0.019256
-0.007097 -0.018183 0.019312
-0.007099 -0.018182 0.019312
-0.007099 -0.018182 0.019369
-0.007101 -0.018181 0.019369
-0.007101 -0.018181 0.019425
-0.007103 -0.018179 0.019425
-0.007103 -0.018179 0.019481
-0.007104 -0.018176 0.019481
-0.007104 -0.018176 0.019537
-0.007104 -0.018176 0.019593
-0.007104 -0.018176 0.019649
-0.007103 -0.018179 0.019593
-0.007103 -0.018179 0.019649
-0.007101 -0.018181 0.019593
-0.007101 -0.018181 0.019649
-0.007099 -0.018182 0.019593
-0.007099 -0.018182 0.019649
-0.007097 -0.018183 0.019593
-0.007097 -0.018183 0.019649
-0.007097 -0.018183 0.019706
-0.007097 -0.018183 0.019762
-0.007099 -0.018182 0.019762
-0.007099 -0.018182 0.019818
-0.007101 -0.018181 0.019818
-0.007101 -0.018181 0.019874
-0.007103 -0.018179 0.019874
-0.007103 -0.018179 0.019930
-0.007104 -0.018176 0.019930
-0.007104 -0.018176 0.019987
-0.007104 -0.018176 0.020043
-0.007104 -0.018176 0.020099
-0.007103 -0.018179 0.020043
-0.007103 -0.018179 0.020099
-0.007101 -0.018181 0.020043
-0.007101 -0.018181 0.020099
-0.007099 -0.018182 0.020043
-0.007099 -0.018182 0.020099
-0.007097 -0.018183 0.020043
-0.007097 -0.018183 0.020099
-0.007097 -0.018183 0.020155
-0.007097 -0.018183 0.020211
-0.007099 -0.018182 0.020211
-0.007099 -0.018182 0.020268
-0.007101 -0.018181 0.020268
-0.007101 -0.018181 0.020324
-0.007103 -0.018179 0.020324
-0.007103 -0.018179 0.020380
-0.007104 -0.018176 0.020380
-0.007104 -0.018176 0.020436
-0.007104 -0.018176 0.020492
-0.007104 -0.018176 0.020549
-0.007103 -0.018179 0.020492
-0.007103 -0.018179 0.020549
-0.007101 -0.018181 0.020492
-0.007101 -0.018181 0.020549
-0.007099 -0.018182 0.020492
-0.007099 -0.018182 0.020549
-0.007097 -0.018183 0.020492
-0.007097 -0.018183 0.020549
-0.007097 -0.018183 0.020605
-0.007097 -0.018183 0.020661
-0.007099 -0.018182 0.020661
-0.007099 -0.018182 0.020717
-0.007101 -0.018181 0.020717
-0.007101 -0.018181 0.020773
-0.007103 -0.018179 0.020773
-0.007103 -0.018179 0.020830
-0.007104 -0.018176 0.020830
-0.007104 -0.018176 0.020886
-0.007104 -0.018176 0.020942
-0.007104 -0.018176 0.020998
-0.007103 -0.018179 0.020942
-0.007103 -0.018179 0.020998
-0.007101 -0.018181 0.020942
-0.007101 -0.018181 0.020998
-0.007099 -0.018182 0.020942
-0.007099 -0.018182 0.020998
-0.007097 -0.018183 0.020942
-0.007097 -0.018183 0.020998
-0.007097 -0.018183 0.021054
-0.007097 -0.018183 0.021111
-0.007099 -0.018182 0.021111
-0.007099 -0.018182 0.021167
-0.007101 -0.018181 0.021167
-0.007101 -0.018181 0.021223
-0.007103 -0.018179 0.021223
-0.007103 -0.018179 0.021279
-0.007104 -0.018176 0.021279
-0.007104 -0.018176 0.021335
-0.007104 -0.018176 0.021392
-0.007104 -0.018176 0.021448
-0.007103 -0.018179 0.021392
-0.007103 -0.018179 0.021448
-0.007101 -0.018181 0.021392
-0.007101 -0.018181 0.021448
-0.007099 -0.018182 0.021392
-0.007099 -0.018182 0.021448
-0.007097 -0.018183 0.021392
-0.007097 -0.018183 0.021448
-0.007097 -0.018183 0.021504
-0.007097 -0.018183 0.021560
-0.007099 -0.018182 0.021560
-0.007099 -0.018182 0.021616
-0.007101 -0.018181 0.021616
-0.007101 -0.018181 0.021672
-0.007103 -0.018179 0.021672
-0.007103 -0.018179 0.021729
-0.007104 -0.018176 0.021729
-0.007104 -0.018176 0.021785
-0.007104 -0.018176 0.021841
-0.007104 -0.018176 0.021897
-0.007103 -0.018179 0.021841
-0.007103 -0.018179 0.021897
-0.007101 -0.018181 0.021841
-0.007101 -0.018181 0.021897
-0.007099 -0.018182 0.021841
-0.007099 -0.018182 0.021897
-0.007097 -0.018183 0.021841
-0.007097 -0.018183 0.021897
-0.007097 -0.018183 0.021953
-0.007097 -0.018183 0.022010
-0.007099 -0.018182 0.022010
-0.007099 -0.018182 0.022066
-0.007101 -0.018181 0.022066
-0.007101 -0.018181 0.022122
-0.007103 -0.018179 0.022122
-0.007103 -0.018179 0.022178
-0.007104 -0.018176 0.022178
-0.007104 -0.018176 0.022234
-0.007104 -0.018176 0.022291
-0.007104 -0.018176 0.022347
-0.007103 -0.018179 0.022291
-0.007103 -0.018179 0.022347
-0.007101 -0.018181 0.022291
-0.007101 -0.018181 0.022347
-0.007099 -0.018182 0.022291
-0.007099 -0.018182 0.022347
-0.007097 -0.018183 0.022291
-0.007097 -0.018183 0.022347
-0.007097 -0.018183 0.022403
-0.007097 -0.018183 0.022459
-0.007099 -0.018182 0.022459
-0.007099 -0.018182 0.022515
-0.007101 -0.018181 0.022515
-0.007101 -0.018181 0.022572
-0.007103 -0.018179 0.022572
-0.007103 -0.018179 0.022628
-0.007104 -0.018176 0.022628
-0.007104 -0.018176 0.022684
-0.007104 -0.018176 0.022740
-0.007104 -0.018176 0.022796
-0.007103 -0.018179 0.022740
-0.007103 -0.018179 0.022796
-0.007101 -0.018181 0.022740
-0.007101 -0.018181 0.022796
-0.007099 -0.018182 0.022740
-0.007099 -0.018182 0.022796
-0.007097 -0.018183 0.022740
-0.007097 -0.018183 0.022796
-0.007097 -0.018183 0.022853
-0.007097 -0.018183 0.022909
-0.007099 -0.018182 0.022909
-0.007099 -0.018182 0.022965
-0.007101 -0.018181 0.022965
-0.007101 -0.018181 0.023021
-0.007103 -0.018179 0.023021
-0.007103 -0.018179 0.023077
-0.007104 -0.018176 0.023077
-0.007104 -0.018176 0.023134
-0.007104 -0.018176 0.023190
-0.007104 -0.018176 0.023246
-0.007103 -0.018179 0.023190
-0.007103 -0.018179 0.023246
-0.007101 -0.018181 0.023190
-0.007101 -0.018181 0.023246
-0.007099 -0.018182 0.023190
-0.007099 -0.018182 0.023246
-0.007097 -0.018183 0.023190
-0.007097 -0.018183 0.023246
-0.007097 -0.018183 0.023302
-0.007099 -0.018182 0.023471
-0.007099 -0.018182 0.023414
-0.007101 -0.018181 0.023471
-0.007101 -0.018181 0.023414
-0.007103 -0.018179 0.023471
-0.007103 -0.018179 0.023414
-0.007104 -0.018176 0.023471
-0.007104 -0.018176 0.023414
-0.007104 -0.018176 0.023358
-0.007104 -0.018176 0.023302
-0.007103 -0.018179 0.023302
-0.007096 -0.018183 0.000038
-0.007096 -0.018183 0.000094
-0.007096 -0.018183 0.000150
-0.007099 -0.018182 0.000150
-0.007099 -0.018182 0.000206
-0.007101 -0.018181 0.000206
-0.007101 -0.018181 0.000263
-0.007103 -0.018179 0.000263
-0.007103 -0.018179 0.000319
-0.007104 -0.018176 0.000319
-0.007104 -0.018176 0.000375
-0.007104 -0.018176 0.000431
-0.007104 -0.018176 0.000487
-0.007103 -0.018179 0.000431
-0.007103 -0.018179 0.000487
-0.007101 -0.018181 0.000431
-0.007101 -0.018181 0.000487
-0.007099 -0.018182 0.000431
-0.007099 -0.018182 0.000487
-0.007096 -0.018183 0.000431
-0.007096 -0.018183 0.000487
-0.007096 -0.018183 0.000543
-0.007096 -0.018183 0.000600
-0.007099 -0.018182 0.000600
-0.007099 -0.018182 0.000656
-0.007101 -0.018181 0.000656
-0.007101 -0.018181 0.000712
-0.007103 -0.018179 0.000712
-0.007103 -0.018179 0.000768
-0.007104 -0.018176 0.000768
-0.007104 -0.018176 0.000824
-0.007104 -0.018176 0.000881
-0.007104 -0.018176 0.000937
-0.007103 -0.018179 0.000881
-0.007103 -0.018179 0.000937
-0.007101 -0.018181 0.000881
-0.007101 -0.018181 0.000937
-0.007099 -0.018182 0.000881
-0.007099 -0.018182 0.000937
-0.007096 -0.018183 0.000881
-0.007096 -0.018183 0.000937
-0.007096 -0.018183 0.000993
-0.007096 -0.018183 0.001049
-0.007099 -0.018182 0.001049
-0.007099 -0.018182 0.001105
-0.007101 -0.018181 0.001105
-0.007101 -0.018181 0.001162
-0.007103 -0.018179 0.001162
-0.007103 -0.018179 0.001218
-0.007104 -0.018176 0.001218
-0.007104 -0.018176 0.001274
-0.007104 -0.018176 0.001330
-0.007104 -0.018176 0.001386
-0.007103 -0.018179 0.001330
-0.007103 -0.018179 0.001386
-0.007101 -0.018181 0.001330
-0.007101 -0.018181 0.001386
-0.007099 -0.018182 0.001330
-0.007099 -0.018182 0.001386
-0.007096 -0.018183 0.001330
-0.007096 -0.018183 0.001386
-0.007096 -0.018183 0.001443
-0.007096 -0.018183 0.001499
-0.007099 -0.018182 0.001499
-0.007099 -0.018182 0.001555
-0.007101 -0.018181 0.001555
-0.007101 -0.018181 0.001611
-0.007103 -0.018179 0.001611
-0.007103 -0.018179 0.001667
-0.007104 -0.018176 0.001667
-0.007104 -0.018176 0.001724
-0.007104 -0.018176 0.001780
-0.007104 -0.018176 0.001836
-0.007103 -0.018179 0.001780
-0.007103 -0.018179 0.001836
-0.007101 -0.018181 0.001780
-0.007101 -0.018181 0.001836
-0.007099 -0.018182 0.001780
-0.007099 -0.018182 0.001836
-0.007096 -0.018183 0.001780
-0.007096 -0.018183 0.001836
-0.007096 -0.018183 0.001892
-0.007096 -0.018183 0.001948
-0.007099 -0.018182 0.001948
-0.007099 -0.018182 0.002005
-0.007101 -0.018181 0.002005
-0.007101 -0.018181 0.002061
-0.007103 -0.018179 0.002061
-0.007103 -0.018179 0.002117
-0.007104 -0.018176 0.002117
-0.007104 -0.018176 0.002173
-0.007104 -0.018176 0.002229
-0.007104 -0.018176 0.002286
-0.007103 -0.018179 0.002229
-0.007103 -0.018179 0.002286
-0.007101 -0.018181 0.002229
-0.007101 -0.018181 0.002286
-0.007099 -0.018182 0.002229
-0.007099 -0.018182 0.002286
-0.007096 -0.018183 0.002229
-0.007096 -0.018183 0.002286
-0.007096 -0.018183 0.002342
-0.007096 -0.018183 0.002398
-0.007099 -0.018182 0.002398
-0.007099 -0.018182 0.002454
-0.007101 -0.018181 0.002454
-0.007101 -0.018181 0.002510
-0.007103 -0.018179 0.002510
-0.007103 -0.018179 0.002566
-0.007104 -0.018176 0.002566
-0.007104 -0.018176 0.002623
-0.007104 -0.018176 0.002679
-0.007104 -0.018176 0.002735
-0.007103 -0.018179 0.002679
-0.007103 -0.018179 0.002735
-0.007101 -0.018181 0.002679
-0.007101 -0.018181 0.002735
-0.007099 -0.018182 0.002679
-0.007099 -0.018182 0.002735
-0.007096 -0.018183 0.002679
-0.007096 -0.018183 0.002735
-0.007096 -0.018183 0.002791
-0.007096 -0.018183 0.002847
-0.007099 -0.018182 0.002847
-0.007099 -0.018182 0.002904
-0.007101 -0.018181 0.002904
-0.007101 -0.018181 0.002960
-0.007103 -0.018179 0.002960
-0.007103 -0.018179 0.003016
-0.007104 -0.018176 0.003016
-0.007104 -0.018176 0.003072
-0.007104 -0.018176 0.003128
-0.007104 -0.018176 0.003185
-0.007103 -0.018179 0.003128
-0.007103 -0.018179 0.003185
-0.007101 -0.018181 0.003128
-0.007101 -0.018181 0.003185
-0.007099 -0.018182 0.003128
-0.007099 -0.018182 0.003185
-0.007096 -0.018183 0.003128
-0.007096 -0.018183 0.003185
-0.007096 -0.018183 0.003241
-0.007096 -0.018183 0.003297
-0.007099 -0.018182 0.003297
-0.007099 -0.018182 0.003353
-0.007101 -0.018181 0.003353
-0.007101 -0.018181 0.003409
-0.007103 -0.018179 0.003409
-0.007103 -0.018179 0.003466
-0.007104 -0.018176 0.003466
-0.007104 -0.018176 0.003522
-0.007104 -0.018176 0.003578
-0.007104 -0.018176 0.003634
-0.007103 -0.018179 0.003578
-0.007103 -0.018179 0.003634
-0.007101 -0.018181 0.003578
-0.007101 -0.018181 0.003634
-0.007099 -0.018182 0.003578
-0.007099 -0.018182 0.003634
-0.007096 -0.018183 0.003578
-0.007096 -0.018183 0.003634
-0.007096 -0.018183 0.003690
-0.007096 -0.018183 0.003747
-0.007099 -0.018182 0.003747
-0.007099 -0.018182 0.003803
-0.007101 -0.018181 0.003803
-0.007101 -0.018181 0.003859
-0.007103 -0.018179 0.003859
-0.007103 -0.018179 0.003915
-0.007104 -0.018176 0.003915
-0.007104 -0.018176 0.003971
-0.007104 -0.018176 0.004028
-0.007104 -0.018176 0.004084
-0.007103 -0.018179 0.004028
-0.007103 -0.018179 0.004084
-0.007101 -0.018181 0.004028
-0.007101 -0.018181 0.004084
-0.007099 -0.018182 0.004028
-0.007099 -0.018182 0.004084
-0.007096 -0.018183 0.004028
-0.007096 -0.018183 0.004084
-0.007096 -0.018183 0.004140
-0.007096 -0.018183 0.004196
-0.007099 -0.018182 0.004196
-0.007099 -0.018182 0.004252
-0.007101 -0.018181 0.004252
-0.007101 -0.018181 0.004308
-0.007103 -0.018179 0.004308
-0.007103 -0.018179 0.004365
-0.007104 -0.018176 0.004365
-0.007104 -0.018176 0.004421
-0.007104 -0.018176 0.004477
-0.007104 -0.018176 0.004533
-0.007103 -0.018179 0.004477
-0.007103 -0.018179 0.004533
-0.007101 -0.018181 0.004477
-0.007101 -0.018181 0.004533
-0.007099 -0.018182 0.004477
-0.007099 -0.018182 0.004533
-0.007096 -0.018183 0.004477
-0.007096 -0.018183 0.004533
-0.007096 -0.018183 0.004589
-0.007096 -0.018183 0.004646
-0.007099 -0.018182 0.004646
-0.007099 -0.018182 0.004702
-0.007101 -0.018181 0.004702
-0.007101 -0.018181 0.004758
-0.007103 -0.018179 0.004758
-0.007103 -0.018179 0.004814
-0.007104 -0.018176 0.004814
-0.007104 -0.018176 0.004870
-0.007104 -0.018176 0.004927
-0.007104 -0.018176 0.004983
-0.007103 -0.018179 0.004927
-0.007103 -0.018179 0.004983
-0.007101 -0.018181 0.004927
-0.007101 -0.018181 0.004983
-0.007099 -0.018182 0.004927
-0.007099 -0.018182 0.004983
-0.007096 -0.018183 0.004927
-0.007096 -0.018183 0.004983
-0.007096 -0.018183 0.005039
-0.007096 -0.018183 0.005095
-0.007099 -0.018182 0.005095
-0.007099 -0.018182 0.005151
-0.007101 -0.018181 0.005151
-0.007101 -0.018181 0.005208
-0.007103 -0.018179 0.005208
-0.007103 -0.018179 0.005264
-0.007104 -0.018176 0.005264
-0.007104 -0.018176 0.005320
-0.007104 -0.018176 0.005376
-0.007104 -0.018176 0.005432
-0.007103 -0.018179 0.005376
-0.007103 -0.018179 0.005432
-0.007101 -0.018181 0.005376
-0.007101 -0.018181 0.005432
-0.007099 -0.018182 0.005376
-0.007099 -0.018182 0.005432
-0.007096 -0.018183 0.005376
-0.007096 -0.018183 0.005432
-0.007096 -0.018183 0.005489
-0.007096 -0.018183 0.005545
-0.007099 -0.018182 0.005545
-0.007099 -0.018182 0.005601
-0.007101 -0.018181 0.005601
-0.007101 -0.018181 0.005657
-0.007103 -0.018179 0.005657
-0.007103 -0.018179 0.005713
-0.007104 -0.018176 0.005713
-0.007104 -0.018176 0.005770
-0.007104 -0.018176 0.005826
-0.007104 -0.018176 0.005882
-0.007103 -0.018179 0.005826
-0.007103 -0.018179 0.005882
-0.007101 -0.018181 0.005826
-0.007101 -0.018181 0.005882
-0.007099 -0.018182 0.005826
-0.007099 -0.018182 0.005882
-0.007096 -0.018183 0.005826
-0.007096 -0.018183 0.005882
-0.007096 -0.018183 0.005938
-0.007097 -0.018183 0.005994
-0.007099 -0.018182 0.005994
-0.007099 -0.018182 0.006051
-0.007101 -0.018181 0.006051
-0.007101 -0.018181 0.006107
-0.007103 -0.018179 0.006107
-0.007103 -0.018179 0.006163
-0.007104 -0.018176 0.006163
-0.007104 -0.018176 0.006219
-0.007104 -0.018176 0.006275
-0.007104 -0.018176 0.006331
-0.007103 -0.018179 0.006275
-0.007103 -0.018179 0.006331
-0.007101 -0.018181 0.006275
-0.007101 -0.018181 0.006331
-0.007099 -0.018182 0.006275
-0.007099 -0.018182 0.006331
-0.007097 -0.018183 0.006275
-0.007097 -0.018183 0.006331
-0.007097 -0.018183 0.006388
-0.007097 -0.018183 0.006444
-0.007099 -0.018182 0.006444
-0.007099 -0.018182 0.006500
-0.007101 -0.018181 0.006500
-0.007101 -0.018181 0.006556
-0.007103 -0.018179 0.006556
-0.007103 -0.018179 0.006612
-0.007104 -0.018176 0.006612
-0.007104 -0.018176 0.006669
-0.007104 -0.018176 0.006725
-0.007104 -0.018176 0.006781
-0.007103 -0.018179 0.006725
-0.007103 -0.018179 0.006781
-0.007101 -0.018181 0.006725
-0.007101 -0.018181 0.006781
-0.007099 -0.018182 0.006725
-0.007099 -0.018182 0.006781
-0.007097 -0.018183 0.006725
-0.007097 -0.018183 0.006781
-0.007097 -0.018183 0.006837
-0.007097 -0.018183 0.006893
-0.007099 -0.018182 0.006893
-0.007099 -0.018182 0.006950
-0.007101 -0.018181 0.006950
-0.007101 -0.018181 0.007006
-0.007103 -0.018179 0.007006
-0.007103 -0.018179 0.007062
-0.007104 -0.018176 0.007062
-0.007104 -0.018176 0.007118
-0.007104 -0.018176 0.007174
-0.007104 -0.018176 0.007231
-0.007103 -0.018179 0.007174
-0.007103 -0.018179 0.007231
-0.007101 -0.018181 0.007174
-0.007101 -0.018181 0.007231
-0.007099 -0.018182 0.007174
-0.007099 -0.018182 0.007231
-0.007097 -0.018183 0.007174
-0.007097 -0.018183 0.007231
-0.007097 -0.018183 0.007287
-0.007097 -0.018183 0.007343
-0.007099 -0.018182 0.007343
-0.007099 -0.018182 0.007399
-0.007101 -0.018181 0.007399
-0.007101 -0.018181 0.007455
-0.007103 -0.018179 0.007455
-0.007103 -0.018179 0.007512
-0.007104 -0.018176 0.007512
-0.007104 -0.018176 0.007568
-0.007104 -0.018176 0.007624
-0.007104 -0.018176 0.007680
-0.007103 -0.018179 0.007624
-0.007103 -0.018179 0.007680
-0.007101 -0.018181 0.007624
-0.007101 -0.018181 0.007680
-0.007099 -0.018182 0.007624
-0.007099 -0.018182 0.007680
-0.007097 -0.018183 0.007624
-0.007097 -0.018183 0.007680
-0.007097 -0.018183 0.007736
-0.007097 -0.018183 0.007793
-0.007099 -0.018182 0.007793
-0.007099 -0.018182 0.007849
-0.007101 -0.018181 0.007849
-0.007101 -0.018181 0.007905
-0.007103 -0.018179 0.007905
-0.007103 -0.018179 0.007961
-0.007104 -0.018176 0.007961
-0.007104 -0.018176 0.008017
-0.007104 -0.018176 0.008073
-0.007104 -0.018176 0.008130
-0.007103 -0.018179 0.008073
-0.007103 -0.018179 0.008130
-0.007101 -0.018181 0.008073
-0.007101 -0.018181 0.008130
-0.007099 -0.018182 0.008073
-0.007099 -0.018182 0.008130
-0.007097 -0.018183 0.008073
-0.007097 -0.018183 0.008130
-0.007097 -0.018183 0.008186
-0.007097 -0.018183 0.008242
-0.007099 -0.018182 0.008242
-0.007099 -0.018182 0.008298
-0.007101 -0.018181 0.008298
-0.007101 -0.018181 0.008354
-0.007103 -0.018179 0.008354
-0.007103 -0.018179 0.008411
-0.007104 -0.018176 0.008411
-0.007104 -0.018176 0.008467
-0.007104 -0.018176 0.008523
-0.007104 -0.018176 0.008579
-0.007103 -0.018179 0.008523
-0.007103 -0.018179 0.008579
-0.007101 -0.018181 0.008523
-0.007101 -0.018181 0.008579
-0.007099 -0.018182 0.008523
-0.007099 -0.018182 0.008579
-0.007097 -0.018183 0.008523
-0.007097 -0.018183 0.008579
-0.007097 -0.018183 0.008635
-0.007097 -0.018183 0.008692
-0.007099 -0.018182 0.008692
-0.007099 -0.018182 0.008748
-0.007101 -0.018181 0.008748
-0.007101 -0.018181 0.008804
-0.007103 -0.018179 0.008804
-0.007103 -0.018179 0.008860
-0.007104 -0.018176 0.008860
-0.007104 -0.018176 0.008916
-0.007104 -0.018176 0.008973
-0.007104 -0.018176 0.009029
-0.007103 -0.018179 0.008973
-0.007103 -0.018179 0.009029
-0.007101 -0.018181 0.008973
-0.007101 -0.018181 0.009029
-0.007099 -0.018182 0.008973
-0.007099 -0.018182 0.009029
-0.007097 -0.018183 0.008973
-0.007097 -0.018183 0.009029
-0.007097 -0.018183 0.009085
-0.007097 -0.018183 0.009141
-0.007099 -0.018182 0.009141
-0.007099 -0.018182 0.009197
-0.007101 -0.018181 0.009197
-0.007101 -0.018181 0.009254
-0.007103 -0.018179 0.009254
-0.007103 -0.018179 0.009310
-0.007104 -0.018176 0.009310
-0.007104 -0.018176 0.009366
-0.007104 -0.018176 0.009422
-0.007104 -0.018176 0.009478
-0.007103 -0.018179 0.009422
-0.007103 -0.018179 0.009478
-0.007101 -0.018181 0.009422
-0.007101 -0.018181 0.009478
-0.007099 -0.018182 0.009422
-0.007099 -0.018182 0.009478
-0.007097 -0.018183 0.009422
-0.007097 -0.018183 0.009478
-0.007097 -0.018183 0.009535
-0.007097 -0.018183 0.009591
-0.007099 -0.018182 0.009591
-0.007099 -0.018182 0.009647
-0.007101 -0.018181 0.009647
-0.007101 -0.018181 0.009703
-0.007103 -0.018179 0.009703
-0.007103 -0.018179 0.009759
-0.007104 -0.018176 0.009759
-0.007104 -0.018176 0.009816
-0.007104 -0.018176 0.009872
-0.007104 -0.018176 0.009928
-0.007103 -0.018179 0.009872
-0.007103 -0.018179 0.009928
-0.007101 -0.018181 0.009872
-0.007101 -0.018181 0.009928
-0.007099 -0.018182 0.009872
-0.007099 -0.018182 0.009928
-0.007097 -0.018183 0.009872
-0.007097 -0.018183 0.009928
-0.007097 -0.018183 0.009984
-0.007097 -0.018183 0.010040
-0.007099 -0.018182 0.010040
-0.007099 -0.018182 0.010096
-0.007101 -0.018181 0.010096
-0.007101 -0.018181 0.010153
-0.007103 -0.018179 0.010153
-0.007103 -0.018179 0.010209
-0.007104 -0.018176 0.010209
-0.007104 -0.018176 0.010265
-0.007104 -0.018176 0.010321
-0.007104 -0.018176 0.010377
-0.007103 -0.018179 0.010321
-0.007103 -0.018179 0.010377
-0.007101 -0.018181 0.010321
-0.007101 -0.018181 0.010377
-0.007099 -0.018182 0.010321
-0.007099 -0.018182 0.010377
-0.007097 -0.018183 0.010321
-0.007097 -0.018183 0.010377
-0.007097 -0.018183 0.010434
-0.007097 -0.018183 0.010490
-0.007099 -0.018182 0.010490
-0.007099 -0.018182 0.010546
-0.007101 -0.018181 0.010546
-0.007101 -0.018181 0.010602
-0.007103 -0.018179 0.010602
-0.007103 -0.018179 0.010658
-0.007104 -0.018176 0.010658
-0.007104 -0.018176 0.010715
-0.007104 -0.018176 0.010771
-0.007104 -0.018176 0.010827
-0.007103 -0.018179 0.010771
-0.007103 -0.018179 0.010827
-0.007101 -0.018181 0.010771
-0.007101 -0.018181 0.010827
-0.007099 -0.018182 0.010771
-0.007099 -0.018182 0.010827
-0.007097 -0.018183 0.010771
-0.007097 -0.018183 0.010827
-0.007097 -0.018183 0.010883
-0.007097 -0.018183 0.010939
-0.007099 -0.018182 0.010939
-0.007099 -0.018182 0.010996
-0.007101 -0.018181 0.010996
-0.007101 -0.018181 0.011052
-0.007103 -0.018179 0.011052
-0.007103 -0.018179 0.011108
-0.007104 -0.018176 0.011108
-0.007104 -0.018176 0.011164
-0.007104 -0.018176 0.011220
-0.007104 -0.018176 0.011277
-0.007103 -0.018179 0.011220
-0.007103 -0.018179 0.011277
-0.007101 -0.018181 0.011220
-0.007101 -0.018181 0.011277
-0.007099 -0.018182 0.011220
-0.007099 -0.018182 0.011277
-0.007097 -0.018183 0.011220
-0.007097 -0.018183 0.011277
-0.007097 -0.018183 0.011333
-0.007097 -0.018183 0.011389
-0.007099 -0.018182 0.011389
-0.007099 -0.018182 0.011445
-0.007101 -0.018181 0.011445
-0.007101 -0.018181 0.011501
-0.007103 -0.018179 0.011501
-0.007103 -0.018179 0.011558
-0.007104 -0.018176 0.011558
-0.007104 -0.018176 0.011614
-0.007104 -0.018176 0.011670
-0.007104 -0.018176 0.011726
-0.007103 -0.018179 0.011670
-0.007103 -0.018179 0.011726
-0.007101 -0.018181 0.011670
-0.007099 -0.018182 0.000094
-0.007101 -0.018181 0.000094
-0.007101 -0.018181 0.000150
-0.007103 -0.018179 0.000150
-0.007103 -0.018179 0.000206
-0.007104 -0.018176 0.000206
-0.007104 -0.018176 0.000263
-0.007103 -0.018179 0.000094
-0.007104 -0.018176 0.000150
-0.007104 -0.018176 0.000094
-0.007104 -0.018176 0.000038
-0.007104 -0.018176 0.012063
-0.007104 -0.018176 0.012119
-0.007104 -0.018176 0.012176
-0.007103 -0.018179 0.012119
-0.007103 -0.018179 0.012176
-0.007101 -0.018181 0.012119
-0.007096 -0.018183 0.000206
-0.007096 -0.018183 0.000263
-0.007096 -0.018183 0.000319
-0.007099 -0.018182 0.000319
-0.007099 -0.018182 0.000375
-0.007101 -0.018181 0.000375
-0.007099 -0.018182 0.000263
-0.007096 -0.018183 0.000375
-0.007099 -0.018182 0.000543
-0.007101 -0.018181 0.000543
-0.007103 -0.018179 0.000543
-0.007104 -0.018176 0.000543
-0.007096 -0.018183 0.000656
-0.007096 -0.018183 0.000712
-0.007096 -0.018183 0.000768
-0.007099 -0.018182 0.000768
-0.007099 -0.018182 0.000824
-0.007101 -0.018181 0.000824
-0.007099 -0.018182 0.000712
-0.007096 -0.018183 0.000824
-0.007099 -0.018182 0.000993
-0.007101 -0.018181 0.000993
-0.007103 -0.018179 0.000993
-0.007104 -0.018176 0.000993
-0.007096 -0.018183 0.001105
-0.007096 -0.018183 0.001162
-0.007096 -0.018183 0.001218
-0.007099 -0.018182 0.001218
-0.007099 -0.018182 0.001274
-0.007101 -0.018181 0.001274
-0.007099 -0.018182 0.001162
-0.007096 -0.018183 0.001274
-0.007099 -0.018182 0.001443
-0.007101 -0.018181 0.001443
-0.007103 -0.018179 0.001443
-0.007104 -0.018176 0.001443
-0.007096 -0.018183 0.001555
-0.007096 -0.018183 0.001611
-0.007096 -0.018183 0.001667
-0.007099 -0.018182 0.001667
-0.007099 -0.018182 0.001724
-0.007101 -0.018181 0.001724
-0.007099 -0.018182 0.001611
-0.007096 -0.018183 0.001724
-0.007099 -0.018182 0.001892
-0.007101 -0.018181 0.001892
-0.007103 -0.018179 0.001892
-0.007104 -0.018176 0.001892
-0.007096 -0.018183 0.002005
-0.007096 -0.018183 0.002061
-0.007096 -0.018183 0.002117
-0.007099 -0.018182 0.002117
-0.007099 -0.018182 0.002173
-0.007101 -0.018181 0.002173
-0.007099 -0.018182 0.002061
-0.007096 -0.018183 0.002173
-0.007099 -0.018182 0.002342
-0.007101 -0.018181 0.002342
-0.007103 -0.018179 0.002342
-0.007104 -0.018176 0.002342
-0.007096 -0.018183 0.002454
-0.007096 -0.018183 0.002510
-0.007096 -0.018183 0.002566
-0.007099 -0.018182 0.002566
-0.007099 -0.018182 0.002623
-0.007101 -0.018181 0.002623
-0.007099 -0.018182 0.002510
-0.007096 -0.018183 0.002623
-0.007099 -0.018182 0.002791
-0.007101 -0.018181 0.002791
-0.007103 -0.018179 0.002791
-0.007104 -0.018176 0.002791
-0.007096 -0.018183 0.002904
-0.007096 -0.018183 0.002960
-0.007096 -0.018183 0.003016
-0.007099 -0.018182 0.003016
-0.007099 -0.018182 0.003072
-0.007101 -0.018181 0.003072
-0.007099 -0.018182 0.002960
-0.007096 -0.018183 0.003072
-0.007099 -0.018182 0.003241
-0.007101 -0.018181 0.003241
-0.007103 -0.018179 0.003241
-0.007104 -0.018176 0.003241
-0.007096 -0.018183 0.003353
-0.007096 -0.018183 0.003409
-0.007096 -0.018183 0.003466
-0.007099 -0.018182 0.003466
-0.007099 -0.018182 0.003522
-0.007101 -0.018181 0.003522
-0.007099 -0.018182 0.003409
-0.007096 -0.018183 0.003522
-0.007099 -0.018182 0.003690
-0.007101 -0.018181 0.003690
-0.007103 -0.018179 0.003690
-0.007104 -0.018176 0.003690
-0.007096 -0.018183 0.003803
-0.007096 -0.018183 0.003859
-0.007096 -0.018183 0.003915
-0.007099 -0.018182 0.003915
-0.007099 -0.018182 0.003971
-0.007101 -0.018181 0.003971
-0.007099 -0.018182 0.003859
-0.007096 -0.018183 0.003971
-0.007099 -0.018182 0.004140
-0.007101 -0.018181 0.004140
-0.007103 -0.018179 0.004140
-0.007104 -0.018176 0.004140
-0.007096 -0.018183 0.004252
-0.007096 -0.018183 0.004308
-0.007096 -0.018183 0.004365
-0.007099 -0.018182 0.004365
-0.007099 -0.018182 0.004421
-0.007101 -0.018181 0.004421
-0.007099 -0.018182 0.004308
-0.007096 -0.018183 0.004421
-0.007099 -0.018182 0.004589
-0.007101 -0.018181 0.004589
-0.007103 -0.018179 0.004589
-0.007104 -0.018176 0.004589
-0.007096 -0.018183 0.004702
-0.007096 -0.018183 0.004758
-0.007096 -0.018183 0.004814
-0.007099 -0.018182 0.004814
-0.007099 -0.018182 0.004870
-0.007101 -0.018181 0.004870
-0.007099 -0.018182 0.004758
-0.007096 -0.018183 0.004870
-0.007099 -0.018182 0.005039
-0.007101 -0.018181 0.005039
-0.007103 -0.018179 0.005039
-0.007104 -0.018176 0.005039
-0.007096 -0.018183 0.005151
-0.007096 -0.018183 0.005208
-0.007096 -0.018183 0.005264
-0.007099 -0.018182 0.005264
-0.007099 -0.018182 0.005320
-0.007101 -0.018181 0.005320
-0.007099 -0.018182 0.005208
-0.007096 -0.018183 0.005320
-0.007099 -0.018182 0.005489
-0.007101 -0.018181 0.005489
-0.007103 -0.018179 0.005489
-0.007104 -0.018176 0.005489
-0.007096 -0.018183 0.005601
-0.007096 -0.018183 0.005657
-0.007096 -0.018183 0.005713
-0.007099 -0.018182 0.005713
-0.007099 -0.018182 0.005770
-0.007101 -0.018181 0.005770
-0.007099 -0.018182 0.005657
-0.007096 -0.018183 0.005770
-0.007099 -0.018182 0.005938
-0.007101 -0.018181 0.005938
-0.007103 -0.018179 0.005938
-0.007104 -0.018176 0.005938
-0.007097 -0.018183 0.006051
-0.007097 -0.018183 0.006107
-0.007097 -0.018183 0.006163
-0.007099 -0.018182 0.006163
-0.007099 -0.018182 0.006219
-0.007101 -0.018181 0.006219
-0.007099 -0.018182 0.006107
-0.007097 -0.018183 0.006219
-0.007099 -0.018182 0.006388
-0.007101 -0.018181 0.006388
-0.007103 -0.018179 0.006388
-0.007104 -0.018176 0.006388
-0.007097 -0.018183 0.006500
-0.007097 -0.018183 0.006556
-0.007097 -0.018183 0.006612
-0.007099 -0.018182 0.006612
-0.007099 -0.018182 0.006669
-0.007101 -0.018181 0.006669
-0.007099 -0.018182 0.006556
-0.007097 -0.018183 0.006669
-0.007099 -0.018182 0.006837
-0.007101 -0.018181 0.006837
-0.007103 -0.018179 0.006837
-0.007104 -0.018176 0.006837
-0.007097 -0.018183 0.006950
-0.007097 -0.018183 0.007006
-0.007097 -0.018183 0.007062
-0.007099 -0.018182 0.007062
-0.007099 -0.018182 0.007118
-0.007101 -0.018181 0.007118
-0.007099 -0.018182 0.007006
-0.007097 -0.018183 0.007118
-0.007099 -0.018182 0.007287
-0.007101 -0.018181 0.007287
-0.007103 -0.018179 0.007287
-0.007104 -0.018176 0.007287
-0.007097 -0.018183 0.007399
-0.007097 -0.018183 0.007455
-0.007097 -0.018183 0.007512
-0.007099 -0.018182 0.007512
-0.007099 -0.018182 0.007568
-0.007101 -0.018181 0.007568
-0.007099 -0.018182 0.007455
-0.007097 -0.018183 0.007568
-0.007099 -0.018182 0.007736
-0.007101 -0.018181 0.007736
-0.007103 -0.018179 0.007736
-0.007104 -0.018176 0.007736
-0.007097 -0.018183 0.007849
-0.007097 -0.018183 0.007905
-0.007097 -0.018183 0.007961
-0.007099 -0.018182 0.007961
-0.007099 -0.018182 0.008017
-0.007101 -0.018181 0.008017
-0.007099 -0.018182 0.007905
-0.007097 -0.018183 0.008017
-0.007099 -0.018182 0.008186
-0.007101 -0.018181 0.008186
-0.007103 -0.018179 0.008186
-0.007104 -0.018176 0.008186
-0.007097 -0.018183 0.008298
-0.007097 -0.018183 0.008354
-0.007097 -0.018183 0.008411
-0.007099 -0.018182 0.008411
-0.007099 -0.018182 0.008467
-0.007101 -0.018181 0.008467
-0.007099 -0.018182 0.008354
-0.007097 -0.018183 0.008467
-0.007099 -0.018182 0.008635
-0.007101 -0.018181 0.008635
-0.007103 -0.018179 0.008635
-0.007104 -0.018176 0.008635
-0.007097 -0.018183 0.008748
-0.007097 -0.018183 0.008804
-0.007097 -0.018183 0.008860
-0.007099 -0.018182 0.008860
-0.007099 -0.018182 0.008916
-0.007101 -0.018181 0.008916
-0.007099 -0.018182 0.008804
-0.007097 -0.018183 0.008916
-0.007099 -0.018182 0.009085
-0.007101 -0.018181 0.009085
-0.007103 -0.018179 0.009085
-0.007104 -0.018176 0.009085
-0.007097 -0.018183 0.009197
-0.007097 -0.018183 0.009254
-0.007097 -0.018183 0.009310
-0.007099 -0.018182 0.009310
-0.007099 -0.018182 0.009366
-0.007101 -0.018181 0.009366
-0.007099 -0.018182 0.009254
-0.007097 -0.018183 0.009366
-0.007099 -0.018182 0.009535
-0.007101 -0.018181 0.009535
-0.007103 -0.018179 0.009535
-0.007104 -0.018176 0.009535
-0.007097 -0.018183 0.009647
-0.007097 -0.018183 0.009703
-0.007097 -0.018183 0.009759
-0.007099 -0.018182 0.009759
-0.007099 -0.018182 0.009816
-0.007101 -0.018181 0.009816
-0.007099 -0.018182 0.009703
-0.007097 -0.018183 0.009816
-0.007099 -0.018182 0.009984
-0.007101 -0.018181 0.009984
-0.007103 -0.018179 0.009984
-0.007104 -0.018176 0.009984
-0.007097 -0.018183 0.010096
-0.007097 -0.018183 0.010153
-0.007097 -0.018183 0.010209
-0.007099 -0.018182 0.010209
-0.007099 -0.018182 0.010265
-0.007101 -0.018181 0.010265
-0.007099 -0.018182 0.010153
-0.007097 -0.018183 0.010265
-0.007099 -0.018182 0.010434
-0.007101 -0.018181 0.010434
-0.007103 -0.018179 0.010434
-0.007104 -0.018176 0.010434
-0.007097 -0.018183 0.010546
-0.007097 -0.018183 0.010602
-0.007097 -0.018183 0.010658
-0.007099 -0.018182 0.010658
-0.007099 -0.018182 0.010715
-0.007101 -0.018181 0.010715
-0.007099 -0.018182 0.010602
-0.007097 -0.018183 0.010715
-0.007099 -0.018182 0.010883
-0.007101 -0.018181 0.010883
-0.007103 -0.018179 0.010883
-0.007104 -0.018176 0.010883
-0.007097 -0.018183 0.010996
-0.007097 -0.018183 0.011052
-0.007097 -0.018183 0.011108
-0.007099 -0.018182 0.011108
-0.007099 -0.018182 0.011164
-0.007101 -0.018181 0.011164
-0.007099 -0.018182 0.011052
-0.007097 -0.018183 0.011164
-0.007099 -0.018182 0.011333
-0.007101 -0.018181 0.011333
-0.007103 -0.018179 0.011333
-0.007104 -0.018176 0.011333
-0.007097 -0.018183 0.011445
-0.007097 -0.018183 0.011501
-0.007099 -0.018182 0.011558
-0.007099 -0.018182 0.011614
-0.007101 -0.018181 0.011614
-0.007099 -0.018182 0.011501
-0.007097 -0.018183 0.011726
-0.007097 -0.018183 0.011782
-0.007097 -0.018183 0.011839
-0.007099 -0.018182 0.011839
-0.007099 -0.018182 0.011895
-0.007101 -0.018181 0.011895
-0.007099 -0.018182 0.011782
-0.007097 -0.018183 0.011895
-0.007099 -0.018182 0.012063
-0.007101 -0.018181 0.012063
-0.007103 -0.018179 0.012063
-0.007097 -0.018183 0.012176
-0.007097 -0.018183 0.012232
-0.007097 -0.018183 0.012288
-0.007099 -0.018182 0.012288
-0.007099 -0.018182 0.012344
-0.007101 -0.018181 0.012344
-0.007099 -0.018182 0.012232
-0.007097 -0.018183 0.012344
-0.007099 -0.018182 0.012513
-0.007101 -0.018181 0.012513
-0.007103 -0.018179 0.012513
-0.007104 -0.018176 0.012513
-0.007097 -0.018183 0.012625
-0.007097 -0.018183 0.012681
-0.007097 -0.018183 0.012738
-0.007099 -0.018182 0.012738
-0.007099 -0.018182 0.012794
-0.007101 -0.018181 0.012794
-0.007099 -0.018182 0.012681
-0.007097 -0.018183 0.012794
-0.007099 -0.018182 0.012962
-0.007101 -0.018181 0.012962
-0.007103 -0.018179 0.012962
-0.007104 -0.018176 0.012962
-0.007097 -0.018183 0.013075
-0.007097 -0.018183 0.013131
-0.007097 -0.018183 0.013187
-0.007099 -0.018182 0.013187
-0.007099 -0.018182 0.013243
-0.007101 -0.018181 0.013243
-0.007099 -0.018182 0.013131
-0.007097 -0.018183 0.013243
-0.007099 -0.018182 0.013412
-0.007101 -0.018181 0.013412
-0.007103 -0.018179 0.013412
-0.007104 -0.018176 0.013412
-0.007097 -0.018183 0.013524
-0.007097 -0.018183 0.013581
-0.007097 -0.018183 0.013637
-0.007099 -0.018182 0.013637
-0.007099 -0.018182 0.013693
-0.007101 -0.018181 0.013693
-0.007099 -0.018182 0.013581
-0.007097 -0.018183 0.013693
-0.007099 -0.018182 0.013861
-0.007101 -0.018181 0.013861
-0.007103 -0.018179 0.013861
-0.007104 -0.018176 0.013861
-0.007097 -0.018183 0.013974
-0.007097 -0.018183 0.014030
-0.007097 -0.018183 0.014086
-0.007099 -0.018182 0.014086
-0.007099 -0.018182 0.014142
-0.007101 -0.018181 0.014142
-0.007099 -0.018182 0.014030
-0.007097 -0.018183 0.014142
-0.007099 -0.018182 0.014311
-0.007101 -0.018181 0.014311
-0.007103 -0.018179 0.014311
-0.007104 -0.018176 0.014311
-0.007097 -0.018183 0.014423
-0.007097 -0.018183 0.014480
-0.007097 -0.018183 0.014536
-0.007099 -0.018182 0.014536
-0.007099 -0.018182 0.014592
-0.007101 -0.018181 0.014592
-0.007099 -0.018182 0.014480
-0.007097 -0.018183 0.014592
-0.007099 -0.018182 0.014761
-0.007101 -0.018181 0.014761
-0.007103 -0.018179 0.014761
-0.007104 -0.018176 0.014761
-0.007097 -0.018183 0.014873
-0.007097 -0.018183 0.014929
-0.007097 -0.018183 0.014985
-0.007099 -0.018182 0.014985
-0.007099 -0.018182 0.015042
-0.007101 -0.018181 0.015042
-0.007099 -0.018182 0.014929
-0.007097 -0.018183 0.015042
-0.007099 -0.018182 0.015210
-0.007101 -0.018181 0.015210
-0.007103 -0.018179 0.015210
-0.007104 -0.018176 0.015210
-0.007097 -0.018183 0.015323
-0.007097 -0.018183 0.015379
-0.007097 -0.018183 0.015435
-0.007099 -0.018182 0.015435
-0.007099 -0.018182 0.015491
-0.007101 -0.018181 0.015491
-0.007099 -0.018182 0.015379
-0.007097 -0.018183 0.015491
-0.007099 -0.018182 0.015660
-0.007101 -0.018181 0.015660
-0.007103 -0.018179 0.015660
-0.007104 -0.018176 0.015660
-0.007097 -0.018183 0.015772
-0.007097 -0.018183 0.015828
-0.007097 -0.018183 0.015884
-0.007099 -0.018182 0.015884
-0.007099 -0.018182 0.015941
-0.007101 -0.018181 0.015941
-0.007099 -0.018182 0.015828
-0.007097 -0.018183 0.015941
-0.007099 -0.018182 0.016109
-0.007101 -0.018181 0.016109
-0.007103 -0.018179 0.016109
-0.007104 -0.018176 0.016109
-0.007097 -0.018183 0.016222
-0.007097 -0.018183 0.016278
-0.007097 -0.018183 0.016334
-0.007099 -0.018182 0.016334
-0.007099 -0.018182 0.016390
-0.007101 -0.018181 0.016390
-0.007099 -0.018182 0.016278
-0.007097 -0.018183 0.016390
-0.007099 -0.018182 0.016559
-0.007101 -0.018181 0.016559
-0.007103 -0.018179 0.016559
-0.007104 -0.018176 0.016559
-0.007097 -0.018183 0.016671
-0.007097 -0.018183 0.016727
-0.007097 -0.018183 0.016784
-0.007099 -0.018182 0.016784
-0.007099 -0.018182 0.016840
-0.007101 -0.018181 0.016840
-0.007099 -0.018182 0.016727
-0.007097 -0.018183 0.016840
-0.007099 -0.018182 0.017008
-0.007101 -0.018181 0.017008
-0.007103 -0.018179 0.017008
-0.007104 -0.018176 0.017008
-0.007097 -0.018183 0.017121
-0.007097 -0.018183 0.017177
-0.007097 -0.018183 0.017233
-0.007099 -0.018182 0.017233
-0.007099 -0.018182 0.017289
-0.007101 -0.018181 0.017289
-0.007099 -0.018182 0.017177
-0.007097 -0.018183 0.017289
-0.007099 -0.018182 0.017458
-0.007101 -0.018181 0.017458
-0.007103 -0.018179 0.017458
-0.007104 -0.018176 0.017458
-0.007097 -0.018183 0.017570
-0.007097 -0.018183 0.017627
-0.007097 -0.018183 0.017683
-0.007099 -0.018182 0.017683
-0.007099 -0.018182 0.017739
-0.007101 -0.018181 0.017739
-0.007099 -0.018182 0.017627
-0.007097 -0.018183 0.017739
-0.007099 -0.018182 0.017907
-0.007101 -0.018181 0.017907
-0.007103 -0.018179 0.017907
-0.007104 -0.018176 0.017907
-0.007097 -0.018183 0.018020
-0.007097 -0.018183 0.018076
-0.007097 -0.018183 0.018132
-0.007099 -0.018182 0.018132
-0.007099 -0.018182 0.018188
-0.007101 -0.018181 0.018188
-0.007099 -0.018182 0.018076
-0.007097 -0.018183 0.018188
-0.007099 -0.018182 0.018357
-0.007101 -0.018181 0.018357
-0.007103 -0.018179 0.018357
-0.007104 -0.018176 0.018357
-0.007097 -0.018183 0.018469
-0.007097 -0.018183 0.018526
-0.007097 -0.018183 0.018582
-0.007099 -0.018182 0.018582
-0.007099 -0.018182 0.018638
-0.007101 -0.018181 0.018638
-0.007099 -0.018182 0.018526
-0.007097 -0.018183 0.018638
-0.007099 -0.018182 0.018807
-0.007101 -0.018181 0.018807
-0.007103 -0.018179 0.018807
-0.007104 -0.018176 0.018807
-0.007097 -0.018183 0.018919
-0.007097 -0.018183 0.018975
-0.007097 -0.018183 0.019031
-0.007099 -0.018182 0.019031
-0.007099 -0.018182 0.019088
-0.007101 -0.018181 0.019088
-0.007099 -0.018182 0.018975
-0.007097 -0.018183 0.019088
-0.007099 -0.018182 0.019256
-0.007101 -0.018181 0.019256
-0.007103 -0.018179 0.019256
-0.007104 -0.018176 0.019256
-0.007097 -0.018183 0.019369
-0.007097 -0.018183 0.019425
-0.007097 -0.018183 0.019481
-0.007099 -0.018182 0.019481
-0.007099 -0.018182 0.019537
-0.007101 -0.018181 0.019537
-0.007099 -0.018182 0.019425
-0.007097 -0.018183 0.019537
-0.007099 -0.018182 0.019706
-0.007101 -0.018181 0.019706
-0.007103 -0.018179 0.019706
-0.007104 -0.018176 0.019706
-0.007097 -0.018183 0.019818
-0.007097 -0.018183 0.019874
-0.007097 -0.018183 0.019930
-0.007099 -0.018182 0.019930
-0.007099 -0.018182 0.019987
-0.007101 -0.018181 0.019987
-0.007099 -0.018182 0.019874
-0.007097 -0.018183 0.019987
-0.007099 -0.018182 0.020155
-0.007101 -0.018181 0.020155
-0.007103 -0.018179 0.020155
-0.007104 -0.018176 0.020155
-0.007097 -0.018183 0.020268
-0.007097 -0.018183 0.020324
-0.007097 -0.018183 0.020380
-0.007099 -0.018182 0.020380
-0.007099 -0.018182 0.020436
-0.007101 -0.018181 0.020436
-0.007099 -0.018182 0.020324
-0.007097 -0.018183 0.020436
-0.007099 -0.018182 0.020605
-0.007101 -0.018181 0.020605
-0.007103 -0.018179 0.020605
-0.007104 -0.018176 0.020605
-0.007097 -0.018183 0.020717
-0.007097 -0.018183 0.020773
-0.007097 -0.018183 0.020830
-0.007099 -0.018182 0.020830
-0.007099 -0.018182 0.020886
-0.007101 -0.018181 0.020886
-0.007099 -0.018182 0.020773
-0.007097 -0.018183 0.020886
-0.007099 -0.018182 0.021054
-0.007101 -0.018181 0.021054
-0.007103 -0.018179 0.021054
-0.007104 -0.018176 0.021054
-0.007097 -0.018183 0.021167
-0.007097 -0.018183 0.021223
-0.007097 -0.018183 0.021279
-0.007099 -0.018182 0.021279
-0.007099 -0.018182 0.021335
-0.007101 -0.018181 0.021335
-0.007099 -0.018182 0.021223
-0.007097 -0.018183 0.021335
-0.007099 -0.018182 0.021504
-0.007101 -0.018181 0.021504
-0.007103 -0.018179 0.021504
-0.007104 -0.018176 0.021504
-0.007097 -0.018183 0.021616
-0.007097 -0.018183 0.021672
-0.007097 -0.018183 0.021729
-0.007099 -0.018182 0.021729
-0.007099 -0.018182 0.021785
-0.007101 -0.018181 0.021785
-0.007099 -0.018182 0.021672
-0.007097 -0.018183 0.021785
-0.007099 -0.018182 0.021953
-0.007101 -0.018181 0.021953
-0.007103 -0.018179 0.021953
-0.007104 -0.018176 0.021953
-0.007097 -0.018183 0.022066
-0.007097 -0.018183 0.022122
-0.007097 -0.018183 0.022178
-0.007099 -0.018182 0.022178
-0.007099 -0.018182 0.022234
-0.007101 -0.018181 0.022234
-0.007099 -0.018182 0.022122
-0.007097 -0.018183 0.022234
-0.007099 -0.018182 0.022403
-0.007101 -0.018181 0.022403
-0.007103 -0.018179 0.022403
-0.007104 -0.018176 0.022403
-0.007097 -0.018183 0.022515
-0.007097 -0.018183 0.022572
-0.007097 -0.018183 0.022628
-0.007099 -0.018182 0.022628
-0.007099 -0.018182 0.022684
-0.007101 -0.018181 0.022684
-0.007099 -0.018182 0.022572
-0.007097 -0.018183 0.022684
-0.007099 -0.018182 0.022853
-0.007101 -0.018181 0.022853
-0.007103 -0.018179 0.022853
-0.007104 -0.018176 0.022853
-0.007097 -0.018183 0.022965
-0.007097 -0.018183 0.023021
-0.007097 -0.018183 0.023077
-0.007099 -0.018182 0.023077
-0.007099 -0.018182 0.023134
-0.007101 -0.018181 0.023134
-0.007099 -0.018182 0.023021
-0.007097 -0.018183 0.023134
-0.007099 -0.018182 0.023302
-0.007101 -0.018181 0.023302
-0.007101 -0.018181 0.023639
-0.007101 -0.018181 0.023583
-0.007103 -0.018179 0.023639
-0.007103 -0.018179 0.023583
-0.007104 -0.018176 0.023639
-0.007104 -0.018176 0.023583
-0.007104 -0.018176 0.023527
-0.007103 -0.018179 0.023808
-0.007104 -0.018176 0.023976
-0.007104 -0.018176 0.023920
-0.007104 -0.018176 0.023864
-0.007104 -0.018176 0.023808
-0.007103 -0.018179 0.023752
-0.007103 -0.018179 0.023695
-0.007104 -0.018176 0.023695
-0.007101 -0.018181 0.000319
-0.007101 -0.018181 0.000600
-0.007103 -0.018179 0.000656
-0.007104 -0.018176 0.000712
-0.007101 -0.018181 0.000768
-0.007101 -0.018181 0.001049
-0.007103 -0.018179 0.001105
-0.007104 -0.018176 0.001162
-0.007101 -0.018181 0.001218
-0.007101 -0.018181 0.001499
-0.007103 -0.018179 0.001555
-0.007104 -0.018176 0.001611
-0.007101 -0.018181 0.001667
-0.007101 -0.018181 0.001948
-0.007103 -0.018179 0.002005
-0.007104 -0.018176 0.002061
-0.007101 -0.018181 0.002117
-0.007101 -0.018181 0.002398
-0.007103 -0.018179 0.002454
-0.007104 -0.018176 0.002510
-0.007101 -0.018181 0.002566
-0.007101 -0.018181 0.002847
-0.007103 -0.018179 0.002904
-0.007104 -0.018176 0.002960
-0.007101 -0.018181 0.003016
-0.007101 -0.018181 0.003297
-0.007103 -0.018179 0.003353
-0.007104 -0.018176 0.003409
-0.007101 -0.018181 0.003466
-0.007101 -0.018181 0.003747
-0.007103 -0.018179 0.003803
-0.007104 -0.018176 0.003859
-0.007101 -0.018181 0.003915
-0.007101 -0.018181 0.004196
-0.007103 -0.018179 0.004252
-0.007104 -0.018176 0.004308
-0.007101 -0.018181 0.004365
-0.007101 -0.018181 0.004646
-0.007103 -0.018179 0.004702
-0.007104 -0.018176 0.004758
-0.007101 -0.018181 0.004814
-0.007101 -0.018181 0.005095
-0.007103 -0.018179 0.005151
-0.007104 -0.018176 0.005208
-0.007101 -0.018181 0.005264
-0.007101 -0.018181 0.005545
-0.007103 -0.018179 0.005601
-0.007104 -0.018176 0.005657
-0.007101 -0.018181 0.005713
-0.007101 -0.018181 0.005994
-0.007103 -0.018179 0.006051
-0.007104 -0.018176 0.006107
-0.007101 -0.018181 0.006163
-0.007101 -0.018181 0.006444
-0.007103 -0.018179 0.006500
-0.007104 -0.018176 0.006556
-0.007101 -0.018181 0.006612
-0.007101 -0.018181 0.006893
-0.007103 -0.018179 0.006950
-0.007104 -0.018176 0.007006
-0.007101 -0.018181 0.007062
-0.007101 -0.018181 0.007343
-0.007103 -0.018179 0.007399
-0.007104 -0.018176 0.007455
-0.007101 -0.018181 0.007512
-0.007101 -0.018181 0.007793
-0.007103 -0.018179 0.007849
-0.007104 -0.018176 0.007905
-0.007101 -0.018181 0.007961
-0.007101 -0.018181 0.008242
-0.007103 -0.018179 0.008298
-0.007104 -0.018176 0.008354
-0.007101 -0.018181 0.008411
-0.007101 -0.018181 0.008692
-0.007103 -0.018179 0.008748
-0.007104 -0.018176 0.008804
-0.007101 -0.018181 0.008860
-0.007101 -0.018181 0.009141
-0.007103 -0.018179 0.009197
-0.007104 -0.018176 0.009254
-0.007101 -0.018181 0.009310
-0.007101 -0.018181 0.009591
-0.007103 -0.018179 0.009647
-0.007104 -0.018176 0.009703
-0.007101 -0.018181 0.009759
-0.007101 -0.018181 0.010040
-0.007103 -0.018179 0.010096
-0.007104 -0.018176 0.010153
-0.007101 -0.018181 0.010209
-0.007101 -0.018181 0.010490
-0.007103 -0.018179 0.010546
-0.007104 -0.018176 0.010602
-0.007101 -0.018181 0.010658
-0.007101 -0.018181 0.010939
-0.007103 -0.018179 0.010996
-0.007104 -0.018176 0.011052
-0.007101 -0.018181 0.011108
-0.007101 -0.018181 0.011389
-0.007103 -0.018179 0.011445
-0.007104 -0.018176 0.011501
-0.007101 -0.018181 0.011558
-0.007101 -0.018181 0.011839
-0.007101 -0.018181 0.012288
-0.007101 -0.018181 0.012569
-0.007103 -0.018179 0.012625
-0.007104 -0.018176 0.012681
-0.007101 -0.018181 0.012738
-0.007101 -0.018181 0.013019
-0.007103 -0.018179 0.013075
-0.007104 -0.018176 0.013131
-0.007101 -0.018181 0.013187
-0.007101 -0.018181 0.013468
-0.007103 -0.018179 0.013524
-0.007104 -0.018176 0.013581
-0.007101 -0.018181 0.013637
-0.007101 -0.018181 0.013918
-0.007103 -0.018179 0.013974
-0.007104 -0.018176 0.014030
-0.007101 -0.018181 0.014086
-0.007101 -0.018181 0.014367
-0.007103 -0.018179 0.014423
-0.007104 -0.018176 0.014480
-0.007101 -0.018181 0.014536
-0.007101 -0.018181 0.014817
-0.007103 -0.018179 0.014873
-0.007104 -0.018176 0.014929
-0.007101 -0.018181 0.014985
-0.007101 -0.018181 0.015266
-0.007103 -0.018179 0.015323
-0.007104 -0.018176 0.015379
-0.007101 -0.018181 0.015435
-0.007101 -0.018181 0.015716
-0.007103 -0.018179 0.015772
-0.007104 -0.018176 0.015828
-0.007101 -0.018181 0.015884
-0.007101 -0.018181 0.016165
-0.007103 -0.018179 0.016222
-0.007104 -0.018176 0.016278
-0.007101 -0.018181 0.016334
-0.007101 -0.018181 0.016615
-0.007103 -0.018179 0.016671
-0.007104 -0.018176 0.016727
-0.007101 -0.018181 0.016784
-0.007101 -0.018181 0.017065
-0.007103 -0.018179 0.017121
-0.007104 -0.018176 0.017177
-0.007101 -0.018181 0.017233
-0.007101 -0.018181 0.017514
-0.007103 -0.018179 0.017570
-0.007104 -0.018176 0.017627
-0.007101 -0.018181 0.017683
-0.007101 -0.018181 0.017964
-0.007103 -0.018179 0.018020
-0.007104 -0.018176 0.018076
-0.007101 -0.018181 0.018132
-0.007101 -0.018181 0.018413
-0.007103 -0.018179 0.018469
-0.007104 -0.018176 0.018526
-0.007101 -0.018181 0.018582
-0.007101 -0.018181 0.018863
-0.007103 -0.018179 0.018919
-0.007104 -0.018176 0.018975
-0.007101 -0.018181 0.019031
-0.007101 -0.018181 0.019312
-0.007103 -0.018179 0.019369
-0.007104 -0.018176 0.019425
-0.007101 -0.018181 0.019481
-0.007101 -0.018181 0.019762
-0.007103 -0.018179 0.019818
-0.007104 -0.018176 0.019874
-0.007101 -0.018181 0.019930
-0.007101 -0.018181 0.020211
-0.007103 -0.018179 0.020268
-0.007104 -0.018176 0.020324
-0.007101 -0.018181 0.020380
-0.007101 -0.018181 0.020661
-0.007103 -0.018179 0.020717
-0.007104 -0.018176 0.020773
-0.007101 -0.018181 0.020830
-0.007101 -0.018181 0.021111
-0.007103 -0.018179 0.021167
-0.007104 -0.018176 0.021223
-0.007101 -0.018181 0.021279
-0.007101 -0.018181 0.021560
-0.007103 -0.018179 0.021616
-0.007104 -0.018176 0.021672
-0.007101 -0.018181 0.021729
-0.007101 -0.018181 0.022010
-0.007103 -0.018179 0.022066
-0.007104 -0.018176 0.022122
-0.007101 -0.018181 0.022178
-0.007101 -0.018181 0.022459
-0.007103 -0.018179 0.022515
-0.007104 -0.018176 0.022572
-0.007101 -0.018181 0.022628
-0.007101 -0.018181 0.022909
-0.007103 -0.018179 0.022965
-0.007104 -0.018176 0.023021
-0.007101 -0.018181 0.023077
-0.007099 -0.018182 0.023358
-0.007101 -0.018181 0.023358
-0.007103 -0.018179 0.023358
-0.007103 -0.018179 0.000375
-0.007103 -0.018179 0.000600
-0.007104 -0.018176 0.000600
-0.007103 -0.018179 0.000824
-0.007103 -0.018179 0.001049
-0.007104 -0.018176 0.001049
-0.007103 -0.018179 0.001274
-0.007103 -0.018179 0.001499
-0.007104 -0.018176 0.001499
-0.007103 -0.018179 0.001724
-0.007103 -0.018179 0.001948
-0.007104 -0.018176 0.001948
-0.007103 -0.018179 0.002173
-0.007103 -0.018179 0.002398
-0.007104 -0.018176 0.002398
-0.007103 -0.018179 0.002623
-0.007103 -0.018179 0.002847
-0.007104 -0.018176 0.002847
-0.007103 -0.018179 0.003072
-0.007103 -0.018179 0.003297
-0.007104 -0.018176 0.003297
-0.007103 -0.018179 0.003522
-0.007103 -0.018179 0.003747
-0.007104 -0.018176 0.003747
-0.007103 -0.018179 0.003971
-0.007103 -0.018179 0.004196
-0.007104 -0.018176 0.004196
-0.007103 -0.018179 0.004421
-0.007103 -0.018179 0.004646
-0.007104 -0.018176 0.004646
-0.007103 -0.018179 0.004870
-0.007103 -0.018179 0.005095
-0.007104 -0.018176 0.005095
-0.007103 -0.018179 0.005320
-0.007103 -0.018179 0.005545
-0.007104 -0.018176 0.005545
-0.007103 -0.018179 0.005770
-0.007103 -0.018179 0.005994
-0.007104 -0.018176 0.005994
-0.007103 -0.018179 0.006219
-0.007103 -0.018179 0.006444
-0.007104 -0.018176 0.006444
-0.007103 -0.018179 0.006669
-0.007103 -0.018179 0.006893
-0.007104 -0.018176 0.006893
-0.007103 -0.018179 0.007118
-0.007103 -0.018179 0.007343
-0.007104 -0.018176 0.007343
-0.007103 -0.018179 0.007568
-0.007103 -0.018179 0.007793
-0.007104 -0.018176 0.007793
-0.007103 -0.018179 0.008017
-0.007103 -0.018179 0.008242
-0.007104 -0.018176 0.008242
-0.007103 -0.018179 0.008467
-0.007103 -0.018179 0.008692
-0.007104 -0.018176 0.008692
-0.007103 -0.018179 0.008916
-0.007103 -0.018179 0.009141
-0.007104 -0.018176 0.009141
-0.007103 -0.018179 0.009366
-0.007103 -0.018179 0.009591
-0.007104 -0.018176 0.009591
-0.007103 -0.018179 0.009816
-0.007103 -0.018179 0.010040
-0.007104 -0.018176 0.010040
-0.007103 -0.018179 0.010265
-0.007103 -0.018179 0.010490
-0.007104 -0.018176 0.010490
-0.007103 -0.018179 0.010715
-0.007103 -0.018179 0.010939
-0.007104 -0.018176 0.010939
-0.007103 -0.018179 0.011164
-0.007103 -0.018179 0.011389
-0.007104 -0.018176 0.011389
-0.007103 -0.018179 0.011614
-0.007103 -0.018179 0.011895
-0.007103 -0.018179 0.012344
-0.007103 -0.018179 0.012569
-0.007104 -0.018176 0.012569
-0.007103 -0.018179 0.012794
-0.007103 -0.018179 0.013019
-0.007104 -0.018176 0.013019
-0.007103 -0.018179 0.013243
-0.007103 -0.018179 0.013468
-0.007104 -0.018176 0.013468
-0.007103 -0.018179 0.013693
-0.007103 -0.018179 0.013918
-0.007104 -0.018176 0.013918
-0.007103 -0.018179 0.014142
-0.007103 -0.018179 0.014367
-0.007104 -0.018176 0.014367
-0.007103 -0.018179 0.014592
-0.007103 -0.018179 0.014817
-0.007104 -0.018176 0.014817
-0.007103 -0.018179 0.015042
-0.007103 -0.018179 0.015266
-0.007104 -0.018176 0.015266
-0.007103 -0.018179 0.015491
-0.007103 -0.018179 0.015716
-0.007104 -0.018176 0.015716
-0.007103 -0.018179 0.015941
-0.007103 -0.018179 0.016165
-0.007104 -0.018176 0.016165
-0.007103 -0.018179 0.016390
-0.007103 -0.018179 0.016615
-0.007104 -0.018176 0.016615
-0.007103 -0.018179 0.016840
-0.007103 -0.018179 0.017065
-0.007104 -0.018176 0.017065
-0.007103 -0.018179 0.017289
-0.007103 -0.018179 0.017514
-0.007104 -0.018176 0.017514
-0.007103 -0.018179 0.017739
-0.007103 -0.018179 0.017964
-0.007104 -0.018176 0.017964
-0.007103 -0.018179 0.018188
-0.007103 -0.018179 0.018413
-0.007104 -0.018176 0.018413
-0.007103 -0.018179 0.018638
-0.007103 -0.018179 0.018863
-0.007104 -0.018176 0.018863
-0.007103 -0.018179 0.019088
-0.007103 -0.018179 0.019312
-0.007104 -0.018176 0.019312
-0.007103 -0.018179 0.019537
-0.007103 -0.018179 0.019762
-0.007104 -0.018176 0.019762
-0.007103 -0.018179 0.019987
-0.007103 -0.018179 0.020211
-0.007104 -0.018176 0.020211
-0.007103 -0.018179 0.020436
-0.007103 -0.018179 0.020661
-0.007104 -0.018176 0.020661
-0.007103 -0.018179 0.020886
-0.007103 -0.018179 0.021111
-0.007104 -0.018176 0.021111
-0.007103 -0.018179 0.021335
-0.007103 -0.018179 0.021560
-0.007104 -0.018176 0.021560
-0.007103 -0.018179 0.021785
-0.007103 -0.018179 0.022010
-0.007104 -0.018176 0.022010
-0.007103 -0.018179 0.022234
-0.007103 -0.018179 0.022459
-0.007104 -0.018176 0.022459
-0.007103 -0.018179 0.022684
-0.007103 -0.018179 0.022909
-0.007104 -0.018176 0.022909
-0.007103 -0.018179 0.023134
-0.007101 -0.018181 0.023527
-0.007103 -0.018179 0.023527
-0.007104 -0.018176 0.000656
-0.007104 -0.018176 0.001105
-0.007104 -0.018176 0.001555
-0.007104 -0.018176 0.002005
-0.007104 -0.018176 0.002454
-0.007104 -0.018176 0.002904
-0.007104 -0.018176 0.003353
-0.007104 -0.018176 0.003803
-0.007104 -0.018176 0.004252
-0.007104 -0.018176 0.004702
-0.007104 -0.018176 0.005151
-0.007104 -0.018176 0.005601
-0.007104 -0.018176 0.006051
-0.007104 -0.018176 0.006500
-0.007104 -0.018176 0.006950
-0.007104 -0.018176 0.007399
-0.007104 -0.018176 0.007849
-0.007104 -0.018176 0.008298
-0.007104 -0.018176 0.008748
-0.007104 -0.018176 0.009197
-0.007104 -0.018176 0.009647
-0.007104 -0.018176 0.010096
-0.007104 -0.018176 0.010546
-0.007104 -0.018176 0.010996
-0.007104 -0.018176 0.011445
-0.007104 -0.018176 0.011782
-0.007104 -0.018176 0.012232
-0.007104 -0.018176 0.012625
-0.007104 -0.018176 0.013075
-0.007104 -0.018176 0.013524
-0.007104 -0.018176 0.013974
-0.007104 -0.018176 0.014423
-0.007104 -0.018176 0.014873
-0.007104 -0.018176 0.015323
-0.007104 -0.018176 0.015772
-0.007104 -0.018176 0.016222
-0.007104 -0.018176 0.016671
-0.007104 -0.018176 0.017121
-0.007104 -0.018176 0.017570
-0.007104 -0.018176 0.018020
-0.007104 -0.018176 0.018469
-0.007104 -0.018176 0.018919
-0.007104 -0.018176 0.019369
-0.007104 -0.018176 0.019818
-0.007104 -0.018176 0.020268
-0.007104 -0.018176 0.020717
-0.007104 -0.018176 0.021167
-0.007104 -0.018176 0.021616
-0.007104 -0.018176 0.022066
-0.007104 -0.018176 0.022515
-0.007104 -0.018176 0.022965
-0.007104 -0.018176 0.023752
-0.007094 0.018184 -0.000075
-0.007094 0.018349 -0.000075
-0.006906 0.018184 -0.000225
-0.007094 0.018514 -0.000075
-0.007094 0.018844 -0.000075
-0.006906 0.019684 -0.000225
-0.007094 0.019264 -0.000075
-0.007094 0.019684 -0.000075
-0.006760 0.018184 -0.000415
-0.006760 0.019684 -0.000415
-0.006663 0.018184 -0.000635
-0.006663 0.019684 -0.000635
-0.006621 0.018184 -0.000871
-0.006621 0.019684 -0.000871
-0.006637 0.018184 -0.001111
-0.006637 0.019684 -0.001111
-0.006710 0.018184 -0.001340
-0.006710 0.019684 -0.001340
-0.006835 0.018184 -0.001545
-0.006835 0.019684 -0.001545
-0.007006 0.018184 -0.001714
-0.007006 0.019684 -0.001714
-0.007212 0.018184 -0.001838
-0.007212 0.019684 -0.001838
-0.007094 0.018184 0.023149
-0.007096 0.018183 0.011558
-0.007096 0.018183 0.011501
-0.007096 0.018183 0.011445
-0.007099 0.018182 0.011445
-0.007099 0.018182 0.011389
-0.007101 0.018181 0.011389
-0.007101 0.018181 0.011333
-0.007102 0.018179 0.011333
-0.007102 0.018179 0.011277
-0.007103 0.018176 0.011277
-0.007103 0.018176 0.011220
-0.007104 0.018174 -0.000075
-0.007103 0.018176 0.011164
-0.007103 0.018176 0.011108
-0.007102 0.018179 0.011164
-0.007102 0.018179 0.011108
-0.007101 0.018181 0.011164
-0.007101 0.018181 0.011108
-0.007099 0.018182 0.011164
-0.007099 0.018182 0.011108
-0.007096 0.018183 0.011164
-0.007096 0.018183 0.011108
-0.007096 0.018183 0.011052
-0.007096 0.018183 0.010996
-0.007099 0.018182 0.010996
-0.007099 0.018182 0.010939
-0.007101 0.018181 0.010939
-0.007101 0.018181 0.010883
-0.007102 0.018179 0.010883
-0.007102 0.018179 0.010827
-0.007103 0.018176 0.010827
-0.007103 0.018176 0.010771
-0.007103 0.018176 0.010715
-0.007103 0.018176 0.010658
-0.007102 0.018179 0.010715
-0.007102 0.018179 0.010658
-0.007101 0.018181 0.010715
-0.007101 0.018181 0.010658
-0.007099 0.018182 0.010715
-0.007099 0.018182 0.010658
-0.007096 0.018183 0.010715
-0.007096 0.018183 0.010658
-0.007096 0.018183 0.010602
-0.007096 0.018183 0.010546
-0.007099 0.018182 0.010546
-0.007099 0.018182 0.010490
-0.007101 0.018181 0.010490
-0.007101 0.018181 0.010434
-0.007102 0.018179 0.010434
-0.007102 0.018179 0.010377
-0.007103 0.018176 0.010377
-0.007103 0.018176 0.010321
-0.007103 0.018176 0.010265
-0.007103 0.018176 0.010209
-0.007102 0.018179 0.010265
-0.007102 0.018179 0.010209
-0.007101 0.018181 0.010265
-0.007101 0.018181 0.010209
-0.007099 0.018182 0.010265
-0.007099 0.018182 0.010209
-0.007096 0.018183 0.010265
-0.007096 0.018183 0.010209
-0.007096 0.018183 0.010153
-0.007096 0.018183 0.010096
-0.007099 0.018182 0.010096
-0.007099 0.018182 0.010040
-0.007101 0.018181 0.010040
-0.007101 0.018181 0.009984
-0.007102 0.018179 0.009984
-0.007102 0.018179 0.009928
-0.007103 0.018176 0.009928
-0.007103 0.018176 0.009872
-0.007103 0.018176 0.009816
-0.007103 0.018176 0.009759
-0.007102 0.018179 0.009816
-0.007102 0.018179 0.009759
-0.007101 0.018181 0.009816
-0.007101 0.018181 0.009759
-0.007099 0.018182 0.009816
-0.007099 0.018182 0.009759
-0.007096 0.018183 0.009816
-0.007096 0.018183 0.009759
-0.007096 0.018183 0.009703
-0.007096 0.018183 0.009647
-0.007099 0.018182 0.009647
-0.007099 0.018182 0.009591
-0.007101 0.018181 0.009591
-0.007101 0.018181 0.009535
-0.007102 0.018179 0.009535
-0.007102 0.018179 0.009478
-0.007103 0.018176 0.009478
-0.007103 0.018176 0.009422
-0.007103 0.018176 0.009366
-0.007103 0.018176 0.009310
-0.007102 0.018179 0.009366
-0.007102 0.018179 0.009310
-0.007101 0.018181 0.009366
-0.007101 0.018181 0.009310
-0.007099 0.018182 0.009366
-0.007099 0.018182 0.009310
-0.007096 0.018183 0.009366
-0.007096 0.018183 0.009310
-0.007096 0.018183 0.009254
-0.007096 0.018183 0.009197
-0.007099 0.018182 0.009197
-0.007099 0.018182 0.009141
-0.007101 0.018181 0.009141
-0.007101 0.018181 0.009085
-0.007102 0.018179 0.009085
-0.007102 0.018179 0.009029
-0.007103 0.018176 0.009029
-0.007103 0.018176 0.008973
-0.007103 0.018176 0.008916
-0.007103 0.018176 0.008860
-0.007102 0.018179 0.008916
-0.007102 0.018179 0.008860
-0.007101 0.018181 0.008916
-0.007101 0.018181 0.008860
-0.007099 0.018182 0.008916
-0.007099 0.018182 0.008860
-0.007096 0.018183 0.008916
-0.007096 0.018183 0.008860
-0.007096 0.018183 0.008804
-0.007096 0.018183 0.008748
-0.007099 0.018182 0.008748
-0.007099 0.018182 0.008692
-0.007101 0.018181 0.008692
-0.007101 0.018181 0.008635
-0.007102 0.018179 0.008635
-0.007102 0.018179 0.008579
-0.007103 0.018176 0.008579
-0.007103 0.018176 0.008523
-0.007103 0.018176 0.008467
-0.007103 0.018176 0.008411
-0.007102 0.018179 0.008467
-0.007102 0.018179 0.008411
-0.007101 0.018181 0.008467
-0.007101 0.018181 0.008411
-0.007099 0.018182 0.008467
-0.007099 0.018182 0.008411
-0.007096 0.018183 0.008467
-0.007096 0.018183 0.008411
-0.007096 0.018183 0.008354
-0.007096 0.018183 0.008298
-0.007099 0.018182 0.008298
-0.007099 0.018182 0.008242
-0.007101 0.018181 0.008242
-0.007101 0.018181 0.008186
-0.007102 0.018179 0.008186
-0.007102 0.018179 0.008130
-0.007103 0.018176 0.008130
-0.007103 0.018176 0.008073
-0.007103 0.018176 0.008017
-0.007103 0.018176 0.007961
-0.007102 0.018179 0.008017
-0.007102 0.018179 0.007961
-0.007101 0.018181 0.008017
-0.007101 0.018181 0.007961
-0.007099 0.018182 0.008017
-0.007099 0.018182 0.007961
-0.007096 0.018183 0.008017
-0.007096 0.018183 0.007961
-0.007096 0.018183 0.007905
-0.007096 0.018183 0.007849
-0.007099 0.018182 0.007849
-0.007099 0.018182 0.007793
-0.007101 0.018181 0.007793
-0.007101 0.018181 0.007736
-0.007102 0.018179 0.007736
-0.007102 0.018179 0.007680
-0.007103 0.018176 0.007680
-0.007103 0.018176 0.007624
-0.007103 0.018176 0.007568
-0.007103 0.018176 0.007512
-0.007102 0.018179 0.007568
-0.007102 0.018179 0.007512
-0.007101 0.018181 0.007568
-0.007101 0.018181 0.007512
-0.007099 0.018182 0.007568
-0.007099 0.018182 0.007512
-0.007096 0.018183 0.007568
-0.007096 0.018183 0.007512
-0.007096 0.018183 0.007455
-0.007096 0.018183 0.007399
-0.007099 0.018182 0.007399
-0.007099 0.018182 0.007343
-0.007101 0.018181 0.007343
-0.007101 0.018181 0.007287
-0.007102 0.018179 0.007287
-0.007102 0.018179 0.007231
-0.007103 0.018176 0.007231
-0.007103 0.018176 0.007174
-0.007103 0.018176 0.007118
-0.007103 0.018176 0.007062
-0.007102 0.018179 0.007118
-0.007102 0.018179 0.007062
-0.007101 0.018181 0.007118
-0.007101 0.018181 0.007062
-0.007099 0.018182 0.007118
-0.007099 0.018182 0.007062
-0.007096 0.018183 0.007118
-0.007096 0.018183 0.007062
-0.007096 0.018183 0.007006
-0.007096 0.018183 0.006950
-0.007099 0.018182 0.006950
-0.007099 0.018182 0.006893
-0.007101 0.018181 0.006893
-0.007101 0.018181 0.006837
-0.007102 0.018179 0.006837
-0.007102 0.018179 0.006781
-0.007103 0.018176 0.006781
-0.007103 0.018176 0.006725
-0.007103 0.018176 0.006669
-0.007103 0.018176 0.006612
-0.007102 0.018179 0.006669
-0.007102 0.018179 0.006612
-0.007101 0.018181 0.006669
-0.007101 0.018181 0.006612
-0.007099 0.018182 0.006669
-0.007099 0.018182 0.006612
-0.007096 0.018183 0.006669
-0.007096 0.018183 0.006612
-0.007096 0.018183 0.006556
-0.007096 0.018183 0.006500
-0.007099 0.018182 0.006500
-0.007099 0.018182 0.006444
-0.007101 0.018181 0.006444
-0.007101 0.018181 0.006388
-0.007102 0.018179 0.006388
-0.007102 0.018179 0.006331
-0.007103 0.018176 0.006331
-0.007103 0.018176 0.006275
-0.007103 0.018176 0.006219
-0.007103 0.018176 0.006163
-0.007102 0.018179 0.006219
-0.007102 0.018179 0.006163
-0.007101 0.018181 0.006219
-0.007101 0.018181 0.006163
-0.007099 0.018182 0.006219
-0.007099 0.018182 0.006163
-0.007096 0.018183 0.006219
-0.007096 0.018183 0.006163
-0.007096 0.018183 0.006107
-0.007096 0.018183 0.006051
-0.007099 0.018182 0.006051
-0.007099 0.018182 0.005994
-0.007101 0.018181 0.005994
-0.007101 0.018181 0.005938
-0.007102 0.018179 0.005938
-0.007102 0.018179 0.005882
-0.007103 0.018176 0.005882
-0.007103 0.018176 0.005826
-0.007103 0.018176 0.005770
-0.007103 0.018176 0.005713
-0.007102 0.018179 0.005770
-0.007102 0.018179 0.005713
-0.007101 0.018181 0.005770
-0.007101 0.018181 0.005713
-0.007099 0.018182 0.005770
-0.007099 0.018182 0.005713
-0.007096 0.018183 0.005770
-0.007096 0.018183 0.005713
-0.007096 0.018183 0.005657
-0.007096 0.018183 0.005601
-0.007099 0.018182 0.005601
-0.007099 0.018182 0.005545
-0.007101 0.018181 0.005545
-0.007101 0.018181 0.005489
-0.007102 0.018179 0.005489
-0.007102 0.018179 0.005432
-0.007103 0.018176 0.005432
-0.007103 0.018176 0.005376
-0.007103 0.018176 0.005320
-0.007103 0.018176 0.005264
-0.007102 0.018179 0.005320
-0.007102 0.018179 0.005264
-0.007101 0.018181 0.005320
-0.007101 0.018181 0.005264
-0.007099 0.018182 0.005320
-0.007099 0.018182 0.005264
-0.007096 0.018183 0.005320
-0.007096 0.018183 0.005264
-0.007096 0.018183 0.005208
-0.007096 0.018183 0.005151
-0.007099 0.018182 0.005151
-0.007099 0.018182 0.005095
-0.007101 0.018181 0.005095
-0.007101 0.018181 0.005039
-0.007102 0.018179 0.005039
-0.007102 0.018179 0.004983
-0.007103 0.018176 0.004983
-0.007103 0.018176 0.004927
-0.007103 0.018176 0.004870
-0.007103 0.018176 0.004814
-0.007102 0.018179 0.004870
-0.007102 0.018179 0.004814
-0.007101 0.018181 0.004870
-0.007101 0.018181 0.004814
-0.007099 0.018182 0.004870
-0.007099 0.018182 0.004814
-0.007096 0.018183 0.004870
-0.007096 0.018183 0.004814
-0.007096 0.018183 0.004758
-0.007096 0.018183 0.004702
-0.007099 0.018182 0.004702
-0.007099 0.018182 0.004646
-0.007101 0.018181 0.004646
-0.007101 0.018181 0.004589
-0.007102 0.018179 0.004589
-0.007102 0.018179 0.004533
-0.007103 0.018176 0.004533
-0.007103 0.018176 0.004477
-0.007103 0.018176 0.004421
-0.007103 0.018176 0.004365
-0.007102 0.018179 0.004421
-0.007102 0.018179 0.004365
-0.007101 0.018181 0.004421
-0.007101 0.018181 0.004365
-0.007099 0.018182 0.004421
-0.007099 0.018182 0.004365
-0.007096 0.018183 0.004421
-0.007096 0.018183 0.004365
-0.007096 0.018183 0.004308
-0.007096 0.018183 0.004252
-0.007099 0.018182 0.004252
-0.007099 0.018182 0.004196
-0.007101 0.018181 0.004196
-0.007101 0.018181 0.004140
-0.007102 0.018179 0.004140
-0.007102 0.018179 0.004084
-0.007103 0.018176 0.004084
-0.007103 0.018176 0.004028
-0.007103 0.018176 0.003971
-0.007103 0.018176 0.003915
-0.007102 0.018179 0.003971
-0.007102 0.018179 0.003915
-0.007101 0.018181 0.003971
-0.007101 0.018181 0.003915
-0.007099 0.018182 0.003971
-0.007099 0.018182 0.003915
-0.007096 0.018183 0.003971
-0.007096 0.018183 0.003915
-0.007096 0.018183 0.003859
-0.007096 0.018183 0.003803
-0.007099 0.018182 0.003803
-0.007099 0.018182 0.003747
-0.007101 0.018181 0.003747
-0.007101 0.018181 0.003690
-0.007102 0.018179 0.003690
-0.007102 0.018179 0.003634
-0.007103 0.018176 0.003634
-0.007103 0.018176 0.003578
-0.007103 0.018176 0.003522
-0.007103 0.018176 0.003466
-0.007102 0.018179 0.003522
-0.007102 0.018179 0.003466
-0.007101 0.018181 0.003522
-0.007101 0.018181 0.003466
-0.007099 0.018182 0.003522
-0.007099 0.018182 0.003466
-0.007096 0.018183 0.003522
-0.007096 0.018183 0.003466
-0.007096 0.018183 0.003409
-0.007096 0.018183 0.003353
-0.007099 0.018182 0.003353
-0.007099 0.018182 0.003297
-0.007101 0.018181 0.003297
-0.007101 0.018181 0.003241
-0.007102 0.018179 0.003241
-0.007102 0.018179 0.003185
-0.007103 0.018176 0.003185
-0.007103 0.018176 0.003128
-0.007103 0.018176 0.003072
-0.007103 0.018176 0.003016
-0.007102 0.018179 0.003072
-0.007102 0.018179 0.003016
-0.007101 0.018181 0.003072
-0.007101 0.018181 0.003016
-0.007099 0.018182 0.003072
-0.007099 0.018182 0.003016
-0.007096 0.018183 0.003072
-0.007096 0.018183 0.003016
-0.007096 0.018183 0.002960
-0.007096 0.018183 0.002904
-0.007099 0.018182 0.002904
-0.007099 0.018182 0.002847
-0.007101 0.018181 0.002847
-0.007101 0.018181 0.002791
-0.007102 0.018179 0.002791
-0.007102 0.018179 0.002735
-0.007103 0.018176 0.002735
-0.007103 0.018176 0.002679
-0.007103 0.018176 0.002623
-0.007103 0.018176 0.002566
-0.007102 0.018179 0.002623
-0.007102 0.018179 0.002566
-0.007101 0.018181 0.002623
-0.007101 0.018181 0.002566
-0.007099 0.018182 0.002623
-0.007099 0.018182 0.002566
-0.007096 0.018183 0.002623
-0.007096 0.018183 0.002566
-0.007096 0.018183 0.002510
-0.007096 0.018183 0.002454
-0.007099 0.018182 0.002454
-0.007099 0.018182 0.002398
-0.007101 0.018181 0.002398
-0.007101 0.018181 0.002342
-0.007102 0.018179 0.002342
-0.007102 0.018179 0.002286
-0.007103 0.018176 0.002286
-0.007103 0.018176 0.002229
-0.007103 0.018176 0.002173
-0.007103 0.018176 0.002117
-0.007102 0.018179 0.002173
-0.007102 0.018179 0.002117
-0.007101 0.018181 0.002173
-0.007101 0.018181 0.002117
-0.007099 0.018182 0.002173
-0.007099 0.018182 0.002117
-0.007096 0.018183 0.002173
-0.007096 0.018183 0.002117
-0.007096 0.018183 0.002061
-0.007096 0.018183 0.002005
-0.007099 0.018182 0.002005
-0.007099 0.018182 0.001948
-0.007101 0.018181 0.001948
-0.007101 0.018181 0.001892
-0.007102 0.018179 0.001892
-0.007102 0.018179 0.001836
-0.007103 0.018176 0.001836
-0.007103 0.018176 0.001780
-0.007103 0.018176 0.001724
-0.007103 0.018176 0.001667
-0.007102 0.018179 0.001724
-0.007102 0.018179 0.001667
-0.007101 0.018181 0.001724
-0.007101 0.018181 0.001667
-0.007099 0.018182 0.001724
-0.007099 0.018182 0.001667
-0.007096 0.018183 0.001724
-0.007096 0.018183 0.001667
-0.007096 0.018183 0.001611
-0.007096 0.018183 0.001555
-0.007099 0.018182 0.001555
-0.007099 0.018182 0.001499
-0.007101 0.018181 0.001499
-0.007101 0.018181 0.001443
-0.007102 0.018179 0.001443
-0.007102 0.018179 0.001386
-0.007103 0.018176 0.001386
-0.007103 0.018176 0.001330
-0.007103 0.018176 0.001274
-0.007103 0.018176 0.001218
-0.007102 0.018179 0.001274
-0.007102 0.018179 0.001218
-0.007101 0.018181 0.001274
-0.007101 0.018181 0.001218
-0.007099 0.018182 0.001274
-0.007099 0.018182 0.001218
-0.007096 0.018183 0.001274
-0.007096 0.018183 0.001218
-0.007096 0.018183 0.001162
-0.007096 0.018183 0.001105
-0.007099 0.018182 0.001105
-0.007099 0.018182 0.001049
-0.007101 0.018181 0.001049
-0.007101 0.018181 0.000993
-0.007102 0.018179 0.000993
-0.007102 0.018179 0.000937
-0.007103 0.018176 0.000937
-0.007103 0.018176 0.000881
-0.007103 0.018176 0.000824
-0.007103 0.018176 0.000768
-0.007102 0.018179 0.000824
-0.007102 0.018179 0.000768
-0.007101 0.018181 0.000824
-0.007101 0.018181 0.000768
-0.007099 0.018182 0.000824
-0.007099 0.018182 0.000768
-0.007096 0.018183 0.000824
-0.007096 0.018183 0.000768
-0.007096 0.018183 0.000712
-0.007096 0.018183 0.000656
-0.007099 0.018182 0.000656
-0.007099 0.018182 0.000600
-0.007101 0.018181 0.000600
-0.007101 0.018181 0.000543
-0.007102 0.018179 0.000543
-0.007102 0.018179 0.000487
-0.007103 0.018176 0.000487
-0.007103 0.018176 0.000431
-0.007103 0.018176 0.000375
-0.007103 0.018176 0.000319
-0.007102 0.018179 0.000375
-0.007102 0.018179 0.000319
-0.007101 0.018181 0.000375
-0.007101 0.018181 0.000319
-0.007099 0.018182 0.000375
-0.007099 0.018182 0.000319
-0.007096 0.018183 0.000375
-0.007096 0.018183 0.000319
-0.007096 0.018183 0.000263
-0.007096 0.018183 0.000206
-0.007099 0.018182 0.000206
-0.007099 0.018182 0.000150
-0.007101 0.018181 0.000150
-0.007101 0.018181 0.000094
-0.007102 0.018179 0.000094
-0.007102 0.018180 0.000073
-0.007102 0.018179 0.000065
-0.007103 0.018177 0.000037
-0.007103 0.018176 0.000094
-0.007103 0.018176 0.000038
-0.007104 0.018174 0.024201
-0.007099 0.018182 0.023471
-0.007096 0.018183 0.023302
-0.007096 0.018183 0.023246
-0.007099 0.018182 0.023246
-0.007099 0.018182 0.023190
-0.007101 0.018181 0.023190
-0.007101 0.018181 0.023134
-0.007103 0.018179 0.023134
-0.007103 0.018179 0.023077
-0.007104 0.018176 0.023077
-0.007104 0.018176 0.023021
-0.007103 0.018176 0.022965
-0.007103 0.018176 0.022909
-0.007103 0.018179 0.022965
-0.007103 0.018179 0.022909
-0.007101 0.018181 0.022965
-0.007101 0.018181 0.022909
-0.007099 0.018182 0.022965
-0.007099 0.018182 0.022909
-0.007096 0.018183 0.022965
-0.007096 0.018183 0.022909
-0.007096 0.018183 0.022853
-0.007096 0.018183 0.022796
-0.007099 0.018182 0.022796
-0.007099 0.018182 0.022740
-0.007101 0.018181 0.022740
-0.007101 0.018181 0.022684
-0.007102 0.018179 0.022684
-0.007102 0.018179 0.022628
-0.007103 0.018176 0.022628
-0.007103 0.018176 0.022572
-0.007103 0.018176 0.022515
-0.007103 0.018176 0.022459
-0.007102 0.018179 0.022515
-0.007102 0.018179 0.022459
-0.007101 0.018181 0.022515
-0.007101 0.018181 0.022459
-0.007099 0.018182 0.022515
-0.007099 0.018182 0.022459
-0.007096 0.018183 0.022515
-0.007096 0.018183 0.022459
-0.007096 0.018183 0.022403
-0.007096 0.018183 0.022347
-0.007099 0.018182 0.022347
-0.007099 0.018182 0.022291
-0.007101 0.018181 0.022291
-0.007101 0.018181 0.022234
-0.007102 0.018179 0.022234
-0.007102 0.018179 0.022178
-0.007103 0.018176 0.022178
-0.007103 0.018176 0.022122
-0.007103 0.018176 0.022066
-0.007103 0.018176 0.022010
-0.007102 0.018179 0.022066
-0.007102 0.018179 0.022010
-0.007101 0.018181 0.022066
-0.007101 0.018181 0.022010
-0.007099 0.018182 0.022066
-0.007099 0.018182 0.022010
-0.007096 0.018183 0.022066
-0.007096 0.018183 0.022010
-0.007096 0.018183 0.021953
-0.007096 0.018183 0.021897
-0.007099 0.018182 0.021897
-0.007099 0.018182 0.021841
-0.007101 0.018181 0.021841
-0.007101 0.018181 0.021785
-0.007102 0.018179 0.021785
-0.007102 0.018179 0.021729
-0.007103 0.018176 0.021729
-0.007103 0.018176 0.021672
-0.007103 0.018176 0.021616
-0.007103 0.018176 0.021560
-0.007102 0.018179 0.021616
-0.007102 0.018179 0.021560
-0.007101 0.018181 0.021616
-0.007101 0.018181 0.021560
-0.007099 0.018182 0.021616
-0.007099 0.018182 0.021560
-0.007096 0.018183 0.021616
-0.007096 0.018183 0.021560
-0.007096 0.018183 0.021504
-0.007096 0.018183 0.021448
-0.007099 0.018182 0.021448
-0.007099 0.018182 0.021392
-0.007101 0.018181 0.021392
-0.007101 0.018181 0.021335
-0.007102 0.018179 0.021335
-0.007102 0.018179 0.021279
-0.007103 0.018176 0.021279
-0.007103 0.018176 0.021223
-0.007103 0.018176 0.021167
-0.007103 0.018176 0.021111
-0.007102 0.018179 0.021167
-0.007102 0.018179 0.021111
-0.007101 0.018181 0.021167
-0.007101 0.018181 0.021111
-0.007099 0.018182 0.021167
-0.007099 0.018182 0.021111
-0.007096 0.018183 0.021167
-0.007096 0.018183 0.021111
-0.007096 0.018183 0.021054
-0.007096 0.018183 0.020998
-0.007099 0.018182 0.020998
-0.007099 0.018182 0.020942
-0.007101 0.018181 0.020942
-0.007101 0.018181 0.020886
-0.007102 0.018179 0.020886
-0.007102 0.018179 0.020830
-0.007103 0.018176 0.020830
-0.007103 0.018176 0.020773
-0.007103 0.018176 0.020717
-0.007103 0.018176 0.020661
-0.007102 0.018179 0.020717
-0.007102 0.018179 0.020661
-0.007101 0.018181 0.020717
-0.007101 0.018181 0.020661
-0.007099 0.018182 0.020717
-0.007099 0.018182 0.020661
-0.007096 0.018183 0.020717
-0.007096 0.018183 0.020661
-0.007096 0.018183 0.020605
-0.007096 0.018183 0.020549
-0.007099 0.018182 0.020549
-0.007099 0.018182 0.020492
-0.007101 0.018181 0.020492
-0.007101 0.018181 0.020436
-0.007102 0.018179 0.020436
-0.007102 0.018179 0.020380
-0.007103 0.018176 0.020380
-0.007103 0.018176 0.020324
-0.007103 0.018176 0.020268
-0.007103 0.018176 0.020211
-0.007102 0.018179 0.020268
-0.007102 0.018179 0.020211
-0.007101 0.018181 0.020268
-0.007101 0.018181 0.020211
-0.007099 0.018182 0.020268
-0.007099 0.018182 0.020211
-0.007096 0.018183 0.020268
-0.007096 0.018183 0.020211
-0.007096 0.018183 0.020155
-0.007096 0.018183 0.020099
-0.007099 0.018182 0.020099
-0.007099 0.018182 0.020043
-0.007101 0.018181 0.020043
-0.007101 0.018181 0.019987
-0.007102 0.018179 0.019987
-0.007102 0.018179 0.019930
-0.007103 0.018176 0.019930
-0.007103 0.018176 0.019874
-0.007103 0.018176 0.019818
-0.007103 0.018176 0.019762
-0.007102 0.018179 0.019818
-0.007102 0.018179 0.019762
-0.007101 0.018181 0.019818
-0.007101 0.018181 0.019762
-0.007099 0.018182 0.019818
-0.007099 0.018182 0.019762
-0.007096 0.018183 0.019818
-0.007096 0.018183 0.019762
-0.007096 0.018183 0.019706
-0.007096 0.018183 0.019649
-0.007099 0.018182 0.019649
-0.007099 0.018182 0.019593
-0.007101 0.018181 0.019593
-0.007101 0.018181 0.019537
-0.007102 0.018179 0.019537
-0.007102 0.018179 0.019481
-0.007103 0.018176 0.019481
-0.007103 0.018176 0.019425
-0.007103 0.018176 0.019369
-0.007103 0.018176 0.019312
-0.007102 0.018179 0.019369
-0.007102 0.018179 0.019312
-0.007101 0.018181 0.019369
-0.007101 0.018181 0.019312
-0.007099 0.018182 0.019369
-0.007099 0.018182 0.019312
-0.007096 0.018183 0.019369
-0.007096 0.018183 0.019312
-0.007096 0.018183 0.019256
-0.007096 0.018183 0.019200
-0.007099 0.018182 0.019200
-0.007099 0.018182 0.019144
-0.007101 0.018181 0.019144
-0.007101 0.018181 0.019088
-0.007102 0.018179 0.019088
-0.007102 0.018179 0.019031
-0.007103 0.018176 0.019031
-0.007103 0.018176 0.018975
-0.007103 0.018176 0.018919
-0.007103 0.018176 0.018863
-0.007102 0.018179 0.018919
-0.007102 0.018179 0.018863
-0.007101 0.018181 0.018919
-0.007101 0.018181 0.018863
-0.007099 0.018182 0.018919
-0.007099 0.018182 0.018863
-0.007096 0.018183 0.018919
-0.007096 0.018183 0.018863
-0.007096 0.018183 0.018807
-0.007096 0.018183 0.018750
-0.007099 0.018182 0.018750
-0.007099 0.018182 0.018694
-0.007101 0.018181 0.018694
-0.007101 0.018181 0.018638
-0.007102 0.018179 0.018638
-0.007102 0.018179 0.018582
-0.007103 0.018176 0.018582
-0.007103 0.018176 0.018526
-0.007103 0.018176 0.018469
-0.007103 0.018176 0.018413
-0.007102 0.018179 0.018469
-0.007102 0.018179 0.018413
-0.007101 0.018181 0.018469
-0.007101 0.018181 0.018413
-0.007099 0.018182 0.018469
-0.007099 0.018182 0.018413
-0.007096 0.018183 0.018469
-0.007096 0.018183 0.018413
-0.007096 0.018183 0.018357
-0.007096 0.018183 0.018301
-0.007099 0.018182 0.018301
-0.007099 0.018182 0.018245
-0.007101 0.018181 0.018245
-0.007101 0.018181 0.018188
-0.007102 0.018179 0.018188
-0.007102 0.018179 0.018132
-0.007103 0.018176 0.018132
-0.007103 0.018176 0.018076
-0.007103 0.018176 0.018020
-0.007103 0.018176 0.017964
-0.007102 0.018179 0.018020
-0.007102 0.018179 0.017964
-0.007101 0.018181 0.018020
-0.007101 0.018181 0.017964
-0.007099 0.018182 0.018020
-0.007099 0.018182 0.017964
-0.007096 0.018183 0.018020
-0.007096 0.018183 0.017964
-0.007096 0.018183 0.017907
-0.007096 0.018183 0.017851
-0.007099 0.018182 0.017851
-0.007099 0.018182 0.017795
-0.007101 0.018181 0.017795
-0.007101 0.018181 0.017739
-0.007102 0.018179 0.017739
-0.007102 0.018179 0.017683
-0.007103 0.018176 0.017683
-0.007103 0.018176 0.017627
-0.007103 0.018176 0.017570
-0.007103 0.018176 0.017514
-0.007102 0.018179 0.017570
-0.007102 0.018179 0.017514
-0.007101 0.018181 0.017570
-0.007101 0.018181 0.017514
-0.007099 0.018182 0.017570
-0.007099 0.018182 0.017514
-0.007096 0.018183 0.017570
-0.007096 0.018183 0.017514
-0.007096 0.018183 0.017458
-0.007096 0.018183 0.017402
-0.007099 0.018182 0.017402
-0.007099 0.018182 0.017346
-0.007101 0.018181 0.017346
-0.007101 0.018181 0.017289
-0.007102 0.018179 0.017289
-0.007102 0.018179 0.017233
-0.007103 0.018176 0.017233
-0.007103 0.018176 0.017177
-0.007103 0.018176 0.017121
-0.007103 0.018176 0.017065
-0.007102 0.018179 0.017121
-0.007102 0.018179 0.017065
-0.007101 0.018181 0.017121
-0.007101 0.018181 0.017065
-0.007099 0.018182 0.017121
-0.007099 0.018182 0.017065
-0.007096 0.018183 0.017121
-0.007096 0.018183 0.017065
-0.007096 0.018183 0.017008
-0.007096 0.018183 0.016952
-0.007099 0.018182 0.016952
-0.007099 0.018182 0.016896
-0.007101 0.018181 0.016896
-0.007101 0.018181 0.016840
-0.007102 0.018179 0.016840
-0.007102 0.018179 0.016784
-0.007103 0.018176 0.016784
-0.007103 0.018176 0.016727
-0.007103 0.018176 0.016671
-0.007103 0.018176 0.016615
-0.007102 0.018179 0.016671
-0.007102 0.018179 0.016615
-0.007101 0.018181 0.016671
-0.007101 0.018181 0.016615
-0.007099 0.018182 0.016671
-0.007099 0.018182 0.016615
-0.007096 0.018183 0.016671
-0.007096 0.018183 0.016615
-0.007096 0.018183 0.016559
-0.007096 0.018183 0.016503
-0.007099 0.018182 0.016503
-0.007099 0.018182 0.016446
-0.007101 0.018181 0.016446
-0.007101 0.018181 0.016390
-0.007102 0.018179 0.016390
-0.007102 0.018179 0.016334
-0.007103 0.018176 0.016334
-0.007103 0.018176 0.016278
-0.007103 0.018176 0.016222
-0.007103 0.018176 0.016165
-0.007102 0.018179 0.016222
-0.007102 0.018179 0.016165
-0.007101 0.018181 0.016222
-0.007101 0.018181 0.016165
-0.007099 0.018182 0.016222
-0.007099 0.018182 0.016165
-0.007096 0.018183 0.016222
-0.007096 0.018183 0.016165
-0.007096 0.018183 0.016109
-0.007096 0.018183 0.016053
-0.007099 0.018182 0.016053
-0.007099 0.018182 0.015997
-0.007101 0.018181 0.015997
-0.007101 0.018181 0.015941
-0.007102 0.018179 0.015941
-0.007102 0.018179 0.015884
-0.007103 0.018176 0.015884
-0.007103 0.018176 0.015828
-0.007103 0.018176 0.015772
-0.007103 0.018176 0.015716
-0.007102 0.018179 0.015772
-0.007102 0.018179 0.015716
-0.007101 0.018181 0.015772
-0.007101 0.018181 0.015716
-0.007099 0.018182 0.015772
-0.007099 0.018182 0.015716
-0.007096 0.018183 0.015772
-0.007096 0.018183 0.015716
-0.007096 0.018183 0.015660
-0.007096 0.018183 0.015604
-0.007099 0.018182 0.015604
-0.007099 0.018182 0.015547
-0.007101 0.018181 0.015547
-0.007101 0.018181 0.015491
-0.007102 0.018179 0.015491
-0.007102 0.018179 0.015435
-0.007103 0.018176 0.015435
-0.007103 0.018176 0.015379
-0.007103 0.018176 0.015323
-0.007103 0.018176 0.015266
-0.007102 0.018179 0.015323
-0.007102 0.018179 0.015266
-0.007101 0.018181 0.015323
-0.007101 0.018181 0.015266
-0.007099 0.018182 0.015323
-0.007099 0.018182 0.015266
-0.007096 0.018183 0.015323
-0.007096 0.018183 0.015266
-0.007096 0.018183 0.015210
-0.007096 0.018183 0.015154
-0.007099 0.018182 0.015154
-0.007099 0.018182 0.015098
-0.007101 0.018181 0.015098
-0.007101 0.018181 0.015042
-0.007102 0.018179 0.015042
-0.007102 0.018179 0.014985
-0.007103 0.018176 0.014985
-0.007103 0.018176 0.014929
-0.007103 0.018176 0.014873
-0.007103 0.018176 0.014817
-0.007102 0.018179 0.014873
-0.007102 0.018179 0.014817
-0.007101 0.018181 0.014873
-0.007101 0.018181 0.014817
-0.007099 0.018182 0.014873
-0.007099 0.018182 0.014817
-0.007096 0.018183 0.014873
-0.007096 0.018183 0.014817
-0.007096 0.018183 0.014761
-0.007096 0.018183 0.014704
-0.007099 0.018182 0.014704
-0.007099 0.018182 0.014648
-0.007101 0.018181 0.014648
-0.007101 0.018181 0.014592
-0.007102 0.018179 0.014592
-0.007102 0.018179 0.014536
-0.007103 0.018176 0.014536
-0.007103 0.018176 0.014480
-0.007103 0.018176 0.014423
-0.007103 0.018176 0.014367
-0.007102 0.018179 0.014423
-0.007102 0.018179 0.014367
-0.007101 0.018181 0.014423
-0.007101 0.018181 0.014367
-0.007099 0.018182 0.014423
-0.007099 0.018182 0.014367
-0.007096 0.018183 0.014423
-0.007096 0.018183 0.014367
-0.007096 0.018183 0.014311
-0.007096 0.018183 0.014255
-0.007099 0.018182 0.014255
-0.007099 0.018182 0.014199
-0.007101 0.018181 0.014199
-0.007101 0.018181 0.014142
-0.007102 0.018179 0.014142
-0.007102 0.018179 0.014086
-0.007103 0.018176 0.014086
-0.007103 0.018176 0.014030
-0.007103 0.018176 0.013974
-0.007103 0.018176 0.013918
-0.007102 0.018179 0.013974
-0.007102 0.018179 0.013918
-0.007101 0.018181 0.013974
-0.007101 0.018181 0.013918
-0.007099 0.018182 0.013974
-0.007099 0.018182 0.013918
-0.007096 0.018183 0.013974
-0.007096 0.018183 0.013918
-0.007096 0.018183 0.013861
-0.007096 0.018183 0.013805
-0.007099 0.018182 0.013805
-0.007099 0.018182 0.013749
-0.007101 0.018181 0.013749
-0.007101 0.018181 0.013693
-0.007102 0.018179 0.013693
-0.007102 0.018179 0.013637
-0.007103 0.018176 0.013637
-0.007103 0.018176 0.013581
-0.007103 0.018176 0.013524
-0.007103 0.018176 0.013468
-0.007102 0.018179 0.013524
-0.007102 0.018179 0.013468
-0.007101 0.018181 0.013524
-0.007101 0.018181 0.013468
-0.007099 0.018182 0.013524
-0.007099 0.018182 0.013468
-0.007096 0.018183 0.013524
-0.007096 0.018183 0.013468
-0.007096 0.018183 0.013412
-0.007096 0.018183 0.013356
-0.007099 0.018182 0.013356
-0.007099 0.018182 0.013300
-0.007101 0.018181 0.013300
-0.007101 0.018181 0.013243
-0.007102 0.018179 0.013243
-0.007102 0.018179 0.013187
-0.007103 0.018176 0.013187
-0.007103 0.018176 0.013131
-0.007103 0.018176 0.013075
-0.007103 0.018176 0.013019
-0.007102 0.018179 0.013075
-0.007102 0.018179 0.013019
-0.007101 0.018181 0.013075
-0.007101 0.018181 0.013019
-0.007099 0.018182 0.013075
-0.007099 0.018182 0.013019
-0.007096 0.018183 0.013075
-0.007096 0.018183 0.013019
-0.007096 0.018183 0.012962
-0.007096 0.018183 0.012906
-0.007099 0.018182 0.012906
-0.007099 0.018182 0.012850
-0.007101 0.018181 0.012850
-0.007101 0.018181 0.012794
-0.007102 0.018179 0.012794
-0.007102 0.018179 0.012738
-0.007103 0.018176 0.012738
-0.007103 0.018176 0.012681
-0.007103 0.018176 0.012625
-0.007103 0.018176 0.012569
-0.007102 0.018179 0.012625
-0.007102 0.018179 0.012569
-0.007101 0.018181 0.012625
-0.007101 0.018181 0.012569
-0.007099 0.018182 0.012625
-0.007099 0.018182 0.012569
-0.007096 0.018183 0.012625
-0.007096 0.018183 0.012569
-0.007096 0.018183 0.012513
-0.007096 0.018183 0.012457
-0.007099 0.018182 0.012457
-0.007099 0.018182 0.012400
-0.007101 0.018181 0.012400
-0.007101 0.018181 0.012344
-0.007102 0.018179 0.012344
-0.007102 0.018179 0.012288
-0.007103 0.018176 0.012288
-0.007103 0.018176 0.012232
-0.007103 0.018176 0.012176
-0.007103 0.018176 0.012119
-0.007102 0.018179 0.012176
-0.007102 0.018179 0.012119
-0.007101 0.018181 0.012176
-0.007101 0.018181 0.012119
-0.007099 0.018182 0.012176
-0.007099 0.018182 0.012119
-0.007096 0.018183 0.012176
-0.007096 0.018183 0.012119
-0.007096 0.018183 0.012063
-0.007096 0.018183 0.012007
-0.007099 0.018182 0.012007
-0.007099 0.018182 0.011951
-0.007101 0.018181 0.011951
-0.007101 0.018181 0.011895
-0.007102 0.018179 0.011895
-0.007102 0.018179 0.011839
-0.007103 0.018176 0.011839
-0.007103 0.018176 0.011782
-0.007103 0.018176 0.011726
-0.007103 0.018176 0.011670
-0.007102 0.018179 0.011726
-0.007102 0.018179 0.011670
-0.007101 0.018181 0.011726
-0.007101 0.018181 0.011670
-0.007099 0.018182 0.011726
-0.007099 0.018182 0.011670
-0.007096 0.018183 0.011726
-0.007096 0.018183 0.011670
-0.007096 0.018183 0.011614
-0.007099 0.018182 0.011558
-0.007099 0.018182 0.011501
-0.007101 0.018181 0.011501
-0.007101 0.018181 0.011445
-0.007102 0.018179 0.011445
-0.007102 0.018179 0.011389
-0.007103 0.018176 0.011389
-0.007103 0.018176 0.011333
-0.007103 0.018176 0.012063
-0.007103 0.018176 0.012007
-0.007103 0.018176 0.011951
-0.007102 0.018179 0.012007
-0.007102 0.018179 0.011951
-0.007101 0.018181 0.012007
-0.007101 0.018181 0.000074
-0.007101 0.018181 0.000075
-0.007101 0.018181 0.000075
-0.007101 0.018181 0.000075
-0.007101 0.018181 0.000075
-0.007101 0.018181 0.000075
-0.007101 0.018181 0.000075
-0.007101 0.018181 0.000075
-0.007101 0.018181 0.000075
-0.007101 0.018181 0.000075
-0.007101 0.018181 0.000075
-0.007101 0.018181 0.000075
-0.007101 0.018181 0.000075
-0.007101 0.018181 0.000075
-0.007100 0.018181 0.000074
-0.007100 0.018182 0.000073
-0.007099 0.018182 0.000094
-0.007096 0.018183 0.000150
-0.007099 0.018182 0.000065
-0.007097 0.018183 0.000037
-0.007096 0.018183 0.000094
-0.007096 0.018183 0.000038
-0.007096 0.018183 0.023190
-0.007096 0.018183 0.023134
-0.007096 0.018183 0.023077
-0.007099 0.018182 0.023077
-0.007099 0.018182 0.023021
-0.007101 0.018181 0.023021
-0.007099 0.018182 0.023134
-0.007096 0.018183 0.023021
-0.007099 0.018182 0.022853
-0.007101 0.018181 0.022853
-0.007103 0.018179 0.022853
-0.007103 0.018176 0.022853
-0.007096 0.018183 0.022740
-0.007096 0.018183 0.022684
-0.007096 0.018183 0.022628
-0.007099 0.018182 0.022628
-0.007099 0.018182 0.022572
-0.007101 0.018181 0.022572
-0.007099 0.018182 0.022684
-0.007096 0.018183 0.022572
-0.007099 0.018182 0.022403
-0.007101 0.018181 0.022403
-0.007102 0.018179 0.022403
-0.007103 0.018176 0.022403
-0.007096 0.018183 0.022291
-0.007096 0.018183 0.022234
-0.007096 0.018183 0.022178
-0.007099 0.018182 0.022178
-0.007099 0.018182 0.022122
-0.007101 0.018181 0.022122
-0.007099 0.018182 0.022234
-0.007096 0.018183 0.022122
-0.007099 0.018182 0.021953
-0.007101 0.018181 0.021953
-0.007102 0.018179 0.021953
-0.007103 0.018176 0.021953
-0.007096 0.018183 0.021841
-0.007096 0.018183 0.021785
-0.007096 0.018183 0.021729
-0.007099 0.018182 0.021729
-0.007099 0.018182 0.021672
-0.007101 0.018181 0.021672
-0.007099 0.018182 0.021785
-0.007096 0.018183 0.021672
-0.007099 0.018182 0.021504
-0.007101 0.018181 0.021504
-0.007102 0.018179 0.021504
-0.007103 0.018176 0.021504
-0.007096 0.018183 0.021392
-0.007096 0.018183 0.021335
-0.007096 0.018183 0.021279
-0.007099 0.018182 0.021279
-0.007099 0.018182 0.021223
-0.007101 0.018181 0.021223
-0.007099 0.018182 0.021335
-0.007096 0.018183 0.021223
-0.007099 0.018182 0.021054
-0.007101 0.018181 0.021054
-0.007102 0.018179 0.021054
-0.007103 0.018176 0.021054
-0.007096 0.018183 0.020942
-0.007096 0.018183 0.020886
-0.007096 0.018183 0.020830
-0.007099 0.018182 0.020830
-0.007099 0.018182 0.020773
-0.007101 0.018181 0.020773
-0.007099 0.018182 0.020886
-0.007096 0.018183 0.020773
-0.007099 0.018182 0.020605
-0.007101 0.018181 0.020605
-0.007102 0.018179 0.020605
-0.007103 0.018176 0.020605
-0.007096 0.018183 0.020492
-0.007096 0.018183 0.020436
-0.007096 0.018183 0.020380
-0.007099 0.018182 0.020380
-0.007099 0.018182 0.020324
-0.007101 0.018181 0.020324
-0.007099 0.018182 0.020436
-0.007096 0.018183 0.020324
-0.007099 0.018182 0.020155
-0.007101 0.018181 0.020155
-0.007102 0.018179 0.020155
-0.007103 0.018176 0.020155
-0.007096 0.018183 0.020043
-0.007096 0.018183 0.019987
-0.007096 0.018183 0.019930
-0.007099 0.018182 0.019930
-0.007099 0.018182 0.019874
-0.007101 0.018181 0.019874
-0.007099 0.018182 0.019987
-0.007096 0.018183 0.019874
-0.007099 0.018182 0.019706
-0.007101 0.018181 0.019706
-0.007102 0.018179 0.019706
-0.007103 0.018176 0.019706
-0.007096 0.018183 0.019593
-0.007096 0.018183 0.019537
-0.007096 0.018183 0.019481
-0.007099 0.018182 0.019481
-0.007099 0.018182 0.019425
-0.007101 0.018181 0.019425
-0.007099 0.018182 0.019537
-0.007096 0.018183 0.019425
-0.007099 0.018182 0.019256
-0.007101 0.018181 0.019256
-0.007102 0.018179 0.019256
-0.007103 0.018176 0.019256
-0.007096 0.018183 0.019144
-0.007096 0.018183 0.019088
-0.007096 0.018183 0.019031
-0.007099 0.018182 0.019031
-0.007099 0.018182 0.018975
-0.007101 0.018181 0.018975
-0.007099 0.018182 0.019088
-0.007096 0.018183 0.018975
-0.007099 0.018182 0.018807
-0.007101 0.018181 0.018807
-0.007102 0.018179 0.018807
-0.007103 0.018176 0.018807
-0.007096 0.018183 0.018694
-0.007096 0.018183 0.018638
-0.007096 0.018183 0.018582
-0.007099 0.018182 0.018582
-0.007099 0.018182 0.018526
-0.007101 0.018181 0.018526
-0.007099 0.018182 0.018638
-0.007096 0.018183 0.018526
-0.007099 0.018182 0.018357
-0.007101 0.018181 0.018357
-0.007102 0.018179 0.018357
-0.007103 0.018176 0.018357
-0.007096 0.018183 0.018245
-0.007096 0.018183 0.018188
-0.007096 0.018183 0.018132
-0.007099 0.018182 0.018132
-0.007099 0.018182 0.018076
-0.007101 0.018181 0.018076
-0.007099 0.018182 0.018188
-0.007096 0.018183 0.018076
-0.007099 0.018182 0.017907
-0.007101 0.018181 0.017907
-0.007102 0.018179 0.017907
-0.007103 0.018176 0.017907
-0.007096 0.018183 0.017795
-0.007096 0.018183 0.017739
-0.007096 0.018183 0.017683
-0.007099 0.018182 0.017683
-0.007099 0.018182 0.017627
-0.007101 0.018181 0.017627
-0.007099 0.018182 0.017739
-0.007096 0.018183 0.017627
-0.007099 0.018182 0.017458
-0.007101 0.018181 0.017458
-0.007102 0.018179 0.017458
-0.007103 0.018176 0.017458
-0.007096 0.018183 0.017346
-0.007096 0.018183 0.017289
-0.007096 0.018183 0.017233
-0.007099 0.018182 0.017233
-0.007099 0.018182 0.017177
-0.007101 0.018181 0.017177
-0.007099 0.018182 0.017289
-0.007096 0.018183 0.017177
-0.007099 0.018182 0.017008
-0.007101 0.018181 0.017008
-0.007102 0.018179 0.017008
-0.007103 0.018176 0.017008
-0.007096 0.018183 0.016896
-0.007096 0.018183 0.016840
-0.007096 0.018183 0.016784
-0.007099 0.018182 0.016784
-0.007099 0.018182 0.016727
-0.007101 0.018181 0.016727
-0.007099 0.018182 0.016840
-0.007096 0.018183 0.016727
-0.007099 0.018182 0.016559
-0.007101 0.018181 0.016559
-0.007102 0.018179 0.016559
-0.007103 0.018176 0.016559
-0.007096 0.018183 0.016446
-0.007096 0.018183 0.016390
-0.007096 0.018183 0.016334
-0.007099 0.018182 0.016334
-0.007099 0.018182 0.016278
-0.007101 0.018181 0.016278
-0.007099 0.018182 0.016390
-0.007096 0.018183 0.016278
-0.007099 0.018182 0.016109
-0.007101 0.018181 0.016109
-0.007102 0.018179 0.016109
-0.007103 0.018176 0.016109
-0.007096 0.018183 0.015997
-0.007096 0.018183 0.015941
-0.007096 0.018183 0.015884
-0.007099 0.018182 0.015884
-0.007099 0.018182 0.015828
-0.007101 0.018181 0.015828
-0.007099 0.018182 0.015941
-0.007096 0.018183 0.015828
-0.007099 0.018182 0.015660
-0.007101 0.018181 0.015660
-0.007102 0.018179 0.015660
-0.007103 0.018176 0.015660
-0.007096 0.018183 0.015547
-0.007096 0.018183 0.015491
-0.007096 0.018183 0.015435
-0.007099 0.018182 0.015435
-0.007099 0.018182 0.015379
-0.007101 0.018181 0.015379
-0.007099 0.018182 0.015491
-0.007096 0.018183 0.015379
-0.007099 0.018182 0.015210
-0.007101 0.018181 0.015210
-0.007102 0.018179 0.015210
-0.007103 0.018176 0.015210
-0.007096 0.018183 0.015098
-0.007096 0.018183 0.015042
-0.007096 0.018183 0.014985
-0.007099 0.018182 0.014985
-0.007099 0.018182 0.014929
-0.007101 0.018181 0.014929
-0.007099 0.018182 0.015042
-0.007096 0.018183 0.014929
-0.007099 0.018182 0.014761
-0.007101 0.018181 0.014761
-0.007102 0.018179 0.014761
-0.007103 0.018176 0.014761
-0.007096 0.018183 0.014648
-0.007096 0.018183 0.014592
-0.007096 0.018183 0.014536
-0.007099 0.018182 0.014536
-0.007099 0.018182 0.014480
-0.007101 0.018181 0.014480
-0.007099 0.018182 0.014592
-0.007096 0.018183 0.014480
-0.007099 0.018182 0.014311
-0.007101 0.018181 0.014311
-0.007102 0.018179 0.014311
-0.007103 0.018176 0.014311
-0.007096 0.018183 0.014199
-0.007096 0.018183 0.014142
-0.007096 0.018183 0.014086
-0.007099 0.018182 0.014086
-0.007099 0.018182 0.014030
-0.007101 0.018181 0.014030
-0.007099 0.018182 0.014142
-0.007096 0.018183 0.014030
-0.007099 0.018182 0.013861
-0.007101 0.018181 0.013861
-0.007102 0.018179 0.013861
-0.007103 0.018176 0.013861
-0.007096 0.018183 0.013749
-0.007096 0.018183 0.013693
-0.007096 0.018183 0.013637
-0.007099 0.018182 0.013637
-0.007099 0.018182 0.013581
-0.007101 0.018181 0.013581
-0.007099 0.018182 0.013693
-0.007096 0.018183 0.013581
-0.007099 0.018182 0.013412
-0.007101 0.018181 0.013412
-0.007102 0.018179 0.013412
-0.007103 0.018176 0.013412
-0.007096 0.018183 0.013300
-0.007096 0.018183 0.013243
-0.007096 0.018183 0.013187
-0.007099 0.018182 0.013187
-0.007099 0.018182 0.013131
-0.007101 0.018181 0.013131
-0.007099 0.018182 0.013243
-0.007096 0.018183 0.013131
-0.007099 0.018182 0.012962
-0.007101 0.018181 0.012962
-0.007102 0.018179 0.012962
-0.007103 0.018176 0.012962
-0.007096 0.018183 0.012850
-0.007096 0.018183 0.012794
-0.007096 0.018183 0.012738
-0.007099 0.018182 0.012738
-0.007099 0.018182 0.012681
-0.007101 0.018181 0.012681
-0.007099 0.018182 0.012794
-0.007096 0.018183 0.012681
-0.007099 0.018182 0.012513
-0.007101 0.018181 0.012513
-0.007102 0.018179 0.012513
-0.007103 0.018176 0.012513
-0.007096 0.018183 0.012400
-0.007096 0.018183 0.012344
-0.007096 0.018183 0.012288
-0.007099 0.018182 0.012288
-0.007099 0.018182 0.012232
-0.007101 0.018181 0.012232
-0.007099 0.018182 0.012344
-0.007096 0.018183 0.012232
-0.007099 0.018182 0.012063
-0.007101 0.018181 0.012063
-0.007102 0.018179 0.012063
-0.007096 0.018183 0.011951
-0.007096 0.018183 0.011895
-0.007096 0.018183 0.011839
-0.007099 0.018182 0.011839
-0.007099 0.018182 0.011782
-0.007101 0.018181 0.011782
-0.007099 0.018182 0.011895
-0.007096 0.018183 0.011782
-0.007099 0.018182 0.011614
-0.007101 0.018181 0.011614
-0.007102 0.018179 0.011614
-0.007103 0.018176 0.011614
-0.007096 0.018183 0.011389
-0.007096 0.018183 0.011333
-0.007096 0.018183 0.011277
-0.007099 0.018182 0.011277
-0.007099 0.018182 0.011220
-0.007101 0.018181 0.011220
-0.007099 0.018182 0.011333
-0.007096 0.018183 0.011220
-0.007099 0.018182 0.011052
-0.007101 0.018181 0.011052
-0.007102 0.018179 0.011052
-0.007103 0.018176 0.011052
-0.007096 0.018183 0.010939
-0.007096 0.018183 0.010883
-0.007096 0.018183 0.010827
-0.007099 0.018182 0.010827
-0.007099 0.018182 0.010771
-0.007101 0.018181 0.010771
-0.007099 0.018182 0.010883
-0.007096 0.018183 0.010771
-0.007099 0.018182 0.010602
-0.007101 0.018181 0.010602
-0.007102 0.018179 0.010602
-0.007103 0.018176 0.010602
-0.007096 0.018183 0.010490
-0.007096 0.018183 0.010434
-0.007096 0.018183 0.010377
-0.007099 0.018182 0.010377
-0.007099 0.018182 0.010321
-0.007101 0.018181 0.010321
-0.007099 0.018182 0.010434
-0.007096 0.018183 0.010321
-0.007099 0.018182 0.010153
-0.007101 0.018181 0.010153
-0.007102 0.018179 0.010153
-0.007103 0.018176 0.010153
-0.007096 0.018183 0.010040
-0.007096 0.018183 0.009984
-0.007096 0.018183 0.009928
-0.007099 0.018182 0.009928
-0.007099 0.018182 0.009872
-0.007101 0.018181 0.009872
-0.007099 0.018182 0.009984
-0.007096 0.018183 0.009872
-0.007099 0.018182 0.009703
-0.007101 0.018181 0.009703
-0.007102 0.018179 0.009703
-0.007103 0.018176 0.009703
-0.007096 0.018183 0.009591
-0.007096 0.018183 0.009535
-0.007096 0.018183 0.009478
-0.007099 0.018182 0.009478
-0.007099 0.018182 0.009422
-0.007101 0.018181 0.009422
-0.007099 0.018182 0.009535
-0.007096 0.018183 0.009422
-0.007099 0.018182 0.009254
-0.007101 0.018181 0.009254
-0.007102 0.018179 0.009254
-0.007103 0.018176 0.009254
-0.007096 0.018183 0.009141
-0.007096 0.018183 0.009085
-0.007096 0.018183 0.009029
-0.007099 0.018182 0.009029
-0.007099 0.018182 0.008973
-0.007101 0.018181 0.008973
-0.007099 0.018182 0.009085
-0.007096 0.018183 0.008973
-0.007099 0.018182 0.008804
-0.007101 0.018181 0.008804
-0.007102 0.018179 0.008804
-0.007103 0.018176 0.008804
-0.007096 0.018183 0.008692
-0.007096 0.018183 0.008635
-0.007096 0.018183 0.008579
-0.007099 0.018182 0.008579
-0.007099 0.018182 0.008523
-0.007101 0.018181 0.008523
-0.007099 0.018182 0.008635
-0.007096 0.018183 0.008523
-0.007099 0.018182 0.008354
-0.007101 0.018181 0.008354
-0.007102 0.018179 0.008354
-0.007103 0.018176 0.008354
-0.007096 0.018183 0.008242
-0.007096 0.018183 0.008186
-0.007096 0.018183 0.008130
-0.007099 0.018182 0.008130
-0.007099 0.018182 0.008073
-0.007101 0.018181 0.008073
-0.007099 0.018182 0.008186
-0.007096 0.018183 0.008073
-0.007099 0.018182 0.007905
-0.007101 0.018181 0.007905
-0.007102 0.018179 0.007905
-0.007103 0.018176 0.007905
-0.007096 0.018183 0.007793
-0.007096 0.018183 0.007736
-0.007096 0.018183 0.007680
-0.007099 0.018182 0.007680
-0.007099 0.018182 0.007624
-0.007101 0.018181 0.007624
-0.007099 0.018182 0.007736
-0.007096 0.018183 0.007624
-0.007099 0.018182 0.007455
-0.007101 0.018181 0.007455
-0.007102 0.018179 0.007455
-0.007103 0.018176 0.007455
-0.007096 0.018183 0.007343
-0.007096 0.018183 0.007287
-0.007096 0.018183 0.007231
-0.007099 0.018182 0.007231
-0.007099 0.018182 0.007174
-0.007101 0.018181 0.007174
-0.007099 0.018182 0.007287
-0.007096 0.018183 0.007174
-0.007099 0.018182 0.007006
-0.007101 0.018181 0.007006
-0.007102 0.018179 0.007006
-0.007103 0.018176 0.007006
-0.007096 0.018183 0.006893
-0.007096 0.018183 0.006837
-0.007096 0.018183 0.006781
-0.007099 0.018182 0.006781
-0.007099 0.018182 0.006725
-0.007101 0.018181 0.006725
-0.007099 0.018182 0.006837
-0.007096 0.018183 0.006725
-0.007099 0.018182 0.006556
-0.007101 0.018181 0.006556
-0.007102 0.018179 0.006556
-0.007103 0.018176 0.006556
-0.007096 0.018183 0.006444
-0.007096 0.018183 0.006388
-0.007096 0.018183 0.006331
-0.007099 0.018182 0.006331
-0.007099 0.018182 0.006275
-0.007101 0.018181 0.006275
-0.007099 0.018182 0.006388
-0.007096 0.018183 0.006275
-0.007099 0.018182 0.006107
-0.007101 0.018181 0.006107
-0.007102 0.018179 0.006107
-0.007103 0.018176 0.006107
-0.007096 0.018183 0.005994
-0.007096 0.018183 0.005938
-0.007096 0.018183 0.005882
-0.007099 0.018182 0.005882
-0.007099 0.018182 0.005826
-0.007101 0.018181 0.005826
-0.007099 0.018182 0.005938
-0.007096 0.018183 0.005826
-0.007099 0.018182 0.005657
-0.007101 0.018181 0.005657
-0.007102 0.018179 0.005657
-0.007103 0.018176 0.005657
-0.007096 0.018183 0.005545
-0.007096 0.018183 0.005489
-0.007096 0.018183 0.005432
-0.007099 0.018182 0.005432
-0.007099 0.018182 0.005376
-0.007101 0.018181 0.005376
-0.007099 0.018182 0.005489
-0.007096 0.018183 0.005376
-0.007099 0.018182 0.005208
-0.007101 0.018181 0.005208
-0.007102 0.018179 0.005208
-0.007103 0.018176 0.005208
-0.007096 0.018183 0.005095
-0.007096 0.018183 0.005039
-0.007096 0.018183 0.004983
-0.007099 0.018182 0.004983
-0.007099 0.018182 0.004927
-0.007101 0.018181 0.004927
-0.007099 0.018182 0.005039
-0.007096 0.018183 0.004927
-0.007099 0.018182 0.004758
-0.007101 0.018181 0.004758
-0.007102 0.018179 0.004758
-0.007103 0.018176 0.004758
-0.007096 0.018183 0.004646
-0.007096 0.018183 0.004589
-0.007096 0.018183 0.004533
-0.007099 0.018182 0.004533
-0.007099 0.018182 0.004477
-0.007101 0.018181 0.004477
-0.007099 0.018182 0.004589
-0.007096 0.018183 0.004477
-0.007099 0.018182 0.004308
-0.007101 0.018181 0.004308
-0.007102 0.018179 0.004308
-0.007103 0.018176 0.004308
-0.007096 0.018183 0.004196
-0.007096 0.018183 0.004140
-0.007096 0.018183 0.004084
-0.007099 0.018182 0.004084
-0.007099 0.018182 0.004028
-0.007101 0.018181 0.004028
-0.007099 0.018182 0.004140
-0.007096 0.018183 0.004028
-0.007099 0.018182 0.003859
-0.007101 0.018181 0.003859
-0.007102 0.018179 0.003859
-0.007103 0.018176 0.003859
-0.007096 0.018183 0.003747
-0.007096 0.018183 0.003690
-0.007096 0.018183 0.003634
-0.007099 0.018182 0.003634
-0.007099 0.018182 0.003578
-0.007101 0.018181 0.003578
-0.007099 0.018182 0.003690
-0.007096 0.018183 0.003578
-0.007099 0.018182 0.003409
-0.007101 0.018181 0.003409
-0.007102 0.018179 0.003409
-0.007103 0.018176 0.003409
-0.007096 0.018183 0.003297
-0.007096 0.018183 0.003241
-0.007096 0.018183 0.003185
-0.007099 0.018182 0.003185
-0.007099 0.018182 0.003128
-0.007101 0.018181 0.003128
-0.007099 0.018182 0.003241
-0.007096 0.018183 0.003128
-0.007099 0.018182 0.002960
-0.007101 0.018181 0.002960
-0.007102 0.018179 0.002960
-0.007103 0.018176 0.002960
-0.007096 0.018183 0.002847
-0.007096 0.018183 0.002791
-0.007096 0.018183 0.002735
-0.007099 0.018182 0.002735
-0.007099 0.018182 0.002679
-0.007101 0.018181 0.002679
-0.007099 0.018182 0.002791
-0.007096 0.018183 0.002679
-0.007099 0.018182 0.002510
-0.007101 0.018181 0.002510
-0.007102 0.018179 0.002510
-0.007103 0.018176 0.002510
-0.007096 0.018183 0.002398
-0.007096 0.018183 0.002342
-0.007096 0.018183 0.002286
-0.007099 0.018182 0.002286
-0.007099 0.018182 0.002229
-0.007101 0.018181 0.002229
-0.007099 0.018182 0.002342
-0.007096 0.018183 0.002229
-0.007099 0.018182 0.002061
-0.007101 0.018181 0.002061
-0.007102 0.018179 0.002061
-0.007103 0.018176 0.002061
-0.007096 0.018183 0.001948
-0.007096 0.018183 0.001892
-0.007096 0.018183 0.001836
-0.007099 0.018182 0.001836
-0.007099 0.018182 0.001780
-0.007101 0.018181 0.001780
-0.007099 0.018182 0.001892
-0.007096 0.018183 0.001780
-0.007099 0.018182 0.001611
-0.007101 0.018181 0.001611
-0.007102 0.018179 0.001611
-0.007103 0.018176 0.001611
-0.007096 0.018183 0.001499
-0.007096 0.018183 0.001443
-0.007096 0.018183 0.001386
-0.007099 0.018182 0.001386
-0.007099 0.018182 0.001330
-0.007101 0.018181 0.001330
-0.007099 0.018182 0.001443
-0.007096 0.018183 0.001330
-0.007099 0.018182 0.001162
-0.007101 0.018181 0.001162
-0.007102 0.018179 0.001162
-0.007103 0.018176 0.001162
-0.007096 0.018183 0.001049
-0.007096 0.018183 0.000993
-0.007096 0.018183 0.000937
-0.007099 0.018182 0.000937
-0.007099 0.018182 0.000881
-0.007101 0.018181 0.000881
-0.007099 0.018182 0.000993
-0.007096 0.018183 0.000881
-0.007099 0.018182 0.000712
-0.007101 0.018181 0.000712
-0.007102 0.018179 0.000712
-0.007103 0.018176 0.000712
-0.007096 0.018183 0.000600
-0.007096 0.018183 0.000543
-0.007096 0.018183 0.000487
-0.007099 0.018182 0.000487
-0.007099 0.018182 0.000431
-0.007101 0.018181 0.000431
-0.007099 0.018182 0.000543
-0.007096 0.018183 0.000431
-0.007099 0.018182 0.000263
-0.007101 0.018181 0.000263
-0.007102 0.018179 0.000263
-0.007103 0.018176 0.000263
-0.007103 0.018176 0.000150
-0.007103 0.018176 0.000206
-0.007102 0.018179 0.000150
-0.007102 0.018179 0.000206
-0.007101 0.018181 0.000206
-0.007102 0.018179 0.000431
-0.007103 0.018176 0.000543
-0.007103 0.018176 0.000600
-0.007103 0.018176 0.000656
-0.007102 0.018179 0.000656
-0.007102 0.018179 0.000600
-0.007102 0.018179 0.000881
-0.007103 0.018176 0.000993
-0.007103 0.018176 0.001049
-0.007103 0.018176 0.001105
-0.007102 0.018179 0.001105
-0.007102 0.018179 0.001049
-0.007102 0.018179 0.001330
-0.007103 0.018176 0.001443
-0.007103 0.018176 0.001499
-0.007103 0.018176 0.001555
-0.007102 0.018179 0.001555
-0.007102 0.018179 0.001499
-0.007102 0.018179 0.001780
-0.007103 0.018176 0.001892
-0.007103 0.018176 0.001948
-0.007103 0.018176 0.002005
-0.007102 0.018179 0.002005
-0.007102 0.018179 0.001948
-0.007102 0.018179 0.002229
-0.007103 0.018176 0.002342
-0.007103 0.018176 0.002398
-0.007103 0.018176 0.002454
-0.007102 0.018179 0.002454
-0.007102 0.018179 0.002398
-0.007102 0.018179 0.002679
-0.007103 0.018176 0.002791
-0.007103 0.018176 0.002847
-0.007103 0.018176 0.002904
-0.007102 0.018179 0.002904
-0.007102 0.018179 0.002847
-0.007102 0.018179 0.003128
-0.007103 0.018176 0.003241
-0.007103 0.018176 0.003297
-0.007103 0.018176 0.003353
-0.007102 0.018179 0.003353
-0.007102 0.018179 0.003297
-0.007102 0.018179 0.003578
-0.007103 0.018176 0.003690
-0.007103 0.018176 0.003747
-0.007103 0.018176 0.003803
-0.007102 0.018179 0.003803
-0.007102 0.018179 0.003747
-0.007102 0.018179 0.004028
-0.007103 0.018176 0.004140
-0.007103 0.018176 0.004196
-0.007103 0.018176 0.004252
-0.007102 0.018179 0.004252
-0.007102 0.018179 0.004196
-0.007102 0.018179 0.004477
-0.007103 0.018176 0.004589
-0.007103 0.018176 0.004646
-0.007103 0.018176 0.004702
-0.007102 0.018179 0.004702
-0.007102 0.018179 0.004646
-0.007102 0.018179 0.004927
-0.007103 0.018176 0.005039
-0.007103 0.018176 0.005095
-0.007103 0.018176 0.005151
-0.007102 0.018179 0.005151
-0.007102 0.018179 0.005095
-0.007102 0.018179 0.005376
-0.007103 0.018176 0.005489
-0.007103 0.018176 0.005545
-0.007103 0.018176 0.005601
-0.007102 0.018179 0.005601
-0.007102 0.018179 0.005545
-0.007102 0.018179 0.005826
-0.007103 0.018176 0.005938
-0.007103 0.018176 0.005994
-0.007103 0.018176 0.006051
-0.007102 0.018179 0.006051
-0.007102 0.018179 0.005994
-0.007102 0.018179 0.006275
-0.007103 0.018176 0.006388
-0.007103 0.018176 0.006444
-0.007103 0.018176 0.006500
-0.007102 0.018179 0.006500
-0.007102 0.018179 0.006444
-0.007102 0.018179 0.006725
-0.007103 0.018176 0.006837
-0.007103 0.018176 0.006893
-0.007103 0.018176 0.006950
-0.007102 0.018179 0.006950
-0.007102 0.018179 0.006893
-0.007102 0.018179 0.007174
-0.007103 0.018176 0.007287
-0.007103 0.018176 0.007343
-0.007103 0.018176 0.007399
-0.007102 0.018179 0.007399
-0.007102 0.018179 0.007343
-0.007102 0.018179 0.007624
-0.007103 0.018176 0.007736
-0.007103 0.018176 0.007793
-0.007103 0.018176 0.007849
-0.007102 0.018179 0.007849
-0.007102 0.018179 0.007793
-0.007102 0.018179 0.008073
-0.007103 0.018176 0.008186
-0.007103 0.018176 0.008242
-0.007103 0.018176 0.008298
-0.007102 0.018179 0.008298
-0.007102 0.018179 0.008242
-0.007102 0.018179 0.008523
-0.007103 0.018176 0.008635
-0.007103 0.018176 0.008692
-0.007103 0.018176 0.008748
-0.007102 0.018179 0.008748
-0.007102 0.018179 0.008692
-0.007102 0.018179 0.008973
-0.007103 0.018176 0.009085
-0.007103 0.018176 0.009141
-0.007103 0.018176 0.009197
-0.007102 0.018179 0.009197
-0.007102 0.018179 0.009141
-0.007102 0.018179 0.009422
-0.007103 0.018176 0.009535
-0.007103 0.018176 0.009591
-0.007103 0.018176 0.009647
-0.007102 0.018179 0.009647
-0.007102 0.018179 0.009591
-0.007102 0.018179 0.009872
-0.007103 0.018176 0.009984
-0.007103 0.018176 0.010040
-0.007103 0.018176 0.010096
-0.007102 0.018179 0.010096
-0.007102 0.018179 0.010040
-0.007102 0.018179 0.010321
-0.007103 0.018176 0.010434
-0.007103 0.018176 0.010490
-0.007103 0.018176 0.010546
-0.007102 0.018179 0.010546
-0.007102 0.018179 0.010490
-0.007102 0.018179 0.010771
-0.007103 0.018176 0.010883
-0.007103 0.018176 0.010939
-0.007103 0.018176 0.010996
-0.007102 0.018179 0.010996
-0.007102 0.018179 0.010939
-0.007102 0.018179 0.011220
-0.007103 0.018176 0.011445
-0.007103 0.018176 0.011501
-0.007103 0.018176 0.011558
-0.007102 0.018179 0.011558
-0.007102 0.018179 0.011501
-0.007102 0.018179 0.011782
-0.007103 0.018176 0.011895
-0.007102 0.018179 0.012232
-0.007103 0.018176 0.012344
-0.007103 0.018176 0.012400
-0.007103 0.018176 0.012457
-0.007102 0.018179 0.012457
-0.007102 0.018179 0.012400
-0.007102 0.018179 0.012681
-0.007103 0.018176 0.012794
-0.007103 0.018176 0.012850
-0.007103 0.018176 0.012906
-0.007102 0.018179 0.012906
-0.007102 0.018179 0.012850
-0.007102 0.018179 0.013131
-0.007103 0.018176 0.013243
-0.007103 0.018176 0.013300
-0.007103 0.018176 0.013356
-0.007102 0.018179 0.013356
-0.007102 0.018179 0.013300
-0.007102 0.018179 0.013581
-0.007103 0.018176 0.013693
-0.007103 0.018176 0.013749
-0.007103 0.018176 0.013805
-0.007102 0.018179 0.013805
-0.007102 0.018179 0.013749
-0.007102 0.018179 0.014030
-0.007103 0.018176 0.014142
-0.007103 0.018176 0.014199
-0.007103 0.018176 0.014255
-0.007102 0.018179 0.014255
-0.007102 0.018179 0.014199
-0.007102 0.018179 0.014480
-0.007103 0.018176 0.014592
-0.007103 0.018176 0.014648
-0.007103 0.018176 0.014704
-0.007102 0.018179 0.014704
-0.007102 0.018179 0.014648
-0.007102 0.018179 0.014929
-0.007103 0.018176 0.015042
-0.007103 0.018176 0.015098
-0.007103 0.018176 0.015154
-0.007102 0.018179 0.015154
-0.007102 0.018179 0.015098
-0.007102 0.018179 0.015379
-0.007103 0.018176 0.015491
-0.007103 0.018176 0.015547
-0.007103 0.018176 0.015604
-0.007102 0.018179 0.015604
-0.007102 0.018179 0.015547
-0.007102 0.018179 0.015828
-0.007103 0.018176 0.015941
-0.007103 0.018176 0.015997
-0.007103 0.018176 0.016053
-0.007102 0.018179 0.016053
-0.007102 0.018179 0.015997
-0.007102 0.018179 0.016278
-0.007103 0.018176 0.016390
-0.007103 0.018176 0.016446
-0.007103 0.018176 0.016503
-0.007102 0.018179 0.016503
-0.007102 0.018179 0.016446
-0.007102 0.018179 0.016727
-0.007103 0.018176 0.016840
-0.007103 0.018176 0.016896
-0.007103 0.018176 0.016952
-0.007102 0.018179 0.016952
-0.007102 0.018179 0.016896
-0.007102 0.018179 0.017177
-0.007103 0.018176 0.017289
-0.007103 0.018176 0.017346
-0.007103 0.018176 0.017402
-0.007102 0.018179 0.017402
-0.007102 0.018179 0.017346
-0.007102 0.018179 0.017627
-0.007103 0.018176 0.017739
-0.007103 0.018176 0.017795
-0.007103 0.018176 0.017851
-0.007102 0.018179 0.017851
-0.007102 0.018179 0.017795
-0.007102 0.018179 0.018076
-0.007103 0.018176 0.018188
-0.007103 0.018176 0.018245
-0.007103 0.018176 0.018301
-0.007102 0.018179 0.018301
-0.007102 0.018179 0.018245
-0.007102 0.018179 0.018526
-0.007103 0.018176 0.018638
-0.007103 0.018176 0.018694
-0.007103 0.018176 0.018750
-0.007102 0.018179 0.018750
-0.007102 0.018179 0.018694
-0.007102 0.018179 0.018975
-0.007103 0.018176 0.019088
-0.007103 0.018176 0.019144
-0.007103 0.018176 0.019200
-0.007102 0.018179 0.019200
-0.007102 0.018179 0.019144
-0.007102 0.018179 0.019425
-0.007103 0.018176 0.019537
-0.007103 0.018176 0.019593
-0.007103 0.018176 0.019649
-0.007102 0.018179 0.019649
-0.007102 0.018179 0.019593
-0.007102 0.018179 0.019874
-0.007103 0.018176 0.019987
-0.007103 0.018176 0.020043
-0.007103 0.018176 0.020099
-0.007102 0.018179 0.020099
-0.007102 0.018179 0.020043
-0.007102 0.018179 0.020324
-0.007103 0.018176 0.020436
-0.007103 0.018176 0.020492
-0.007103 0.018176 0.020549
-0.007102 0.018179 0.020549
-0.007102 0.018179 0.020492
-0.007102 0.018179 0.020773
-0.007103 0.018176 0.020886
-0.007103 0.018176 0.020942
-0.007103 0.018176 0.020998
-0.007102 0.018179 0.020998
-0.007102 0.018179 0.020942
-0.007102 0.018179 0.021223
-0.007103 0.018176 0.021335
-0.007103 0.018176 0.021392
-0.007103 0.018176 0.021448
-0.007102 0.018179 0.021448
-0.007102 0.018179 0.021392
-0.007102 0.018179 0.021672
-0.007103 0.018176 0.021785
-0.007103 0.018176 0.021841
-0.007103 0.018176 0.021897
-0.007102 0.018179 0.021897
-0.007102 0.018179 0.021841
-0.007102 0.018179 0.022122
-0.007103 0.018176 0.022234
-0.007103 0.018176 0.022291
-0.007103 0.018176 0.022347
-0.007102 0.018179 0.022347
-0.007102 0.018179 0.022291
-0.007102 0.018179 0.022572
-0.007103 0.018176 0.022684
-0.007103 0.018176 0.022740
-0.007103 0.018176 0.022796
-0.007103 0.018179 0.022796
-0.007103 0.018179 0.022740
-0.007103 0.018179 0.023021
-0.007104 0.018176 0.023134
-0.007104 0.018176 0.023190
-0.007104 0.018176 0.023246
-0.007103 0.018179 0.023246
-0.007103 0.018179 0.023302
-0.007101 0.018181 0.023302
-0.007101 0.018181 0.023358
-0.007099 0.018182 0.023358
-0.007099 0.018182 0.023414
-0.007103 0.018179 0.023190
-0.007104 0.018176 0.023302
-0.007104 0.018176 0.023358
-0.007104 0.018176 0.023414
-0.007103 0.018179 0.023414
-0.007103 0.018179 0.023471
-0.007101 0.018181 0.023471
-0.007101 0.018181 0.023527
-0.007101 0.018181 0.023583
-0.007101 0.018181 0.023639
-0.007103 0.018179 0.023583
-0.007103 0.018179 0.023639
-0.007104 0.018176 0.023583
-0.007104 0.018176 0.023639
-0.007104 0.018176 0.023695
-0.007104 0.018176 0.023752
-0.007103 0.018179 0.023752
-0.007103 0.018179 0.023808
-0.007103 0.018179 0.023358
-0.007104 0.018176 0.023471
-0.007104 0.018176 0.023527
-0.007103 0.018179 0.023527
-0.007103 0.018179 0.023695
-0.007104 0.018176 0.023808
-0.007104 0.018176 0.023864
-0.007104 0.018176 0.023920
-0.007104 0.018176 0.023976
-0.007101 0.018181 0.000487
-0.007101 0.018181 0.000656
-0.007101 0.018181 0.000937
-0.007101 0.018181 0.001105
-0.007101 0.018181 0.001386
-0.007101 0.018181 0.001555
-0.007101 0.018181 0.001836
-0.007101 0.018181 0.002005
-0.007101 0.018181 0.002286
-0.007101 0.018181 0.002454
-0.007101 0.018181 0.002735
-0.007101 0.018181 0.002904
-0.007101 0.018181 0.003185
-0.007101 0.018181 0.003353
-0.007101 0.018181 0.003634
-0.007101 0.018181 0.003803
-0.007101 0.018181 0.004084
-0.007101 0.018181 0.004252
-0.007101 0.018181 0.004533
-0.007101 0.018181 0.004702
-0.007101 0.018181 0.004983
-0.007101 0.018181 0.005151
-0.007101 0.018181 0.005432
-0.007101 0.018181 0.005601
-0.007101 0.018181 0.005882
-0.007101 0.018181 0.006051
-0.007101 0.018181 0.006331
-0.007101 0.018181 0.006500
-0.007101 0.018181 0.006781
-0.007101 0.018181 0.006950
-0.007101 0.018181 0.007231
-0.007101 0.018181 0.007399
-0.007101 0.018181 0.007680
-0.007101 0.018181 0.007849
-0.007101 0.018181 0.008130
-0.007101 0.018181 0.008298
-0.007101 0.018181 0.008579
-0.007101 0.018181 0.008748
-0.007101 0.018181 0.009029
-0.007101 0.018181 0.009197
-0.007101 0.018181 0.009478
-0.007101 0.018181 0.009647
-0.007101 0.018181 0.009928
-0.007101 0.018181 0.010096
-0.007101 0.018181 0.010377
-0.007101 0.018181 0.010546
-0.007101 0.018181 0.010827
-0.007101 0.018181 0.010996
-0.007101 0.018181 0.011277
-0.007101 0.018181 0.011558
-0.007101 0.018181 0.011839
-0.007101 0.018181 0.012288
-0.007101 0.018181 0.012457
-0.007101 0.018181 0.012738
-0.007101 0.018181 0.012906
-0.007101 0.018181 0.013187
-0.007101 0.018181 0.013356
-0.007101 0.018181 0.013637
-0.007101 0.018181 0.013805
-0.007101 0.018181 0.014086
-0.007101 0.018181 0.014255
-0.007101 0.018181 0.014536
-0.007101 0.018181 0.014704
-0.007101 0.018181 0.014985
-0.007101 0.018181 0.015154
-0.007101 0.018181 0.015435
-0.007101 0.018181 0.015604
-0.007101 0.018181 0.015884
-0.007101 0.018181 0.016053
-0.007101 0.018181 0.016334
-0.007101 0.018181 0.016503
-0.007101 0.018181 0.016784
-0.007101 0.018181 0.016952
-0.007101 0.018181 0.017233
-0.007101 0.018181 0.017402
-0.007101 0.018181 0.017683
-0.007101 0.018181 0.017851
-0.007101 0.018181 0.018132
-0.007101 0.018181 0.018301
-0.007101 0.018181 0.018582
-0.007101 0.018181 0.018750
-0.007101 0.018181 0.019031
-0.007101 0.018181 0.019200
-0.007101 0.018181 0.019481
-0.007101 0.018181 0.019649
-0.007101 0.018181 0.019930
-0.007101 0.018181 0.020099
-0.007101 0.018181 0.020380
-0.007101 0.018181 0.020549
-0.007101 0.018181 0.020830
-0.007101 0.018181 0.020998
-0.007101 0.018181 0.021279
-0.007101 0.018181 0.021448
-0.007101 0.018181 0.021729
-0.007101 0.018181 0.021897
-0.007101 0.018181 0.022178
-0.007101 0.018181 0.022347
-0.007101 0.018181 0.022628
-0.007101 0.018181 0.022796
-0.007101 0.018181 0.023077
-0.007101 0.018181 0.023246
-0.007101 0.018181 0.023414
-0.007099 0.018182 0.023302
-0.007094 0.019684 0.023149
-0.007219 0.019114 0.023238
-0.007094 0.018844 0.023149
-0.007194 0.018929 0.023238
-0.007170 0.018743 0.023238
-0.007293 0.018909 0.023326
-0.007244 0.018727 0.023326
-0.007389 0.018876 0.023415
-0.007316 0.018703 0.023415
-0.007479 0.018831 0.023504
-0.007384 0.018669 0.023504
-0.007548 0.018785 0.023577
-0.007436 0.018634 0.023577
-0.007612 0.018732 0.023650
-0.007484 0.018594 0.023650
-0.007687 0.018651 0.023748
-0.007541 0.018533 0.023748
-0.007749 0.018559 0.023845
-0.007588 0.018464 0.023845
-0.007798 0.018460 0.023943
-0.007625 0.018389 0.023943
-0.007833 0.018355 0.024040
-0.007651 0.018310 0.024040
-0.007764 0.018174 0.024201
-0.007560 0.018288 0.024040
-0.007468 0.018266 0.024040
-0.007451 0.018319 0.023943
-0.007364 0.018284 0.023943
-0.007345 0.018322 0.023845
-0.007264 0.018274 0.023845
-0.007248 0.018298 0.023748
-0.007175 0.018239 0.023748
-0.007165 0.018250 0.023650
-0.007244 0.019299 0.023238
-0.007389 0.019654 0.023280
-0.007391 0.019269 0.023326
-0.007672 0.019568 0.023412
-0.007534 0.019221 0.023415
-0.007668 0.019154 0.023504
-0.007461 0.019048 0.023415
-0.007574 0.018992 0.023504
-0.007933 0.019429 0.023543
-0.007772 0.019085 0.023577
-0.007660 0.018935 0.023577
-0.008161 0.019241 0.023675
-0.007866 0.019006 0.023650
-0.007739 0.018869 0.023650
-0.007978 0.018885 0.023748
-0.008347 0.019012 0.023807
-0.008071 0.018748 0.023845
-0.008486 0.018751 0.023938
-0.008144 0.018600 0.023943
-0.008196 0.018443 0.024040
-0.007971 0.018530 0.023943
-0.008014 0.018399 0.024040
-0.008574 0.018468 0.024070
-0.007377 0.018243 0.024040
-0.007277 0.018248 0.023943
-0.007183 0.018226 0.023845
-0.007132 0.018463 0.023238
-0.007120 0.018370 0.023238
-0.007108 0.018277 0.023238
-0.007146 0.018365 0.023326
-0.007121 0.018274 0.023326
-0.007170 0.018356 0.023415
-0.007134 0.018270 0.023415
-0.007194 0.018345 0.023504
-0.007146 0.018264 0.023504
-0.007212 0.018333 0.023577
-0.007156 0.018257 0.023577
-0.007228 0.018319 0.023650
-0.007286 0.018221 0.024040
-0.007195 0.018199 0.024040
-0.007190 0.018213 0.023943
-0.007157 0.018649 0.023238
-0.007219 0.018637 0.023326
-0.007280 0.018616 0.023415
-0.007337 0.018588 0.023504
-0.007380 0.018559 0.023577
-0.007420 0.018526 0.023650
-0.007467 0.018474 0.023748
-0.007507 0.018417 0.023845
-0.007538 0.018354 0.023943
-0.007342 0.019089 0.023326
-0.007832 0.018768 0.023748
-0.007910 0.018654 0.023845
-0.007145 0.018556 0.023238
-0.007195 0.018546 0.023326
-0.007243 0.018529 0.023415
-0.007289 0.018507 0.023504
-0.007324 0.018484 0.023577
-0.007356 0.018457 0.023650
-0.007394 0.018415 0.023748
-0.007426 0.018369 0.023845
-0.007170 0.018455 0.023326
-0.007207 0.018443 0.023415
-0.007241 0.018426 0.023504
-0.007268 0.018408 0.023577
-0.007292 0.018388 0.023650
-0.007321 0.018357 0.023748
-0.001973 0.019684 0.006470
-0.001836 0.019684 0.006843
-0.001615 0.019684 0.007173
-0.001323 0.019684 0.007443
-0.000977 0.019684 0.007637
-0.000594 0.019684 0.007745
-0.000197 0.019684 0.007760
0.000192 0.019684 0.007683
0.000553 0.019684 0.007516
0.000865 0.019684 0.007270
0.011539 0.019684 0.004516
0.005939 0.019684 0.002196
0.006315 0.019684 0.001756
0.006618 0.019684 0.001262
0.006839 0.019684 0.000727
0.006975 0.019684 0.000164
0.007020 0.019684 -0.000413
0.012620 0.019684 0.001907
0.007020 0.019684 -0.007837
0.012620 0.019684 -0.011111
0.011539 0.019684 -0.013720
0.011915 0.019684 -0.013280
0.012218 0.019684 -0.012786
0.012439 0.019684 -0.012251
0.012575 0.019684 -0.011688
0.011915 0.019684 0.004076
0.012218 0.019684 0.003582
0.012439 0.019684 0.003047
0.012575 0.019684 0.002484
0.006975 0.019684 -0.008414
0.008461 0.019684 -0.016798
0.006839 0.019684 -0.008977
0.006618 0.019684 -0.009512
0.008085 0.019684 -0.017239
0.006315 0.019684 -0.010006
0.007782 0.019684 -0.017732
0.005939 0.019684 -0.010446
0.007561 0.019684 -0.018267
0.007426 0.019684 -0.018830
0.003598 0.019684 -0.023000
0.007380 0.019684 -0.019408
0.003806 0.019684 -0.023358
0.003915 0.019684 -0.023757
0.003918 0.019684 -0.024171
0.007380 0.019684 -0.031539
0.003815 0.019684 -0.024571
0.006299 0.019684 -0.034148
0.003815 0.019684 -0.033279
0.003918 0.019684 -0.033679
0.003915 0.019684 -0.034093
0.003806 0.019684 -0.034492
0.003598 0.019684 -0.034850
0.002603 0.019684 -0.037844
0.003305 0.019684 -0.035143
0.002948 0.019684 -0.035351
0.002548 0.019684 -0.035460
0.002135 0.019684 -0.035463
0.002163 0.019684 -0.038220
0.001734 0.019684 -0.035360
0.001669 0.019684 -0.038523
0.001373 0.019684 -0.035157
0.001134 0.019684 -0.038744
0.001076 0.019684 -0.034869
0.000571 0.019684 -0.038880
0.000863 0.019684 -0.034514
-0.000006 0.019684 -0.038925
0.000015 0.019684 -0.033753
-0.000699 0.019684 -0.034079
-0.001451 0.019684 -0.034299
-0.002228 0.019684 -0.034411
-0.003012 0.019684 -0.034411
-0.005234 0.019684 -0.038925
-0.003788 0.019684 -0.034299
-0.004541 0.019684 -0.034079
-0.005254 0.019684 -0.033753
-0.006103 0.019684 -0.034514
-0.005365 0.019684 -0.033709
-0.005484 0.019684 -0.033692
-0.005603 0.019684 -0.033704
-0.005716 0.019684 -0.033744
-0.005988 0.019684 -0.034116
-0.005816 0.019684 -0.033809
-0.005897 0.019684 -0.033897
-0.005956 0.019684 -0.034001
0.007335 0.019684 -0.032116
0.007200 0.019684 -0.032679
0.006978 0.019684 -0.033214
0.006675 0.019684 -0.033708
-0.005811 0.019684 -0.038880
-0.006316 0.019684 -0.034869
-0.006374 0.019684 -0.038744
-0.006613 0.019684 -0.035157
-0.006909 0.019684 -0.038523
-0.006974 0.019684 -0.035360
-0.007402 0.019684 -0.038220
-0.007374 0.019684 -0.035463
-0.007843 0.019684 -0.037844
-0.007788 0.019684 -0.035460
-0.008187 0.019684 -0.035351
-0.008545 0.019684 -0.035143
-0.008838 0.019684 -0.034850
-0.011539 0.019684 -0.034148
-0.009046 0.019684 -0.034492
-0.009155 0.019684 -0.034093
-0.009158 0.019684 -0.033679
-0.009054 0.019684 -0.033279
-0.009054 0.019684 -0.024571
-0.008106 0.019684 -0.029317
-0.008106 0.019684 -0.028533
-0.008852 0.019684 -0.024932
-0.008564 0.019684 -0.025229
-0.012620 0.019684 -0.031539
-0.011915 0.019684 -0.033708
-0.012218 0.019684 -0.033214
-0.012439 0.019684 -0.032679
-0.012574 0.019684 -0.032116
-0.012620 0.019684 -0.010784
-0.009155 0.019684 -0.023757
-0.009158 0.019684 -0.024171
-0.012575 0.019684 -0.010207
-0.012439 0.019684 -0.009644
-0.012218 0.019684 -0.009109
-0.011915 0.019684 -0.008615
-0.011539 0.019684 -0.008175
-0.008545 0.019684 -0.022707
-0.008838 0.019684 -0.023000
-0.008187 0.019684 -0.022499
-0.008115 0.019684 -0.004750
-0.007788 0.019684 -0.022390
-0.007374 0.019684 -0.022387
-0.006974 0.019684 -0.022490
-0.007905 0.019684 -0.004494
-0.002020 0.019684 -0.014325
-0.007749 0.019684 -0.004202
-0.007652 0.019684 -0.003885
-0.007620 0.019684 -0.003555
-0.002020 0.019684 0.006075
-0.007620 0.019684 -0.002468
-0.007348 0.019684 -0.001919
-0.007602 0.019684 -0.002310
-0.007548 0.019684 -0.002161
-0.007462 0.019684 -0.002028
-0.006103 0.019684 -0.023336
-0.005716 0.019684 -0.024106
-0.005988 0.019684 -0.023734
-0.005816 0.019684 -0.024041
-0.005897 0.019684 -0.023953
-0.006316 0.019684 -0.022981
-0.004541 0.019684 -0.023771
-0.005254 0.019684 -0.024097
-0.005365 0.019684 -0.024141
-0.006613 0.019684 -0.022693
-0.009046 0.019684 -0.023358
-0.007994 0.019684 -0.027757
-0.008209 0.019684 -0.025442
-0.007774 0.019684 -0.027004
-0.007811 0.019684 -0.025557
-0.007696 0.019684 -0.025589
-0.007448 0.019684 -0.026291
-0.007592 0.019684 -0.025648
-0.007504 0.019684 -0.025729
-0.007439 0.019684 -0.025829
-0.007404 0.019684 -0.026180
-0.007399 0.019684 -0.025942
-0.007387 0.019684 -0.026061
-0.007994 0.019684 -0.030093
-0.008564 0.019684 -0.032621
-0.008852 0.019684 -0.032918
-0.008209 0.019684 -0.032408
-0.007774 0.019684 -0.030846
-0.007811 0.019684 -0.032293
-0.007696 0.019684 -0.032261
-0.007448 0.019684 -0.031559
-0.007592 0.019684 -0.032202
-0.007504 0.019684 -0.032121
-0.007439 0.019684 -0.032021
-0.007404 0.019684 -0.031670
-0.007399 0.019684 -0.031908
-0.007387 0.019684 -0.031789
0.000126 0.019684 -0.033709
0.000244 0.019684 -0.033692
0.000363 0.019684 -0.033704
0.000476 0.019684 -0.033744
0.000748 0.019684 -0.034116
0.000576 0.019684 -0.033809
0.000658 0.019684 -0.033897
0.000716 0.019684 -0.034001
0.003612 0.019684 -0.032918
0.002866 0.019684 -0.029317
0.002866 0.019684 -0.028533
0.003612 0.019684 -0.024932
0.003324 0.019684 -0.025229
0.002755 0.019684 -0.027757
0.002969 0.019684 -0.025442
0.002534 0.019684 -0.027004
0.002572 0.019684 -0.025557
0.002456 0.019684 -0.025589
0.002208 0.019684 -0.026291
0.002352 0.019684 -0.025647
0.002265 0.019684 -0.025729
0.002199 0.019684 -0.025829
0.002164 0.019684 -0.026179
0.002159 0.019684 -0.025942
0.002147 0.019684 -0.026061
0.003324 0.019684 -0.032621
0.002755 0.019684 -0.030093
0.002969 0.019684 -0.032408
0.002534 0.019684 -0.030846
0.002572 0.019684 -0.032293
0.002456 0.019684 -0.032261
0.002208 0.019684 -0.031559
0.002352 0.019684 -0.032202
0.002265 0.019684 -0.032121
0.002199 0.019684 -0.032021
0.002164 0.019684 -0.031670
0.002159 0.019684 -0.031908
0.002147 0.019684 -0.031789
0.003305 0.019684 -0.022707
0.000865 0.019684 -0.015520
0.002948 0.019684 -0.022499
0.002548 0.019684 -0.022390
0.002135 0.019684 -0.022387
0.001734 0.019684 -0.022490
0.001373 0.019684 -0.022693
0.000553 0.019684 -0.015766
0.001076 0.019684 -0.022981
0.000192 0.019684 -0.015933
-0.000197 0.019684 -0.016010
0.000863 0.019684 -0.023336
0.000014 0.019684 -0.024097
0.000126 0.019684 -0.024141
0.000244 0.019684 -0.024158
0.000363 0.019684 -0.024146
0.000476 0.019684 -0.024106
0.000748 0.019684 -0.023734
0.000576 0.019684 -0.024041
0.000658 0.019684 -0.023953
0.000716 0.019684 -0.023849
-0.000699 0.019684 -0.023771
-0.000594 0.019684 -0.015995
-0.001451 0.019684 -0.023551
-0.000977 0.019684 -0.015887
-0.001323 0.019684 -0.015693
-0.002228 0.019684 -0.023439
-0.001615 0.019684 -0.015423
-0.003012 0.019684 -0.023439
-0.001836 0.019684 -0.015093
-0.001973 0.019684 -0.014720
-0.003788 0.019684 -0.023551
-0.005484 0.019684 -0.024158
-0.005603 0.019684 -0.024146
-0.005956 0.019684 -0.023849
-0.001973 0.018184 0.006470
-0.001836 0.018184 0.006843
-0.001615 0.018184 0.007173
-0.002020 0.018184 0.006075
-0.002020 0.018184 -0.014325
-0.007652 0.018184 -0.003885
-0.007620 0.018184 -0.003555
-0.007348 0.018184 -0.001919
-0.007620 0.018184 -0.002468
-0.007462 0.018184 -0.002028
-0.007548 0.018184 -0.002161
-0.007602 0.018184 -0.002310
-0.007749 0.018184 -0.004202
-0.007905 0.018184 -0.004494
-0.006974 0.018184 -0.022490
-0.008115 0.018184 -0.004750
-0.007374 0.018184 -0.022387
-0.007788 0.018184 -0.022390
-0.008187 0.018184 -0.022499
-0.011539 0.018184 -0.008175
-0.008545 0.018184 -0.022707
-0.012620 0.018184 -0.010784
-0.008838 0.018184 -0.023000
-0.009046 0.018184 -0.023358
-0.009155 0.018184 -0.023757
-0.012620 0.018184 -0.031539
-0.009158 0.018184 -0.024171
-0.009054 0.018184 -0.024571
-0.011539 0.018184 -0.034148
-0.009054 0.018184 -0.033279
-0.009158 0.018184 -0.033679
-0.009155 0.018184 -0.034093
-0.009046 0.018184 -0.034492
-0.008838 0.018184 -0.034850
-0.007843 0.018184 -0.037844
-0.008545 0.018184 -0.035143
-0.008187 0.018184 -0.035351
-0.007788 0.018184 -0.035460
-0.007374 0.018184 -0.035463
-0.007402 0.018184 -0.038220
-0.006974 0.018184 -0.035360
-0.006909 0.018184 -0.038523
-0.006613 0.018184 -0.035157
-0.006374 0.018184 -0.038744
-0.006316 0.018184 -0.034869
-0.005811 0.018184 -0.038880
-0.006103 0.018184 -0.034514
-0.005234 0.018184 -0.038925
-0.005254 0.018184 -0.033753
-0.004541 0.018184 -0.034079
-0.003788 0.018184 -0.034299
-0.003012 0.018184 -0.034411
-0.000006 0.018184 -0.038925
-0.002228 0.018184 -0.034411
-0.001451 0.018184 -0.034299
-0.000699 0.018184 -0.034079
0.000015 0.018184 -0.033753
0.000863 0.018184 -0.034514
0.000126 0.018184 -0.033709
0.000244 0.018184 -0.033692
0.000363 0.018184 -0.033704
0.000476 0.018184 -0.033744
0.000748 0.018184 -0.034116
0.000576 0.018184 -0.033809
0.000658 0.018184 -0.033897
0.000716 0.018184 -0.034001
-0.011915 0.018184 -0.008615
-0.012218 0.018184 -0.009109
-0.012439 0.018184 -0.009644
-0.012575 0.018184 -0.010207
-0.012574 0.018184 -0.032116
-0.012439 0.018184 -0.032679
-0.012218 0.018184 -0.033214
-0.011915 0.018184 -0.033708
0.000571 0.018184 -0.038880
0.001076 0.018184 -0.034869
0.001134 0.018184 -0.038744
0.001373 0.018184 -0.035157
0.001669 0.018184 -0.038523
0.001734 0.018184 -0.035360
0.002163 0.018184 -0.038220
0.002135 0.018184 -0.035463
0.002603 0.018184 -0.037844
0.002548 0.018184 -0.035460
0.002948 0.018184 -0.035351
0.003305 0.018184 -0.035143
0.003598 0.018184 -0.034850
0.006299 0.018184 -0.034148
0.003806 0.018184 -0.034492
0.003915 0.018184 -0.034093
0.003918 0.018184 -0.033679
0.003815 0.018184 -0.033279
0.003815 0.018184 -0.024571
0.002866 0.018184 -0.029317
0.002866 0.018184 -0.028533
0.003612 0.018184 -0.024932
0.003324 0.018184 -0.025229
0.007380 0.018184 -0.031539
0.006675 0.018184 -0.033708
0.006978 0.018184 -0.033214
0.007200 0.018184 -0.032679
0.007335 0.018184 -0.032116
0.003918 0.018184 -0.024171
0.007380 0.018184 -0.019408
0.003915 0.018184 -0.023757
0.003806 0.018184 -0.023358
0.003598 0.018184 -0.023000
0.007426 0.018184 -0.018830
0.005939 0.018184 -0.010446
0.007561 0.018184 -0.018267
0.007782 0.018184 -0.017732
0.006315 0.018184 -0.010006
0.008085 0.018184 -0.017239
0.006618 0.018184 -0.009512
0.008461 0.018184 -0.016798
0.006839 0.018184 -0.008977
0.006975 0.018184 -0.008414
0.011539 0.018184 -0.013720
0.007020 0.018184 -0.007837
0.012620 0.018184 -0.011111
0.012620 0.018184 0.001907
0.011915 0.018184 -0.013280
0.012218 0.018184 -0.012786
0.012439 0.018184 -0.012251
0.012575 0.018184 -0.011688
0.012575 0.018184 0.002484
0.012439 0.018184 0.003047
0.012218 0.018184 0.003582
0.011915 0.018184 0.004076
0.011539 0.018184 0.004516
0.007020 0.018184 -0.000413
0.000865 0.018184 0.007270
0.005939 0.018184 0.002196
0.006315 0.018184 0.001756
-0.007696 0.018184 -0.025589
-0.007811 0.018184 -0.025557
-0.007774 0.018184 -0.027004
-0.008209 0.018184 -0.025442
-0.007994 0.018184 -0.027757
-0.008564 0.018184 -0.025229
-0.008106 0.018184 -0.028533
-0.008852 0.018184 -0.024932
-0.006613 0.018184 -0.022693
-0.006316 0.018184 -0.022981
-0.004541 0.018184 -0.023771
-0.006103 0.018184 -0.023336
-0.005254 0.018184 -0.024097
-0.005365 0.018184 -0.024141
-0.005484 0.018184 -0.024158
-0.005603 0.018184 -0.024146
-0.005716 0.018184 -0.024106
-0.005988 0.018184 -0.023734
-0.005816 0.018184 -0.024041
-0.005897 0.018184 -0.023953
-0.005956 0.018184 -0.023849
-0.001973 0.018184 -0.014720
-0.003788 0.018184 -0.023551
-0.003012 0.018184 -0.023439
-0.002228 0.018184 -0.023439
-0.001615 0.018184 -0.015423
-0.001836 0.018184 -0.015093
-0.001323 0.018184 -0.015693
-0.001451 0.018184 -0.023551
-0.000977 0.018184 -0.015887
-0.000594 0.018184 -0.015995
-0.000699 0.018184 -0.023771
-0.000197 0.018184 -0.016010
0.000014 0.018184 -0.024097
0.000863 0.018184 -0.023336
0.000126 0.018184 -0.024141
0.000244 0.018184 -0.024158
0.000363 0.018184 -0.024146
0.000476 0.018184 -0.024106
0.000748 0.018184 -0.023734
0.000576 0.018184 -0.024041
0.000658 0.018184 -0.023953
0.000716 0.018184 -0.023849
0.001076 0.018184 -0.022981
0.000192 0.018184 -0.015933
0.000553 0.018184 -0.015766
0.001373 0.018184 -0.022693
0.000865 0.018184 -0.015520
0.001734 0.018184 -0.022490
0.002135 0.018184 -0.022387
0.002548 0.018184 -0.022390
0.002948 0.018184 -0.022499
0.003305 0.018184 -0.022707
0.002755 0.018184 -0.027757
0.002969 0.018184 -0.025442
0.002534 0.018184 -0.027004
0.002572 0.018184 -0.025557
0.002456 0.018184 -0.025589
0.002208 0.018184 -0.026291
0.002352 0.018184 -0.025647
0.002265 0.018184 -0.025729
0.002199 0.018184 -0.025829
0.002164 0.018184 -0.026179
0.002159 0.018184 -0.025942
0.002147 0.018184 -0.026061
0.002755 0.018184 -0.030093
0.003324 0.018184 -0.032621
0.003612 0.018184 -0.032918
0.002969 0.018184 -0.032408
0.002534 0.018184 -0.030846
0.002572 0.018184 -0.032293
0.002456 0.018184 -0.032261
0.002208 0.018184 -0.031559
0.002352 0.018184 -0.032202
0.002265 0.018184 -0.032121
0.002199 0.018184 -0.032021
0.002164 0.018184 -0.031670
0.002159 0.018184 -0.031908
0.002147 0.018184 -0.031789
-0.005365 0.018184 -0.033709
-0.005484 0.018184 -0.033692
-0.005603 0.018184 -0.033704
-0.005716 0.018184 -0.033744
-0.005988 0.018184 -0.034116
-0.005816 0.018184 -0.033809
-0.005897 0.018184 -0.033897
-0.005956 0.018184 -0.034001
-0.008852 0.018184 -0.032918
-0.008106 0.018184 -0.029317
-0.008564 0.018184 -0.032621
-0.007994 0.018184 -0.030093
-0.008209 0.018184 -0.032408
-0.007774 0.018184 -0.030846
-0.007811 0.018184 -0.032293
-0.007696 0.018184 -0.032261
-0.007448 0.018184 -0.031559
-0.007592 0.018184 -0.032202
-0.007504 0.018184 -0.032121
-0.007439 0.018184 -0.032021
-0.007404 0.018184 -0.031670
-0.007399 0.018184 -0.031908
-0.007387 0.018184 -0.031789
-0.007448 0.018184 -0.026291
-0.007592 0.018184 -0.025648
-0.007504 0.018184 -0.025729
-0.007439 0.018184 -0.025829
-0.007404 0.018184 -0.026180
-0.007399 0.018184 -0.025942
-0.007387 0.018184 -0.026061
-0.001323 0.018184 0.007443
-0.000977 0.018184 0.007637
-0.000594 0.018184 0.007745
-0.000197 0.018184 0.007760
0.000192 0.018184 0.007683
0.000553 0.018184 0.007516
0.006618 0.018184 0.001262
0.006839 0.018184 0.000727
0.006975 0.018184 0.000164
-0.007104 0.004531 0.037844
-0.001973 -0.019684 0.006470
-0.001836 -0.019684 0.006843
-0.001615 -0.019684 0.007173
-0.002020 -0.019684 0.006075
-0.002020 -0.019684 -0.014325
-0.007653 -0.019684 -0.003885
-0.007620 -0.019684 -0.003555
-0.007348 -0.019684 -0.001919
-0.007620 -0.019684 -0.002468
-0.007462 -0.019684 -0.002028
-0.007548 -0.019684 -0.002161
-0.007602 -0.019684 -0.002310
-0.007749 -0.019684 -0.004202
-0.007905 -0.019684 -0.004494
-0.006974 -0.019684 -0.022490
-0.008115 -0.019684 -0.004750
-0.007374 -0.019684 -0.022387
-0.007788 -0.019684 -0.022390
-0.008187 -0.019684 -0.022499
-0.011539 -0.019684 -0.008175
-0.008545 -0.019684 -0.022707
-0.012620 -0.019684 -0.010784
-0.008838 -0.019684 -0.023000
-0.009046 -0.019684 -0.023358
-0.009155 -0.019684 -0.023757
-0.012620 -0.019684 -0.031539
-0.009158 -0.019684 -0.024171
-0.009055 -0.019684 -0.024571
-0.011539 -0.019684 -0.034148
-0.009055 -0.019684 -0.033279
-0.009158 -0.019684 -0.033679
-0.009155 -0.019684 -0.034093
-0.009046 -0.019684 -0.034492
-0.008838 -0.019684 -0.034850
-0.007843 -0.019684 -0.037844
-0.008545 -0.019684 -0.035143
-0.008187 -0.019684 -0.035351
-0.007788 -0.019684 -0.035460
-0.007374 -0.019684 -0.035463
-0.007403 -0.019684 -0.038220
-0.006974 -0.019684 -0.035360
-0.006909 -0.019684 -0.038523
-0.006613 -0.019684 -0.035157
-0.006374 -0.019684 -0.038744
-0.006316 -0.019684 -0.034869
-0.005811 -0.019684 -0.038880
-0.006103 -0.019684 -0.034514
-0.005234 -0.019684 -0.038925
-0.005254 -0.019684 -0.033753
-0.004541 -0.019684 -0.034079
-0.003788 -0.019684 -0.034299
-0.003012 -0.019684 -0.034411
-0.002228 -0.019684 -0.034411
-0.000006 -0.019684 -0.038925
-0.001452 -0.019684 -0.034299
-0.000699 -0.019684 -0.034079
0.000014 -0.019684 -0.033753
0.000863 -0.019684 -0.034514
0.000125 -0.019684 -0.033709
0.000244 -0.019684 -0.033692
0.000363 -0.019684 -0.033704
0.000476 -0.019684 -0.033744
0.000748 -0.019684 -0.034116
0.000576 -0.019684 -0.033809
0.000657 -0.019684 -0.033897
0.000716 -0.019684 -0.034001
-0.011915 -0.019684 -0.008615
-0.012218 -0.019684 -0.009109
-0.012439 -0.019684 -0.009644
-0.012575 -0.019684 -0.010207
-0.012575 -0.019684 -0.032116
-0.012439 -0.019684 -0.032679
-0.012218 -0.019684 -0.033214
-0.011915 -0.019684 -0.033708
0.000571 -0.019684 -0.038880
0.001076 -0.019684 -0.034869
0.001134 -0.019684 -0.038744
0.001373 -0.019684 -0.035157
0.001669 -0.019684 -0.038523
0.001734 -0.019684 -0.035360
0.002163 -0.019684 -0.038220
0.002134 -0.019684 -0.035463
0.002603 -0.019684 -0.037844
0.002548 -0.019684 -0.035460
0.002947 -0.019684 -0.035351
0.003305 -0.019684 -0.035143
0.003598 -0.019684 -0.034850
0.006299 -0.019684 -0.034148
0.003806 -0.019684 -0.034492
0.003915 -0.019684 -0.034093
0.003918 -0.019684 -0.033679
0.003815 -0.019684 -0.033279
0.003815 -0.019684 -0.024571
0.002866 -0.019684 -0.029317
0.002866 -0.019684 -0.028533
0.003612 -0.019684 -0.024932
0.003324 -0.019684 -0.025229
0.007380 -0.019684 -0.031539
0.006675 -0.019684 -0.033708
0.006978 -0.019684 -0.033214
0.007199 -0.019684 -0.032679
0.007335 -0.019684 -0.032116
0.003918 -0.019684 -0.024171
0.007380 -0.019684 -0.019408
0.003915 -0.019684 -0.023757
0.003806 -0.019684 -0.023358
0.003598 -0.019684 -0.023000
0.007425 -0.019684 -0.018830
0.005939 -0.019684 -0.010446
0.007561 -0.019684 -0.018267
0.007782 -0.019684 -0.017732
0.006315 -0.019684 -0.010006
0.008085 -0.019684 -0.017239
0.006618 -0.019684 -0.009512
0.008461 -0.019684 -0.016798
0.006839 -0.019684 -0.008977
0.006974 -0.019684 -0.008414
0.011539 -0.019684 -0.013720
0.007020 -0.019684 -0.007837
0.012620 -0.019684 -0.011111
0.012620 -0.019684 0.001907
0.011915 -0.019684 -0.013280
0.012218 -0.019684 -0.012786
0.012439 -0.019684 -0.012251
0.012574 -0.019684 -0.011688
0.012574 -0.019684 0.002484
0.012439 -0.019684 0.003047
0.012218 -0.019684 0.003582
0.011915 -0.019684 0.004076
0.007020 -0.019684 -0.000413
0.000865 -0.019684 0.007270
0.005939 -0.019684 0.002196
0.006315 -0.019684 0.001756
-0.001323 -0.019684 0.007443
-0.000977 -0.019684 0.007637
-0.000595 -0.019684 0.007745
-0.000198 -0.019684 0.007760
0.000192 -0.019684 0.007683
0.000553 -0.019684 0.007516
0.006618 -0.019684 0.001262
0.006839 -0.019684 0.000727
0.006974 -0.019684 0.000164
0.003305 -0.019684 -0.022707
0.000865 -0.019684 -0.015520
0.002947 -0.019684 -0.022499
0.002548 -0.019684 -0.022390
0.002134 -0.019684 -0.022387
0.001734 -0.019684 -0.022490
0.001373 -0.019684 -0.022693
0.000553 -0.019684 -0.015766
0.001076 -0.019684 -0.022981
0.000192 -0.019684 -0.015933
-0.000197 -0.019684 -0.016010
-0.000594 -0.019684 -0.015995
-0.000699 -0.019684 -0.023771
0.000014 -0.019684 -0.024097
0.000863 -0.019684 -0.023336
0.000125 -0.019684 -0.024141
0.000244 -0.019684 -0.024158
-0.001452 -0.019684 -0.023551
-0.000977 -0.019684 -0.015887
-0.001323 -0.019684 -0.015693
-0.002228 -0.019684 -0.023439
-0.001615 -0.019684 -0.015423
-0.003012 -0.019684 -0.023439
-0.001836 -0.019684 -0.015093
-0.001973 -0.019684 -0.014720
-0.004541 -0.019684 -0.023771
-0.003788 -0.019684 -0.023551
-0.007774 -0.019684 -0.030846
-0.007696 -0.019684 -0.032261
-0.007448 -0.019684 -0.031559
-0.007592 -0.019684 -0.032202
-0.007504 -0.019684 -0.032121
-0.007994 -0.019684 -0.030093
-0.008209 -0.019684 -0.032408
-0.007811 -0.019684 -0.032293
-0.008564 -0.019684 -0.032621
-0.008106 -0.019684 -0.029317
-0.008852 -0.019684 -0.032918
-0.008106 -0.019684 -0.028533
-0.008852 -0.019684 -0.024932
-0.008564 -0.019684 -0.025229
-0.007994 -0.019684 -0.027757
-0.008209 -0.019684 -0.025442
-0.007774 -0.019684 -0.027004
-0.007811 -0.019684 -0.025557
-0.007696 -0.019684 -0.025589
-0.007448 -0.019684 -0.026291
-0.007592 -0.019684 -0.025648
-0.007504 -0.019684 -0.025729
-0.007439 -0.019684 -0.025829
-0.007404 -0.019684 -0.026180
-0.007399 -0.019684 -0.025942
-0.007387 -0.019684 -0.026061
-0.006613 -0.019684 -0.022693
-0.006316 -0.019684 -0.022981
-0.006103 -0.019684 -0.023336
-0.005254 -0.019684 -0.024097
-0.005365 -0.019684 -0.024141
-0.005484 -0.019684 -0.024158
-0.005603 -0.019684 -0.024146
-0.005716 -0.019684 -0.024106
-0.005988 -0.019684 -0.023734
-0.005816 -0.019684 -0.024041
-0.005897 -0.019684 -0.023953
-0.005956 -0.019684 -0.023849
0.000363 -0.019684 -0.024146
0.000476 -0.019684 -0.024106
0.000748 -0.019684 -0.023734
0.000576 -0.019684 -0.024041
0.000657 -0.019684 -0.023953
0.000716 -0.019684 -0.023849
0.002754 -0.019684 -0.027757
0.002969 -0.019684 -0.025442
0.002534 -0.019684 -0.027004
0.002571 -0.019684 -0.025557
0.002456 -0.019684 -0.025589
0.002208 -0.019684 -0.026291
0.002352 -0.019684 -0.025647
0.002264 -0.019684 -0.025729
0.002199 -0.019684 -0.025829
0.002164 -0.019684 -0.026179
0.002159 -0.019684 -0.025942
0.002147 -0.019684 -0.026061
0.002754 -0.019684 -0.030093
0.003324 -0.019684 -0.032621
0.003612 -0.019684 -0.032918
0.002969 -0.019684 -0.032408
0.002534 -0.019684 -0.030846
0.002571 -0.019684 -0.032293
0.002456 -0.019684 -0.032261
0.002208 -0.019684 -0.031559
0.002352 -0.019684 -0.032202
0.002264 -0.019684 -0.032121
0.002199 -0.019684 -0.032021
0.002164 -0.019684 -0.031670
0.002159 -0.019684 -0.031908
0.002147 -0.019684 -0.031789
-0.005365 -0.019684 -0.033709
-0.005484 -0.019684 -0.033692
-0.005603 -0.019684 -0.033704
-0.005716 -0.019684 -0.033744
-0.005988 -0.019684 -0.034116
-0.005816 -0.019684 -0.033809
-0.005897 -0.019684 -0.033897
-0.005956 -0.019684 -0.034001
-0.007439 -0.019684 -0.032021
-0.007404 -0.019684 -0.031670
-0.007399 -0.019684 -0.031908
-0.007387 -0.019684 -0.031789
-0.007213 0.018734 -0.000002
-0.007252 0.018917 -0.000002
-0.007330 0.019284 -0.000002
-0.007408 0.019651 -0.000002
-0.007451 0.019251 0.000025
-0.007729 0.019544 0.000047
-0.007571 0.019204 0.000047
-0.007687 0.019141 0.000062
-0.007491 0.018822 0.000062
-0.007743 0.019105 0.000068
-0.007528 0.018797 0.000068
-0.007796 0.019065 0.000072
-0.007564 0.018771 0.000072
-0.007848 0.019022 0.000074
-0.007599 0.018742 0.000074
-0.007896 0.018976 0.000075
-0.007631 0.018711 0.000075
-0.007942 0.018928 0.000074
-0.007662 0.018679 0.000074
-0.007985 0.018876 0.000072
-0.007691 0.018644 0.000072
-0.008043 0.018795 0.000065
-0.007730 0.018590 0.000065
-0.008094 0.018710 0.000055
-0.007764 0.018533 0.000055
-0.007792 0.018474 0.000042
-0.007620 0.018400 0.000042
-0.007815 0.018413 0.000025
-0.007637 0.018354 0.000025
-0.007845 0.018292 -0.000018
-0.007659 0.018263 -0.000018
-0.007764 0.018174 -0.000075
-0.007474 0.018234 -0.000018
-0.007434 0.018174 -0.000075
-0.007381 0.018219 -0.000018
-0.007289 0.018204 -0.000018
-0.007281 0.018236 0.000025
-0.007237 0.018221 0.000025
-0.007232 0.018233 0.000042
-0.007189 0.018215 0.000042
-0.007227 0.018245 0.000055
-0.007185 0.018223 0.000055
-0.007181 0.018231 0.000065
-0.007161 0.018218 0.000065
-0.007157 0.018224 0.000072
-0.007138 0.018209 0.000072
-0.007136 0.018212 0.000074
-0.007119 0.018196 0.000074
-0.007117 0.018197 0.000075
-0.007116 0.018199 0.000074
-0.007114 0.018200 0.000072
-0.007113 0.018201 0.000068
-0.007129 0.018218 0.000072
-0.007126 0.018220 0.000068
-0.007143 0.018237 0.000072
-0.007140 0.018240 0.000068
-0.007158 0.018255 0.000072
-0.007153 0.018259 0.000068
-0.007187 0.018292 0.000072
-0.007180 0.018297 0.000068
-0.007216 0.018329 0.000072
-0.007207 0.018336 0.000068
-0.007274 0.018403 0.000072
-0.007260 0.018413 0.000068
-0.007332 0.018476 0.000072
-0.007314 0.018490 0.000068
-0.007448 0.018624 0.000072
-0.007421 0.018644 0.000068
-0.007154 0.018459 -0.000002
-0.007174 0.018550 -0.000002
-0.007215 0.018539 0.000025
-0.007274 0.018717 0.000025
-0.007256 0.018523 0.000047
-0.007335 0.018693 0.000047
-0.007295 0.018502 0.000062
-0.007393 0.018662 0.000062
-0.007115 0.018275 -0.000002
-0.007125 0.018321 -0.000002
-0.007135 0.018367 -0.000002
-0.007141 0.018317 0.000025
-0.007156 0.018361 0.000025
-0.007157 0.018310 0.000047
-0.007177 0.018353 0.000047
-0.007172 0.018302 0.000062
-0.007197 0.018342 0.000062
-0.007101 0.018207 -0.000002
-0.007106 0.018229 -0.000002
-0.007110 0.018252 -0.000002
-0.007112 0.018228 0.000025
-0.007119 0.018250 0.000025
-0.007118 0.018225 0.000047
-0.007128 0.018247 0.000047
-0.007123 0.018222 0.000062
-0.007136 0.018242 0.000062
-0.007108 0.018204 0.000047
-0.007104 0.018206 0.000025
-0.007111 0.018202 0.000062
-0.007120 0.018195 0.000072
-0.007122 0.018192 0.000065
-0.007123 0.018190 0.000055
-0.007144 0.018201 0.000055
-0.007124 0.018187 0.000042
-0.007146 0.018196 0.000042
-0.007148 0.018192 0.000025
-0.007170 0.018199 0.000025
-0.007173 0.018186 -0.000018
-0.007196 0.018190 -0.000018
-0.007269 0.018174 -0.000075
-0.007243 0.018197 -0.000018
-0.007127 0.018179 -0.000018
-0.007125 0.018184 0.000025
-0.007150 0.018183 -0.000018
-0.008184 0.018174 -0.000075
-0.008215 0.018350 -0.000018
-0.008171 0.018532 0.000025
-0.008137 0.018622 0.000042
-0.008424 0.018887 0.000055
-0.008280 0.019108 0.000072
-0.008585 0.018408 -0.000018
-0.008527 0.018650 0.000025
-0.008028 0.019360 0.000072
-0.007126 0.018272 0.000025
-0.007186 0.018450 0.000025
-0.007333 0.018895 0.000025
-0.007137 0.018268 0.000047
-0.007148 0.018262 0.000062
-0.007216 0.018438 0.000047
-0.007246 0.018422 0.000062
-0.007414 0.018863 0.000047
-0.007132 0.018216 0.000074
-0.007134 0.018214 0.000075
-0.007147 0.018234 0.000074
-0.007151 0.018231 0.000075
-0.007154 0.018227 0.000074
-0.007163 0.018251 0.000074
-0.007167 0.018247 0.000075
-0.007171 0.018243 0.000074
-0.007175 0.018238 0.000072
-0.007194 0.018286 0.000074
-0.007200 0.018280 0.000075
-0.007206 0.018274 0.000074
-0.007212 0.018267 0.000072
-0.007220 0.018256 0.000065
-0.007225 0.018321 0.000074
-0.007233 0.018313 0.000075
-0.007241 0.018305 0.000074
-0.007249 0.018296 0.000072
-0.007259 0.018282 0.000065
-0.007268 0.018267 0.000055
-0.007287 0.018392 0.000074
-0.007300 0.018380 0.000075
-0.007312 0.018367 0.000074
-0.007323 0.018354 0.000072
-0.007337 0.018333 0.000065
-0.007350 0.018311 0.000055
-0.007275 0.018252 0.000042
-0.007349 0.018462 0.000074
-0.007366 0.018446 0.000075
-0.007382 0.018430 0.000074
-0.007396 0.018412 0.000072
-0.007416 0.018385 0.000065
-0.007433 0.018356 0.000055
-0.007361 0.018289 0.000042
-0.007370 0.018266 0.000025
-0.007474 0.018602 0.000074
-0.007499 0.018579 0.000075
-0.007522 0.018554 0.000074
-0.007543 0.018528 0.000072
-0.007573 0.018487 0.000065
-0.007598 0.018444 0.000055
-0.007447 0.018326 0.000042
-0.007459 0.018295 0.000025
-0.007141 0.018205 0.000065
-0.007165 0.018212 0.000055
-0.007168 0.018206 0.000042
-0.007192 0.018207 0.000025
-0.007104 -0.000414 0.036780
-0.007104 0.000000 0.036835
-0.007104 0.000414 0.036780
-0.007104 0.000800 0.036621
-0.007104 0.001131 0.036366
-0.007104 0.001386 0.036035
-0.007104 0.001546 0.035649
-0.007104 0.001600 0.035235
-0.007104 0.001546 0.034821
-0.007104 0.001386 0.034435
-0.007104 0.001131 0.034104
-0.007104 0.000800 0.033849
-0.007104 0.000414 0.033690
-0.007104 0.000000 0.033635
-0.007104 -0.000414 0.033690
-0.007104 -0.000800 0.033849
-0.007104 -0.001131 0.034104
-0.007104 -0.001386 0.034435
-0.007104 -0.001545 0.034821
-0.007104 -0.001600 0.035235
-0.007104 -0.001545 0.035649
-0.007104 -0.001386 0.036035
-0.007104 -0.001131 0.036366
-0.007104 -0.000800 0.036621
-0.007104 0.010215 0.011209
-0.007104 0.010500 0.011247
-0.007104 0.010785 0.011209
-0.007104 0.011050 0.011099
-0.007104 0.011278 0.010924
-0.007104 0.011453 0.010697
-0.007104 0.011563 0.010431
-0.007104 0.011600 0.010147
-0.007104 0.011563 0.009862
-0.007104 0.011453 0.009597
-0.007104 0.011278 0.009369
-0.007104 0.011050 0.009194
-0.007104 0.010785 0.009084
-0.007104 0.010500 0.009047
-0.007104 0.010215 0.009084
-0.007104 0.009950 0.009194
-0.007104 0.009722 0.009369
-0.007104 0.009547 0.009597
-0.007104 0.009438 0.009862
-0.007104 0.009400 0.010147
-0.007104 0.009438 0.010431
-0.007104 0.009547 0.010697
-0.007104 0.009722 0.010924
-0.007104 0.009950 0.011099
-0.007104 -0.012974 0.004310
-0.007104 -0.012560 0.004365
-0.007104 -0.012146 0.004310
-0.007104 -0.011760 0.004151
-0.007104 -0.011429 0.003896
-0.007104 -0.011174 0.003565
-0.007104 -0.011014 0.003179
-0.007104 -0.010960 0.002765
-0.007104 -0.011014 0.002351
-0.007104 -0.011174 0.001965
-0.007104 -0.011429 0.001634
-0.007104 -0.011760 0.001379
-0.007104 -0.012146 0.001220
-0.007104 -0.012560 0.001165
-0.007104 -0.012974 0.001220
-0.007104 -0.013360 0.001379
-0.007104 -0.013691 0.001634
-0.007104 -0.013946 0.001965
-0.007104 -0.014105 0.002351
-0.007104 -0.014160 0.002765
-0.007104 -0.014105 0.003179
-0.007104 -0.013946 0.003565
-0.007104 -0.013691 0.003896
-0.007104 -0.013360 0.004151
-0.007104 0.012146 0.004310
-0.007104 0.012560 0.004365
-0.007104 0.012974 0.004310
-0.007104 0.013360 0.004151
-0.007104 0.013691 0.003896
-0.007104 0.013946 0.003565
-0.007104 0.014106 0.003179
-0.007104 0.014160 0.002765
-0.007104 0.014106 0.002351
-0.007104 0.013946 0.001965
-0.007104 0.013691 0.001634
-0.007104 0.013360 0.001379
-0.007104 0.012974 0.001220
-0.007104 0.012560 0.001165
-0.007104 0.012146 0.001220
-0.007104 0.011760 0.001379
-0.007104 0.011429 0.001634
-0.007104 0.011174 0.001965
-0.007104 0.011015 0.002351
-0.007104 0.010960 0.002765
-0.007104 0.011015 0.003179
-0.007104 0.011174 0.003565
-0.007104 0.011429 0.003896
-0.007104 0.011760 0.004151
-0.007104 -0.010785 0.011209
-0.007104 -0.010500 0.011247
-0.007104 -0.010215 0.011209
-0.007104 -0.009950 0.011099
-0.007104 -0.009722 0.010924
-0.007104 -0.009547 0.010697
-0.007104 -0.009437 0.010431
-0.007104 -0.009400 0.010147
-0.007104 -0.009437 0.009862
-0.007104 -0.009547 0.009597
-0.007104 -0.009722 0.009369
-0.007104 -0.009950 0.009194
-0.007104 -0.010215 0.009084
-0.007104 -0.010500 0.009047
-0.007104 -0.010785 0.009084
-0.007104 -0.011050 0.009194
-0.007104 -0.011278 0.009369
-0.007104 -0.011453 0.009597
-0.007104 -0.011562 0.009862
-0.007104 -0.011600 0.010147
-0.007104 -0.011562 0.010431
-0.007104 -0.011453 0.010697
-0.007104 -0.011278 0.010924
-0.007104 -0.011050 0.011099
-0.007104 -0.011162 0.021369
-0.007104 -0.011061 0.021506
-0.007104 -0.010930 0.021615
-0.007104 -0.010777 0.021688
-0.007104 -0.010610 0.021722
-0.007104 -0.010440 0.021714
-0.007104 -0.010278 0.021664
-0.007104 -0.010132 0.021576
-0.007104 -0.010012 0.021455
-0.007104 -0.009926 0.021309
-0.007104 -0.011162 0.022924
-0.007104 -0.011398 0.023247
-0.007104 -0.011708 0.023501
-0.007104 -0.012071 0.023670
-0.007104 -0.012464 0.023744
-0.007104 -0.012864 0.023717
-0.007104 -0.013244 0.023593
-0.007104 -0.013582 0.023378
-0.007104 -0.013855 0.023086
-0.007104 -0.014048 0.022735
-0.007104 -0.014147 0.022347
-0.007104 -0.014147 0.021946
-0.007104 -0.014048 0.021559
-0.007104 -0.013855 0.021208
-0.007104 -0.013582 0.020915
-0.007104 -0.013244 0.020700
-0.007104 -0.012864 0.020576
-0.007104 -0.012464 0.020549
-0.007104 -0.012071 0.020623
-0.007104 -0.011708 0.020792
-0.007104 -0.011398 0.021046
-0.007104 -0.009926 0.022984
-0.007104 -0.010012 0.022838
-0.007104 -0.010132 0.022717
-0.007104 -0.010278 0.022629
-0.007104 -0.010440 0.022579
-0.007104 -0.010610 0.022571
-0.007104 -0.010777 0.022605
-0.007104 -0.010930 0.022678
-0.007104 -0.011061 0.022787
-0.007104 -0.006200 0.023228
-0.007104 -0.006478 0.023594
-0.007104 -0.006829 0.023890
-0.007104 -0.007236 0.024103
-0.007104 -0.007679 0.024222
-0.007104 -0.008137 0.024242
-0.007104 -0.008589 0.024162
-0.007104 -0.009013 0.023986
-0.007104 -0.009389 0.023722
-0.007104 -0.009698 0.023382
-0.007104 -0.004940 0.023413
-0.007104 -0.005007 0.023246
-0.007104 -0.005115 0.023102
-0.007104 -0.005256 0.022991
-0.007104 -0.005421 0.022920
-0.007104 -0.005599 0.022894
-0.007104 -0.005777 0.022915
-0.007104 -0.005944 0.022981
-0.007104 -0.006088 0.023088
-0.007104 -0.001266 0.027087
-0.007104 -0.001913 0.026874
-0.007104 -0.002526 0.026577
-0.007104 -0.003094 0.026201
-0.007104 -0.003606 0.025753
-0.007104 -0.004055 0.025240
-0.007104 -0.004431 0.024672
-0.007104 -0.004728 0.024060
-0.007104 -0.001082 0.028347
-0.007104 -0.000941 0.028235
-0.007104 -0.000834 0.028091
-0.007104 -0.000768 0.027924
-0.007104 -0.000747 0.027745
-0.007104 -0.000773 0.027567
-0.007104 -0.000844 0.027402
-0.007104 -0.000956 0.027261
-0.007104 -0.001099 0.027154
-0.007104 0.001082 0.028347
-0.007104 0.001458 0.028635
-0.007104 0.001760 0.029000
-0.007104 0.001972 0.029424
-0.007104 0.002084 0.029885
-0.007104 0.002089 0.030358
-0.007104 0.001989 0.030821
-0.007104 0.001787 0.031250
-0.007104 0.001494 0.031623
-0.007104 0.001125 0.031920
-0.007104 0.000699 0.032127
-0.007104 0.000237 0.032233
-0.007104 -0.000237 0.032233
-0.007104 -0.000699 0.032127
-0.007104 -0.001125 0.031920
-0.007104 -0.001494 0.031623
-0.007104 -0.001787 0.031250
-0.007104 -0.001989 0.030821
-0.007104 -0.002089 0.030358
-0.007104 -0.002084 0.029885
-0.007104 -0.001972 0.029424
-0.007104 -0.001760 0.029000
-0.007104 -0.001458 0.028635
-0.007104 0.001266 0.027087
-0.007104 0.001099 0.027154
-0.007104 0.000956 0.027261
-0.007104 0.000844 0.027402
-0.007104 0.000773 0.027567
-0.007104 0.000747 0.027745
-0.007104 0.000768 0.027924
-0.007104 0.000834 0.028091
-0.007104 0.000941 0.028235
-0.007104 0.004940 0.023413
-0.007104 0.004728 0.024060
-0.007104 0.004431 0.024672
-0.007104 0.004055 0.025240
-0.007104 0.003606 0.025753
-0.007104 0.003094 0.026201
-0.007104 0.002526 0.026577
-0.007104 0.001913 0.026874
-0.007104 0.006200 0.023228
-0.007104 0.006088 0.023088
-0.007104 0.005944 0.022981
-0.007104 0.005777 0.022915
-0.007104 0.005599 0.022894
-0.007104 0.005421 0.022920
-0.007104 0.005256 0.022991
-0.007104 0.005115 0.023102
-0.007104 0.005007 0.023246
-0.007104 0.009926 0.022984
-0.007104 0.009698 0.023382
-0.007104 0.009389 0.023722
-0.007104 0.009013 0.023986
-0.007104 0.008589 0.024162
-0.007104 0.008137 0.024242
-0.007104 0.007679 0.024222
-0.007104 0.007236 0.024103
-0.007104 0.006829 0.023890
-0.007104 0.006478 0.023594
-0.007104 0.011162 0.022924
-0.007104 0.011061 0.022787
-0.007104 0.010930 0.022678
-0.007104 0.010777 0.022605
-0.007104 0.010610 0.022571
-0.007104 0.010440 0.022579
-0.007104 0.010278 0.022629
-0.007104 0.010132 0.022717
-0.007104 0.010012 0.022838
-0.007104 0.011162 0.021369
-0.007104 0.011398 0.021046
-0.007104 0.011708 0.020792
-0.007104 0.012071 0.020623
-0.007104 0.012464 0.020549
-0.007104 0.012864 0.020576
-0.007104 0.013244 0.020700
-0.007104 0.013582 0.020915
-0.007104 0.013856 0.021208
-0.007104 0.014048 0.021559
-0.007104 0.014147 0.021946
-0.007104 0.014147 0.022347
-0.007104 0.014048 0.022735
-0.007104 0.013856 0.023086
-0.007104 0.013582 0.023378
-0.007104 0.013244 0.023593
-0.007104 0.012864 0.023717
-0.007104 0.012464 0.023744
-0.007104 0.012071 0.023670
-0.007104 0.011708 0.023501
-0.007104 0.011398 0.023247
-0.007104 0.009926 0.021309
-0.007104 0.010012 0.021455
-0.007104 0.010132 0.021576
-0.007104 0.010278 0.021664
-0.007104 0.010440 0.021714
-0.007104 0.010610 0.021722
-0.007104 0.010777 0.021688
-0.007104 0.010930 0.021615
-0.007104 0.011061 0.021506
-0.007104 0.006200 0.021065
-0.007104 0.006478 0.020699
-0.007104 0.006829 0.020403
-0.007104 0.007236 0.020191
-0.007104 0.007679 0.020071
-0.007104 0.008137 0.020051
-0.007104 0.008589 0.020131
-0.007104 0.009013 0.020307
-0.007104 0.009389 0.020571
-0.007104 0.009698 0.020911
-0.007104 0.004940 0.020880
-0.007104 0.005007 0.021047
-0.007104 0.005115 0.021191
-0.007104 0.005256 0.021302
-0.007104 0.005421 0.021373
-0.007104 0.005599 0.021399
-0.007104 0.005777 0.021378
-0.007104 0.005944 0.021312
-0.007104 0.006088 0.021205
-0.007104 -0.004940 0.020880
-0.007104 -0.004702 0.020172
-0.007104 -0.004363 0.019506
-0.007104 -0.003931 0.018897
-0.007104 -0.003413 0.018357
-0.007104 -0.002823 0.017899
-0.007104 -0.002172 0.017532
-0.007104 -0.001475 0.017264
-0.007104 -0.000745 0.017101
-0.007104 0.000000 0.017047
-0.007104 0.000745 0.017101
-0.007104 0.001475 0.017264
-0.007104 0.002172 0.017532
-0.007104 0.002823 0.017899
-0.007104 0.003414 0.018357
-0.007104 0.003931 0.018897
-0.007104 0.004363 0.019506
-0.007104 0.004702 0.020172
-0.007104 -0.006200 0.021065
-0.007104 -0.006088 0.021205
-0.007104 -0.005944 0.021312
-0.007104 -0.005777 0.021378
-0.007104 -0.005599 0.021399
-0.007104 -0.005421 0.021373
-0.007104 -0.005256 0.021302
-0.007104 -0.005115 0.021191
-0.007104 -0.005007 0.021047
-0.007104 -0.009698 0.020911
-0.007104 -0.009389 0.020571
-0.007104 -0.009013 0.020307
-0.007104 -0.008589 0.020131
-0.007104 -0.008137 0.020051
-0.007104 -0.007679 0.020071
-0.007104 -0.007236 0.020191
-0.007104 -0.006829 0.020403
-0.007104 -0.006478 0.020699
-0.007177 -0.018551 0.023294
-0.007197 -0.018642 0.023294
-0.007217 -0.018734 0.023294
-0.007258 -0.018624 0.023383
-0.007291 -0.018713 0.023383
-0.007317 -0.018599 0.023472
-0.007360 -0.018682 0.023472
-0.007371 -0.018566 0.023561
-0.007425 -0.018642 0.023561
-0.007420 -0.018525 0.023650
-0.007484 -0.018594 0.023650
-0.007460 -0.018484 0.023730
-0.007531 -0.018545 0.023730
-0.007494 -0.018438 0.023810
-0.007572 -0.018490 0.023810
-0.007528 -0.018377 0.023907
-0.007613 -0.018417 0.023907
-0.007553 -0.018312 0.024005
-0.007643 -0.018339 0.024005
-0.007569 -0.018244 0.024103
-0.007662 -0.018257 0.024103
-0.007847 -0.018285 0.024103
-0.008032 -0.018312 0.024103
-0.008001 -0.018447 0.024005
-0.008180 -0.018500 0.024005
-0.008120 -0.018655 0.023907
-0.007165 -0.018250 0.023650
-0.007154 -0.018259 0.023561
-0.007142 -0.018266 0.023472
-0.007186 -0.018349 0.023472
-0.007162 -0.018360 0.023383
-0.007194 -0.018448 0.023383
-0.007157 -0.018459 0.023294
-0.007383 -0.018216 0.024103
-0.007290 -0.018203 0.024103
-0.007197 -0.018189 0.024103
-0.007283 -0.018231 0.024005
-0.007194 -0.018204 0.024005
-0.007273 -0.018258 0.023907
-0.007188 -0.018218 0.023907
-0.007259 -0.018283 0.023810
-0.007181 -0.018231 0.023810
-0.007245 -0.018302 0.023730
-0.007173 -0.018241 0.023730
-0.007229 -0.018319 0.023650
-0.007208 -0.018335 0.023561
-0.008217 -0.018339 0.024103
-0.007959 -0.018908 0.023730
-0.008039 -0.018800 0.023810
-0.007951 -0.018576 0.023907
-0.007822 -0.018393 0.024005
-0.007866 -0.019006 0.023650
-0.007750 -0.019101 0.023561
-0.007621 -0.019180 0.023472
-0.007642 -0.018948 0.023561
-0.007535 -0.019014 0.023472
-0.007534 -0.018796 0.023561
-0.007448 -0.018848 0.023472
-0.007483 -0.019240 0.023383
-0.007419 -0.019065 0.023383
-0.007355 -0.018889 0.023383
-0.007338 -0.019283 0.023294
-0.007298 -0.019100 0.023294
-0.007258 -0.018917 0.023294
-0.007136 -0.018367 0.023294
-0.007116 -0.018275 0.023294
-0.007130 -0.018271 0.023383
-0.007612 -0.018732 0.023650
-0.007739 -0.018869 0.023650
-0.007674 -0.018666 0.023730
-0.007816 -0.018787 0.023730
-0.007728 -0.018594 0.023810
-0.007884 -0.018697 0.023810
-0.007782 -0.018497 0.023907
-0.007476 -0.018230 0.024103
-0.007463 -0.018285 0.024005
-0.007443 -0.018337 0.023907
-0.007415 -0.018387 0.023810
-0.007388 -0.018423 0.023730
-0.007356 -0.018457 0.023650
-0.007317 -0.018489 0.023561
-0.007273 -0.018516 0.023472
-0.007226 -0.018536 0.023383
-0.007373 -0.018258 0.024005
-0.007358 -0.018298 0.023907
-0.007337 -0.018335 0.023810
-0.007316 -0.018363 0.023730
-0.007293 -0.018388 0.023650
-0.007263 -0.018412 0.023561
-0.007229 -0.018432 0.023472
-0.007104 -0.018016 -0.000195
-0.007104 -0.017886 -0.000345
-0.007104 -0.017787 -0.000517
-0.007104 -0.017157 -0.000925
-0.007104 -0.017315 -0.000907
-0.007104 -0.017464 -0.000853
-0.007104 -0.017597 -0.000767
-0.007104 -0.017706 -0.000653
-0.007104 -0.016084 -0.000925
-0.007104 -0.015631 -0.001112
-0.007104 -0.015764 -0.001011
-0.007104 -0.015918 -0.000947
-0.007104 -0.012672 -0.004071
-0.007104 -0.011587 -0.003521
-0.007104 -0.011583 -0.003681
-0.007104 -0.011618 -0.003837
-0.007104 -0.011691 -0.003980
-0.007104 -0.011798 -0.004100
-0.007104 -0.011930 -0.004190
-0.007104 -0.012081 -0.004244
-0.007104 -0.012241 -0.004258
-0.007104 -0.012399 -0.004233
-0.007104 -0.012546 -0.004169
-0.007104 -0.009424 -0.003581
-0.007104 -0.009401 -0.003307
-0.007104 -0.009447 -0.003037
-0.007104 -0.009558 -0.002786
-0.007104 -0.009728 -0.002570
-0.007104 -0.009946 -0.002403
-0.007104 -0.010198 -0.002296
-0.007104 -0.010470 -0.002254
-0.007104 -0.010743 -0.002281
-0.007104 -0.011001 -0.002374
-0.007104 -0.011228 -0.002529
-0.007104 -0.011409 -0.002735
-0.007104 -0.011534 -0.002979
-0.007104 -0.011595 -0.003247
-0.007104 -0.008798 -0.004353
-0.007104 -0.008959 -0.004333
-0.007104 -0.009109 -0.004273
-0.007104 -0.009240 -0.004176
-0.007104 -0.009342 -0.004050
-0.007104 -0.009409 -0.003903
-0.007104 -0.009437 -0.003743
-0.007104 -0.008030 -0.004353
-0.007104 -0.007390 -0.003713
-0.007104 -0.007412 -0.003879
-0.007104 -0.007476 -0.004033
-0.007104 -0.007577 -0.004166
-0.007104 -0.007710 -0.004268
-0.007104 -0.007864 -0.004332
-0.007104 -0.007390 0.011647
-0.007104 -0.005490 0.013547
-0.007104 -0.005913 0.013500
-0.007104 -0.006314 0.013359
-0.007104 -0.006675 0.013133
-0.007104 -0.006975 0.012832
-0.007104 -0.007202 0.012472
-0.007104 -0.007342 0.012070
-0.007104 0.005490 0.013547
-0.007104 0.007390 0.011647
-0.007104 0.007342 0.012070
-0.007104 0.007202 0.012472
-0.007104 0.006976 0.012832
-0.007104 0.006675 0.013133
-0.007104 0.006314 0.013359
-0.007104 0.005913 0.013500
-0.007104 0.007390 -0.003713
-0.007104 0.008030 -0.004353
-0.007104 0.007864 -0.004332
-0.007104 0.007710 -0.004268
-0.007104 0.007577 -0.004166
-0.007104 0.007476 -0.004033
-0.007104 0.007412 -0.003879
-0.007104 0.008798 -0.004353
-0.007104 0.009424 -0.003581
-0.007104 0.009437 -0.003743
-0.007104 0.009409 -0.003903
-0.007104 0.009342 -0.004050
-0.007104 0.009240 -0.004176
-0.007104 0.009109 -0.004273
-0.007104 0.008959 -0.004333
-0.007104 0.011587 -0.003521
-0.007104 0.011595 -0.003247
-0.007104 0.011534 -0.002979
-0.007104 0.011409 -0.002735
-0.007104 0.011228 -0.002529
-0.007104 0.011001 -0.002374
-0.007104 0.010743 -0.002281
-0.007104 0.010470 -0.002254
-0.007104 0.010198 -0.002296
-0.007104 0.009946 -0.002403
-0.007104 0.009728 -0.002570
-0.007104 0.009558 -0.002786
-0.007104 0.009447 -0.003037
-0.007104 0.009401 -0.003307
-0.007104 0.012672 -0.004071
-0.007104 0.012546 -0.004169
-0.007104 0.012399 -0.004233
-0.007104 0.012241 -0.004258
-0.007104 0.012081 -0.004244
-0.007104 0.011930 -0.004190
-0.007104 0.011798 -0.004100
-0.007104 0.011691 -0.003980
-0.007104 0.011618 -0.003837
-0.007104 0.011583 -0.003681
-0.007104 0.015631 -0.001112
-0.007104 0.016084 -0.000925
-0.007104 0.015918 -0.000947
-0.007104 0.015764 -0.001011
-0.007104 0.017157 -0.000925
-0.007104 0.017787 -0.000517
-0.007104 0.017706 -0.000653
-0.007104 0.017597 -0.000767
-0.007104 0.017464 -0.000853
-0.007104 0.017315 -0.000907
-0.007104 0.018016 -0.000195
-0.007104 0.017886 -0.000345
-0.007104 0.001922 0.038925
-0.007104 0.002499 0.038880
-0.007104 0.003062 0.038744
-0.007104 0.003597 0.038523
-0.007104 0.004091 0.038220
-0.007104 -0.001922 0.038925
-0.007104 -0.004090 0.038220
-0.007104 -0.003597 0.038523
-0.007104 -0.003062 0.038744
-0.007104 -0.002499 0.038880
-0.007485 0.019632 0.016109
-0.007849 0.019482 0.016109
-0.008161 0.019242 0.016109
-0.008402 0.018929 0.016109
-0.008552 0.018565 0.016109
-0.008552 0.018565 0.008017
-0.008401 0.018929 0.008017
-0.008161 0.019242 0.008017
-0.007849 0.019482 0.008017
-0.007485 0.019632 0.008017
3 0 1 2
3 2 1 3
3 2 3 4
3 4 3 5
3 5 3 6
3 6 3 7
3 7 3 8
3 8 3 9
3 9 3 10
3 10 3 11
3 11 3 12
3 12 3 13
3 12 13 14
3 14 13 15
3 15 13 16
3 16 13 17
3 17 13 18
3 18 13 19
3 19 13 20
3 19 20 21
3 21 20 22
3 21 22 23
3 23 22 24
3 24 22 25
3 25 22 26
3 26 22 27
3 13 28 20
3 20 28 29
3 20 29 30
3 30 31 20
3 21 23 32
3 32 23 33
3 32 33 34
3 34 33 35
3 35 33 36
3 35 36 37
3 37 36 38
3 37 38 39
3 39 38 40
3 39 40 41
3 39 41 42
3 42 41 43
3 42 43 44
3 44 43 45
3 45 43 46
3 46 43 47
3 46 47 48
3 48 47 49
3 48 49 50
3 50 49 51
3 51 49 52
3 52 49 53
3 53 49 54
3 54 49 55
3 54 55 56
3 56 55 57
3 57 55 58
3 58 55 59
3 59 55 60
3 59 60 61
3 61 60 62
3 61 62 63
3 63 62 64
3 63 64 65
3 65 64 66
3 65 66 67
3 67 66 68
3 67 68 69
3 69 68 70
3 70 68 71
3 71 68 72
3 72 68 73
3 72 73 74
3 74 73 75
3 75 73 76
3 76 73 77
3 77 73 78
3 77 78 79
3 79 78 80
3 80 78 81
3 81 78 82
3 82 78 83
3 82 83 84
3 84 83 85
3 85 83 86
3 87 88 47
3 47 88 89
3 47 89 90
3 90 49 47
3 73 91 78
3 78 91 92
3 92 91 93
3 92 93 94
3 94 93 95
3 94 95 96
3 96 95 97
3 96 97 98
3 98 97 99
3 98 99 100
3 100 99 101
3 101 99 102
3 102 99 103
3 103 99 104
3 103 104 105
3 105 104 106
3 106 104 107
3 107 104 108
3 108 104 109
3 108 109 110
3 110 109 111
3 111 109 112
3 111 112 113
3 109 104 114
3 114 104 115
3 114 115 116
3 116 117 114
3 114 117 118
3 119 120 114
3 114 120 121
3 114 121 109
3 122 123 119
3 119 123 124
3 119 124 125
3 125 126 119
3 119 126 127
3 119 127 128
3 127 126 129
3 129 126 130
3 129 130 131
3 131 130 132
3 132 130 133
3 133 130 134
3 133 134 135
3 135 134 136
3 135 136 137
3 138 139 137
3 137 139 140
3 137 140 135
3 135 140 141
3 135 141 142
3 142 141 143
3 142 143 144
3 145 146 138
3 138 146 147
3 138 147 148
3 149 150 145
3 145 150 151
3 145 151 146
3 148 139 138
3 144 152 142
3 142 152 0
3 142 0 2
3 153 154 155
3 155 154 156
3 155 156 157
3 158 159 153
3 153 159 160
3 153 160 154
3 159 158 113
3 113 158 111
3 161 162 110
3 110 162 163
3 110 163 108
3 162 161 164
3 164 161 165
3 164 165 166
3 166 165 167
3 167 165 168
3 167 168 169
3 169 168 170
3 170 168 171
3 171 168 172
3 171 172 173
3 173 172 174
3 69 175 67
3 67 175 176
3 67 176 177
3 177 178 67
3 67 178 179
3 179 178 180
3 179 180 181
3 181 182 179
3 183 184 50
3 50 184 185
3 50 185 48
3 48 185 186
3 186 185 187
3 187 185 188
3 187 188 189
3 189 188 190
3 189 190 191
3 191 190 192
3 192 190 193
3 192 193 194
3 194 193 195
3 195 193 196
3 196 193 197
3 196 197 198
3 198 197 199
3 183 200 184
3 184 200 201
3 201 200 202
3 201 202 203
3 203 202 204
3 203 204 205
3 203 205 206
3 206 205 207
3 206 207 208
3 208 209 206
3 206 209 210
3 210 209 211
3 210 211 212
3 42 213 39
3 39 213 214
3 214 213 215
3 214 215 216
3 216 217 214
3 214 217 218
3 214 218 219
3 214 219 220
3 220 219 221
3 220 221 222
3 222 221 223
3 223 221 224
3 223 224 225
3 225 224 226
3 226 224 227
3 227 224 228
3 228 224 229
3 229 224 230
3 229 230 231
3 231 230 232
3 232 230 233
3 225 234 223
3 223 234 235
3 235 234 236
3 235 236 237
3 237 236 238
3 238 236 239
3 238 239 240
3 240 239 241
3 240 241 242
3 242 241 243
3 243 241 244
3 243 244 245
3 246 247 245
3 245 247 248
3 245 248 135
3 135 248 249
3 135 249 133
3 246 250 247
3 247 250 251
3 247 251 252
3 252 253 247
3 247 253 254
3 254 253 255
3 254 255 256
3 256 257 254
3 128 258 119
3 119 258 120
3 157 259 155
3 155 259 260
3 260 259 261
3 260 261 262
3 135 243 245
3 263 264 265
3 265 264 266
3 265 266 267
3 267 266 268
3 267 268 269
3 269 268 270
3 269 270 271
3 271 270 272
3 271 272 273
3 273 272 274
3 273 274 275
3 275 274 276
3 275 276 277
3 277 276 278
3 277 278 279
3 279 278 280
3 279 280 281
3 281 280 282
3 281 282 283
3 283 282 284
3 283 284 285
3 285 284 286
3 286 284 287
3 286 287 288
3 288 287 289
3 288 289 290
3 290 289 291
3 290 291 292
3 292 291 293
3 292 293 294
3 294 293 295
3 294 295 296
3 296 295 297
3 296 297 298
3 298 297 299
3 298 299 300
3 300 299 301
3 300 301 302
3 302 301 303
3 302 303 304
3 304 303 305
3 304 305 306
3 306 305 307
3 306 307 308
3 308 307 309
3 308 309 310
3 310 309 311
3 310 311 312
3 312 311 313
3 312 313 314
3 264 263 315
3 315 263 316
3 315 316 317
3 315 317 318
3 318 317 319
3 318 319 320
3 320 319 321
3 320 321 322
3 322 321 323
3 322 323 324
3 324 323 325
3 324 325 326
3 326 325 327
3 326 327 328
3 328 327 329
3 328 329 330
3 330 329 331
3 330 331 332
3 332 331 333
3 332 333 334
3 334 333 295
3 334 295 293
3 321 335 323
3 323 335 336
3 323 336 325
3 325 336 337
3 325 337 327
3 327 337 338
3 327 338 329
3 329 338 339
3 329 339 331
3 331 339 340
3 331 340 333
3 333 340 297
3 333 297 295
3 341 342 335
3 335 342 343
3 335 343 336
3 336 343 337
3 309 344 341
3 341 344 345
3 341 345 342
3 342 345 346
3 342 346 347
3 347 346 348
3 347 348 338
3 338 348 339
3 312 314 349
3 349 314 350
3 349 350 351
3 351 350 352
3 351 352 353
3 353 352 354
3 353 354 355
3 355 354 356
3 355 356 300
3 300 356 298
3 352 357 354
3 354 357 358
3 354 358 356
3 356 358 359
3 356 359 298
3 298 359 296
3 360 361 357
3 357 361 362
3 357 362 358
3 358 362 359
3 363 364 360
3 360 364 365
3 360 365 366
3 366 365 367
3 366 367 368
3 368 367 292
3 368 292 294
3 286 288 363
3 363 288 369
3 363 369 364
3 364 369 365
3 285 370 283
3 283 370 371
3 283 371 372
3 372 371 373
3 372 373 374
3 374 375 372
3 372 375 376
3 372 376 377
3 377 378 372
3 372 378 379
3 372 379 380
3 380 379 381
3 380 381 382
3 382 383 380
3 380 383 384
3 380 384 385
3 385 386 380
3 380 386 387
3 380 387 388
3 388 387 389
3 388 389 390
3 390 389 391
3 390 391 392
3 392 391 393
3 392 393 394
3 394 393 395
3 394 395 396
3 396 395 397
3 396 397 398
3 398 397 399
3 398 399 400
3 386 401 387
3 387 401 402
3 387 402 403
3 403 402 404
3 403 404 405
3 405 404 406
3 405 406 407
3 407 406 408
3 407 408 409
3 409 408 410
3 409 410 411
3 411 410 399
3 411 399 397
3 402 412 404
3 404 412 406
3 1 413 412
3 412 413 414
3 412 414 406
3 406 414 408
3 399 410 1
3 1 410 415
3 1 415 413
3 413 415 414
3 265 267 400
3 400 267 416
3 400 416 398
3 398 416 417
3 398 417 396
3 396 417 418
3 396 418 394
3 394 418 419
3 394 419 392
3 392 419 420
3 392 420 390
3 390 420 421
3 390 421 388
3 388 421 422
3 388 422 380
3 380 422 372
3 389 387 403
3 344 309 307
3 264 315 423
3 423 315 318
3 423 318 424
3 424 318 320
3 424 320 322
3 266 264 425
3 425 264 423
3 425 423 426
3 426 423 424
3 426 424 427
3 427 424 322
3 427 322 324
3 417 416 269
3 269 416 267
3 409 411 395
3 395 411 397
3 414 415 408
3 408 415 410
3 266 425 268
3 268 425 428
3 268 428 270
3 270 428 429
3 270 429 272
3 272 429 430
3 272 430 274
3 274 430 431
3 274 431 276
3 276 431 432
3 276 432 278
3 278 432 433
3 278 433 280
3 280 433 434
3 280 434 282
3 282 434 435
3 282 435 284
3 284 435 287
3 428 425 426
3 418 417 271
3 271 417 269
3 407 409 393
3 393 409 395
3 428 426 436
3 436 426 427
3 436 427 437
3 437 427 324
3 437 324 326
3 419 418 273
3 273 418 271
3 405 407 391
3 391 407 393
3 389 403 405
3 405 391 389
3 420 419 275
3 275 419 273
3 429 436 438
3 438 436 437
3 438 437 439
3 439 437 326
3 439 326 328
3 436 429 428
3 429 438 430
3 430 438 440
3 430 440 431
3 431 440 441
3 431 441 432
3 432 441 442
3 432 442 433
3 433 442 443
3 433 443 434
3 434 443 444
3 434 444 435
3 435 444 289
3 435 289 287
3 440 438 439
3 421 420 277
3 277 420 275
3 342 347 343
3 343 347 337
3 347 338 337
3 440 439 445
3 445 439 328
3 445 328 330
3 440 445 441
3 441 445 446
3 441 446 442
3 442 446 447
3 442 447 443
3 443 447 448
3 443 448 444
3 444 448 291
3 444 291 289
3 446 445 330
3 421 277 279
3 421 279 422
3 422 279 281
3 422 281 372
3 372 281 283
3 448 447 334
3 334 447 332
3 330 332 446
3 446 332 447
3 339 348 449
3 449 348 450
3 449 450 301
3 301 450 303
3 348 346 450
3 450 346 451
3 450 451 303
3 303 451 305
3 346 345 451
3 451 345 344
3 451 344 305
3 305 344 307
3 339 449 340
3 340 449 299
3 340 299 297
3 299 449 301
3 291 448 293
3 293 448 334
3 306 308 452
3 452 308 310
3 452 310 312
3 304 306 453
3 453 306 452
3 453 452 349
3 349 452 312
3 302 304 454
3 454 304 453
3 454 453 351
3 351 453 349
3 300 302 355
3 355 302 454
3 355 454 353
3 353 454 351
3 294 296 455
3 455 296 359
3 455 359 362
3 294 455 368
3 368 455 361
3 368 361 366
3 366 361 360
3 361 455 362
3 290 292 367
3 288 290 369
3 369 290 367
3 369 367 365
3 316 456 317
3 317 456 457
3 317 457 319
3 319 457 458
3 319 458 321
3 321 458 335
3 335 458 459
3 335 459 341
3 341 459 460
3 341 460 309
3 309 460 461
3 309 461 311
3 311 461 313
3 313 461 462
3 313 462 463
3 463 462 464
3 464 462 465
3 464 465 466
3 466 465 467
3 466 467 468
3 468 467 469
3 469 467 470
3 469 470 471
3 471 470 472
3 471 472 473
3 473 472 456
3 456 472 457
3 463 474 313
3 458 457 472
3 472 470 458
3 458 470 467
3 458 467 459
3 459 467 465
3 459 465 460
3 460 465 461
3 462 461 465
3 3 475 13
3 13 475 476
3 476 475 456
3 316 263 477
3 477 263 265
3 477 265 0
3 0 265 400
3 0 400 399
3 399 1 0
3 477 0 478
3 478 0 152
3 478 152 479
3 479 152 144
3 479 144 480
3 480 144 143
3 480 143 481
3 481 143 141
3 481 141 482
3 482 141 140
3 482 140 483
3 483 140 139
3 483 139 484
3 484 139 148
3 484 148 485
3 485 148 147
3 474 486 313
3 313 486 487
3 313 487 488
3 489 490 474
3 474 490 491
3 474 491 492
3 493 494 489
3 489 494 495
3 489 495 496
3 493 497 494
3 494 497 498
3 498 497 499
3 498 499 500
3 498 500 501
3 501 500 502
3 501 502 503
3 503 502 504
3 504 502 505
3 505 502 506
3 505 506 507
3 507 506 508
3 508 506 509
3 509 506 510
3 509 510 511
3 511 510 512
3 511 512 513
3 511 513 514
3 514 513 515
3 514 515 516
3 517 518 516
3 516 518 519
3 516 519 520
3 520 519 521
3 520 521 522
3 522 521 523
3 522 523 524
3 524 523 525
3 524 525 526
3 526 525 527
3 526 527 528
3 528 527 529
3 528 529 530
3 531 532 517
3 517 532 533
3 517 533 534
3 535 536 531
3 531 536 537
3 531 537 532
3 538 539 535
3 535 539 540
3 535 540 536
3 539 538 541
3 541 538 542
3 541 542 543
3 543 542 544
3 544 542 545
3 545 542 546
3 539 547 540
3 540 547 548
3 548 547 549
3 548 549 550
3 550 549 551
3 550 551 552
3 552 551 553
3 553 551 554
3 553 554 555
3 555 554 556
3 555 556 557
3 557 556 558
3 557 558 559
3 559 558 560
3 559 560 561
3 554 551 562
3 562 551 563
3 562 563 564
3 564 563 565
3 565 563 566
3 565 566 567
3 567 568 565
3 565 568 569
3 565 569 570
3 570 571 565
3 565 571 572
3 565 572 573
3 573 574 565
3 559 561 575
3 575 561 576
3 575 576 577
3 577 576 578
3 577 578 579
3 579 578 580
3 579 580 581
3 581 580 582
3 581 582 583
3 583 584 581
3 581 584 585
3 581 585 586
3 585 584 587
3 587 584 588
3 587 588 589
3 589 588 590
3 590 588 591
3 591 588 592
3 592 588 593
3 593 588 594
3 586 595 581
3 581 595 596
3 581 596 597
3 597 598 581
3 599 600 581
3 581 600 601
3 581 601 579
3 602 603 599
3 599 603 604
3 599 604 605
3 603 602 606
3 606 602 607
3 606 607 608
3 608 607 609
3 608 609 610
3 610 609 611
3 610 611 612
3 612 611 613
3 612 613 614
3 614 613 615
3 614 615 616
3 616 615 617
3 616 617 618
3 615 619 617
3 617 619 620
3 620 619 621
3 621 619 622
3 622 619 623
3 623 619 624
3 624 619 625
3 625 619 626
3 625 626 627
3 627 626 628
3 628 626 629
3 629 626 630
3 630 626 631
3 631 626 632
3 632 626 633
3 632 633 634
3 634 633 635
3 635 633 636
3 635 636 637
3 637 636 638
3 637 638 639
3 639 638 640
3 639 640 641
3 641 640 642
3 641 642 643
3 643 642 644
3 643 644 645
3 645 644 646
3 645 646 647
3 647 646 648
3 648 646 649
3 649 646 650
3 650 646 651
3 651 646 652
3 651 652 653
3 653 652 654
3 654 652 655
3 654 655 656
3 657 658 652
3 652 658 659
3 652 659 660
3 660 661 652
3 652 661 662
3 652 662 663
3 663 662 664
3 663 664 665
3 665 664 666
3 665 666 667
3 667 668 665
3 665 668 669
3 665 669 670
3 670 671 665
3 663 672 652
3 652 672 673
3 652 673 655
3 654 656 674
3 674 656 675
3 674 675 676
3 676 675 677
3 676 677 678
3 678 677 679
3 678 679 680
3 678 680 681
3 681 680 682
3 681 682 683
3 683 682 684
3 683 684 685
3 685 684 686
3 685 686 687
3 687 686 688
3 688 686 689
3 688 689 690
3 690 689 691
3 690 691 692
3 692 691 693
3 692 693 694
3 694 693 695
3 695 693 696
3 695 696 697
3 697 696 698
3 697 698 699
3 684 700 686
3 686 700 701
3 701 700 702
3 701 702 703
3 703 704 701
3 701 704 705
3 701 705 706
3 706 707 701
3 701 707 708
3 701 708 709
3 709 710 701
3 701 710 711
3 701 711 712
3 699 713 697
3 697 713 714
3 692 694 488
3 488 694 313
3 715 716 717
3 717 716 718
3 717 718 719
3 719 718 720
3 719 720 721
3 721 720 722
3 721 722 723
3 723 722 724
3 723 724 725
3 722 639 724
3 724 639 641
3 632 634 726
3 726 634 727
3 726 727 728
3 728 727 729
3 728 729 730
3 731 732 730
3 730 732 733
3 730 733 734
3 734 735 730
3 730 735 736
3 730 736 737
3 737 738 730
3 730 738 739
3 730 739 728
3 616 618 740
3 740 618 741
3 740 741 742
3 742 741 743
3 743 741 744
3 743 744 745
3 745 744 746
3 746 744 747
3 747 744 748
3 748 744 749
3 749 744 750
3 750 744 751
3 751 744 752
3 608 610 753
3 753 610 754
3 753 754 755
3 755 754 756
3 756 754 757
3 756 757 758
3 758 757 759
3 758 759 760
3 760 759 761
3 760 761 762
3 762 761 763
3 763 761 764
3 764 761 765
3 765 761 766
3 766 761 767
3 767 761 768
3 768 761 769
3 753 755 770
3 770 755 771
3 770 771 772
3 772 771 773
3 772 773 774
3 774 773 775
3 774 775 776
3 776 775 777
3 776 777 534
3 534 777 778
3 534 778 517
3 517 778 779
3 517 779 780
3 780 781 517
3 517 781 782
3 517 782 783
3 783 784 517
3 517 784 785
3 517 785 518
3 530 786 528
3 528 786 787
3 528 787 788
3 788 789 528
3 528 789 790
3 528 790 791
3 520 792 516
3 516 792 793
3 516 793 794
3 792 795 793
3 793 795 796
3 796 795 797
3 796 797 798
3 797 795 799
3 799 795 800
3 799 800 801
3 801 800 802
3 801 802 803
3 803 802 804
3 803 804 805
3 803 805 806
3 806 805 807
3 806 807 808
3 808 809 806
3 806 809 810
3 806 810 811
3 811 812 806
3 806 812 813
3 806 813 814
3 796 798 815
3 815 798 816
3 815 816 817
3 817 816 818
3 817 818 819
3 819 818 820
3 819 820 821
3 821 820 822
3 821 822 823
3 821 823 824
3 824 823 825
3 824 825 826
3 826 825 827
3 826 827 828
3 828 827 829
3 794 830 516
3 516 830 831
3 516 831 832
3 831 830 833
3 833 830 834
3 833 834 835
3 835 834 836
3 835 836 837
3 837 836 838
3 837 838 839
3 839 838 840
3 839 840 841
3 841 840 842
3 841 842 843
3 843 842 844
3 843 844 845
3 845 844 846
3 845 846 847
3 847 846 848
3 847 848 849
3 849 848 850
3 849 850 496
3 496 850 489
3 850 851 489
3 489 851 852
3 489 852 853
3 853 852 854
3 854 852 855
3 854 855 856
3 856 855 857
3 857 855 858
3 857 858 859
3 859 858 860
3 859 860 861
3 861 860 862
3 861 862 863
3 863 862 864
3 863 864 865
3 865 864 866
3 866 864 867
3 866 867 868
3 868 867 869
3 868 869 870
3 870 869 871
3 870 871 872
3 856 873 854
3 854 873 874
3 874 873 875
3 874 875 876
3 876 875 877
3 876 877 878
3 878 877 879
3 879 877 880
3 879 880 881
3 881 882 879
3 879 882 883
3 879 883 884
3 884 885 879
3 879 885 886
3 879 886 887
3 887 888 879
3 853 889 489
3 489 889 890
3 489 890 490
3 890 889 891
3 891 889 892
3 891 892 893
3 893 892 894
3 893 894 895
3 895 894 896
3 895 896 897
3 897 896 898
3 897 898 899
3 899 900 897
3 897 900 901
3 897 901 902
3 902 903 897
3 897 903 904
3 897 904 905
3 905 906 897
3 492 907 474
3 474 907 908
3 474 908 909
3 909 910 474
3 474 910 911
3 474 911 912
3 474 912 913
3 913 912 914
3 913 914 915
3 915 914 916
3 915 916 917
3 917 916 918
3 917 918 919
3 919 918 920
3 919 920 725
3 725 920 723
3 921 922 717
3 717 922 923
3 717 923 924
3 924 925 717
3 717 925 926
3 717 926 927
3 927 715 717
3 913 928 474
3 474 928 486
3 486 928 929
3 929 928 930
3 929 930 931
3 931 930 932
3 931 932 933
3 933 932 934
3 933 934 935
3 935 934 936
3 935 936 937
3 937 936 938
3 937 938 939
3 939 938 940
3 939 940 941
3 941 940 942
3 941 942 943
3 943 942 944
3 943 944 945
3 943 945 946
3 946 945 651
3 946 651 653
3 947 948 949
3 949 948 950
3 949 950 951
3 951 950 952
3 951 952 953
3 953 952 954
3 953 954 955
3 955 954 533
3 955 533 532
3 948 947 956
3 956 947 957
3 956 957 958
3 958 957 959
3 958 959 960
3 960 959 961
3 960 961 962
3 962 961 963
3 963 961 964
3 963 964 600
3 600 964 601
3 605 965 599
3 599 965 966
3 599 966 600
3 832 514 516
3 967 968 969
3 969 968 489
3 969 489 474
3 1 970 3
3 3 970 971
3 3 971 972
3 972 971 973
3 972 973 974
3 974 973 975
3 974 975 976
3 976 975 977
3 976 977 978
3 978 977 979
3 978 979 980
3 980 979 360
3 980 360 981
3 981 360 982
3 981 982 983
3 983 982 984
3 983 984 985
3 985 984 986
3 985 986 987
3 987 986 988
3 987 988 989
3 989 988 990
3 989 990 3
3 3 990 991
3 3 991 992
3 992 991 993
3 992 993 994
3 994 993 995
3 994 995 996
3 996 995 997
3 996 997 998
3 998 997 999
3 998 999 1000
3 1000 999 967
3 1000 967 1001
3 1001 967 1002
3 1001 1002 1003
3 1003 1002 1004
3 1003 1004 1005
3 1005 1004 1006
3 1005 1006 1007
3 1007 1006 1008
3 1007 1008 1009
3 1009 1008 1010
3 1009 1010 3
3 3 1010 1011
3 3 1011 1012
3 1012 1011 1013
3 1012 1013 1014
3 1014 1013 1015
3 1014 1015 1016
3 1016 1015 1017
3 1016 1017 1018
3 1018 1017 1019
3 1018 1019 1020
3 1020 1019 967
3 1020 967 1021
3 1021 967 1022
3 1021 1022 1023
3 1023 1022 1024
3 1023 1024 1025
3 1025 1024 1026
3 1025 1026 1027
3 1027 1026 1028
3 1027 1028 1029
3 1029 1028 1030
3 1029 1030 3
3 3 1030 1031
3 3 1031 1032
3 1032 1031 1033
3 1032 1033 1034
3 1034 1033 1035
3 1034 1035 1036
3 1036 1035 1037
3 1036 1037 1038
3 1038 1037 1039
3 1038 1039 1040
3 1040 1039 967
3 1040 967 1041
3 1041 967 1042
3 1041 1042 1043
3 1043 1042 1044
3 1043 1044 1045
3 1045 1044 1046
3 1045 1046 1047
3 1047 1046 1048
3 1047 1048 1049
3 1049 1048 1050
3 1049 1050 3
3 3 1050 1051
3 3 1051 1052
3 1052 1051 1053
3 1052 1053 1054
3 1054 1053 1055
3 1054 1055 1056
3 1056 1055 1057
3 1056 1057 1058
3 1058 1057 1059
3 1058 1059 1060
3 1060 1059 967
3 1060 967 1061
3 1061 967 1062
3 1061 1062 1063
3 1063 1062 1064
3 1063 1064 1065
3 1065 1064 1066
3 1065 1066 1067
3 1067 1066 1068
3 1067 1068 1069
3 1069 1068 1070
3 1069 1070 3
3 3 1070 1071
3 3 1071 1072
3 1072 1071 1073
3 1072 1073 1074
3 1074 1073 1075
3 1074 1075 1076
3 1076 1075 1077
3 1076 1077 1078
3 1078 1077 1079
3 1078 1079 1080
3 1080 1079 967
3 1080 967 1081
3 1081 967 1082
3 1081 1082 1083
3 1083 1082 1084
3 1083 1084 1085
3 1085 1084 1086
3 1085 1086 1087
3 1087 1086 1088
3 1087 1088 1089
3 1089 1088 1090
3 1089 1090 3
3 3 1090 1091
3 3 1091 1092
3 1092 1091 1093
3 1092 1093 1094
3 1094 1093 1095
3 1094 1095 1096
3 1096 1095 1097
3 1096 1097 1098
3 1098 1097 1099
3 1098 1099 1100
3 1100 1099 967
3 1100 967 1101
3 1101 967 1102
3 1101 1102 1103
3 1103 1102 1104
3 1103 1104 1105
3 1105 1104 1106
3 1105 1106 1107
3 1107 1106 1108
3 1107 1108 1109
3 1109 1108 1110
3 1109 1110 3
3 3 1110 1111
3 3 1111 1112
3 1112 1111 1113
3 1112 1113 1114
3 1114 1113 1115
3 1114 1115 1116
3 1116 1115 1117
3 1116 1117 1118
3 1118 1117 1119
3 1118 1119 1120
3 1120 1119 967
3 1120 967 1121
3 1121 967 1122
3 1121 1122 1123
3 1123 1122 1124
3 1123 1124 1125
3 1125 1124 1126
3 1125 1126 1127
3 1127 1126 1128
3 1127 1128 1129
3 1129 1128 1130
3 1129 1130 3
3 3 1130 1131
3 3 1131 1132
3 1132 1131 1133
3 1132 1133 1134
3 1134 1133 1135
3 1134 1135 1136
3 1136 1135 1137
3 1136 1137 1138
3 1138 1137 1139
3 1138 1139 1140
3 1140 1139 967
3 1140 967 1141
3 1141 967 1142
3 1141 1142 1143
3 1143 1142 1144
3 1143 1144 1145
3 1145 1144 1146
3 1145 1146 1147
3 1147 1146 1148
3 1147 1148 1149
3 1149 1148 1150
3 1149 1150 3
3 3 1150 1151
3 3 1151 1152
3 1152 1151 1153
3 1152 1153 1154
3 1154 1153 1155
3 1154 1155 1156
3 1156 1155 1157
3 1156 1157 1158
3 1158 1157 1159
3 1158 1159 1160
3 1160 1159 967
3 1160 967 1161
3 1161 967 1162
3 1161 1162 1163
3 1163 1162 1164
3 1163 1164 1165
3 1165 1164 1166
3 1165 1166 1167
3 1167 1166 1168
3 1167 1168 1169
3 1169 1168 1170
3 1169 1170 3
3 3 1170 1171
3 3 1171 1172
3 1172 1171 1173
3 1172 1173 1174
3 1174 1173 1175
3 1174 1175 1176
3 1176 1175 1177
3 1176 1177 1178
3 1178 1177 1179
3 1178 1179 1180
3 1180 1179 967
3 1180 967 1181
3 1181 967 1182
3 1181 1182 1183
3 1183 1182 1184
3 1183 1184 1185
3 1185 1184 1186
3 1185 1186 1187
3 1187 1186 1188
3 1187 1188 1189
3 1189 1188 1190
3 1189 1190 3
3 3 1190 1191
3 3 1191 1192
3 1192 1191 1193
3 1192 1193 1194
3 1194 1193 1195
3 1194 1195 1196
3 1196 1195 1197
3 1196 1197 1198
3 1198 1197 1199
3 1198 1199 1200
3 1200 1199 967
3 1200 967 1201
3 1201 967 1202
3 1201 1202 1203
3 1203 1202 1204
3 1203 1204 1205
3 1205 1204 1206
3 1205 1206 1207
3 1207 1206 1208
3 1207 1208 1209
3 1209 1208 1210
3 1209 1210 3
3 3 1210 1211
3 3 1211 1212
3 1212 1211 1213
3 1212 1213 1214
3 1214 1213 1215
3 1214 1215 1216
3 1216 1215 1217
3 1216 1217 1218
3 1218 1217 1219
3 1218 1219 1220
3 1220 1219 967
3 1220 967 1221
3 1221 967 1222
3 1221 1222 1223
3 1223 1222 1224
3 1223 1224 1225
3 1225 1224 1226
3 1225 1226 1227
3 1227 1226 1228
3 1227 1228 1229
3 1229 1228 1230
3 1229 1230 3
3 3 1230 1231
3 3 1231 1232
3 1232 1231 1233
3 1232 1233 1234
3 1234 1233 1235
3 1234 1235 1236
3 1236 1235 1237
3 1236 1237 1238
3 1238 1237 1239
3 1238 1239 1240
3 1240 1239 967
3 1240 967 1241
3 1241 967 1242
3 1241 1242 1243
3 1243 1242 1244
3 1243 1244 1245
3 1245 1244 1246
3 1245 1246 1247
3 1247 1246 1248
3 1247 1248 1249
3 1249 1248 1250
3 1249 1250 3
3 3 1250 1251
3 3 1251 1252
3 1252 1251 1253
3 1252 1253 1254
3 1254 1253 1255
3 1254 1255 1256
3 1256 1255 1257
3 1256 1257 1258
3 1258 1257 1259
3 1258 1259 1260
3 1260 1259 967
3 1260 967 1261
3 1261 967 1262
3 1261 1262 1263
3 1263 1262 1264
3 1263 1264 1265
3 1265 1264 1266
3 1265 1266 1267
3 1267 1266 1268
3 1267 1268 1269
3 1269 1268 1270
3 1269 1270 3
3 3 1270 1271
3 3 1271 1272
3 1272 1271 1273
3 1272 1273 1274
3 1274 1273 1275
3 1274 1275 1276
3 1276 1275 1277
3 1276 1277 1278
3 1278 1277 1279
3 1278 1279 1280
3 1280 1279 967
3 1280 967 1281
3 1281 967 1282
3 1281 1282 1283
3 1283 1282 1284
3 1283 1284 1285
3 1285 1284 1286
3 1285 1286 1287
3 1287 1286 1288
3 1287 1288 1289
3 1289 1288 1290
3 1289 1290 3
3 3 1290 1291
3 3 1291 1292
3 1292 1291 1293
3 1292 1293 1294
3 1294 1293 1295
3 1294 1295 1296
3 1296 1295 1297
3 1296 1297 1298
3 1298 1297 1299
3 1298 1299 1300
3 1300 1299 967
3 1300 967 1301
3 1301 967 1302
3 1301 1302 1303
3 1303 1302 1304
3 1303 1304 1305
3 1305 1304 1306
3 1305 1306 1307
3 1307 1306 1308
3 1307 1308 1309
3 1309 1308 1310
3 1309 1310 3
3 3 1310 1311
3 3 1311 1312
3 1312 1311 1313
3 1312 1313 1314
3 1314 1313 1315
3 1314 1315 1316
3 1316 1315 1317
3 1316 1317 1318
3 1318 1317 1319
3 1318 1319 1320
3 1320 1319 967
3 1320 967 1321
3 1321 967 1322
3 1321 1322 1323
3 1323 1322 1324
3 1323 1324 1325
3 1325 1324 1326
3 1325 1326 1327
3 1327 1326 1328
3 1327 1328 1329
3 1329 1328 1330
3 1329 1330 3
3 3 1330 1331
3 3 1331 1332
3 1332 1331 1333
3 1332 1333 1334
3 1334 1333 1335
3 1334 1335 1336
3 1336 1335 1337
3 1336 1337 1338
3 1338 1337 1339
3 1338 1339 1340
3 1340 1339 967
3 1340 967 1341
3 1341 967 1342
3 1341 1342 1343
3 1343 1342 1344
3 1343 1344 1345
3 1345 1344 1346
3 1345 1346 1347
3 1347 1346 1348
3 1347 1348 1349
3 1349 1348 1350
3 1349 1350 3
3 3 1350 1351
3 3 1351 1352
3 1352 1351 1353
3 1352 1353 1354
3 1354 1353 1355
3 1354 1355 1356
3 1356 1355 1357
3 1356 1357 1358
3 1358 1357 1359
3 1358 1359 1360
3 1360 1359 967
3 1360 967 1361
3 1361 967 1362
3 1361 1362 1363
3 1363 1362 1364
3 1363 1364 1365
3 1365 1364 1366
3 1365 1366 1367
3 1367 1366 1368
3 1367 1368 1369
3 1369 1368 1370
3 1369 1370 3
3 3 1370 1371
3 3 1371 1372
3 1372 1371 1373
3 1372 1373 1374
3 1374 1373 1375
3 1374 1375 1376
3 1376 1375 1377
3 1376 1377 1378
3 1378 1377 1379
3 1378 1379 1380
3 1380 1379 967
3 1380 967 1381
3 1381 967 1382
3 1381 1382 1383
3 1383 1382 1384
3 1383 1384 1385
3 1385 1384 1386
3 1385 1386 1387
3 1387 1386 1388
3 1387 1388 1389
3 1389 1388 1390
3 1389 1390 3
3 3 1390 1391
3 3 1391 1392
3 1392 1391 1393
3 1392 1393 1394
3 1394 1393 1395
3 1394 1395 1396
3 1396 1395 1397
3 1396 1397 1398
3 1398 1397 1399
3 1398 1399 1400
3 1400 1399 967
3 1400 967 1401
3 1401 967 1402
3 1401 1402 1403
3 1403 1402 1404
3 1403 1404 1405
3 1405 1404 1406
3 1405 1406 1407
3 1407 1406 1408
3 1407 1408 1409
3 1409 1408 1410
3 1409 1410 3
3 3 1410 1411
3 3 1411 1412
3 1412 1411 1413
3 1412 1413 1414
3 1414 1413 1415
3 1414 1415 1416
3 1416 1415 1417
3 1416 1417 1418
3 1418 1417 1419
3 1418 1419 1420
3 1420 1419 967
3 1420 967 1421
3 1421 967 1422
3 1421 1422 1423
3 1423 1422 1424
3 1423 1424 1425
3 1425 1424 1426
3 1425 1426 1427
3 1427 1426 1428
3 1427 1428 1429
3 1429 1428 1430
3 1429 1430 3
3 3 1430 1431
3 3 1431 1432
3 1432 1431 1433
3 1432 1433 1434
3 1434 1433 1435
3 1434 1435 1436
3 1436 1435 1437
3 1436 1437 1438
3 1438 1437 1439
3 1438 1439 1440
3 1440 1439 967
3 1440 967 1441
3 1441 967 1442
3 1441 1442 1443
3 1443 1442 1444
3 1443 1444 1445
3 1445 1444 1446
3 1445 1446 1447
3 1447 1446 1448
3 1447 1448 1449
3 1449 1448 1450
3 1449 1450 3
3 3 1450 1451
3 3 1451 1452
3 1452 1451 1453
3 1452 1453 1454
3 1454 1453 1455
3 1454 1455 1456
3 1456 1455 1457
3 1456 1457 1458
3 1458 1457 1459
3 1458 1459 1460
3 1460 1459 967
3 1460 967 1461
3 1461 967 1462
3 1461 1462 1463
3 1463 1462 1464
3 1463 1464 1465
3 1465 1464 1466
3 1465 1466 1467
3 1467 1466 1468
3 1467 1468 1469
3 1469 1468 1470
3 1469 1470 3
3 3 1470 1471
3 3 1471 1472
3 1472 1471 1473
3 1472 1473 1474
3 1474 1473 1475
3 1474 1475 1476
3 1476 1475 1477
3 1476 1477 1478
3 1478 1477 1479
3 1478 1479 1480
3 1480 1479 967
3 1480 967 1481
3 1481 967 1482
3 1481 1482 1483
3 1483 1482 1484
3 1483 1484 1485
3 1485 1484 1486
3 1485 1486 1487
3 1487 1486 1488
3 1487 1488 1489
3 1489 1488 1490
3 1489 1490 3
3 3 1490 1491
3 3 1491 1492
3 1492 1491 1493
3 1492 1493 1494
3 1494 1493 1495
3 1494 1495 1496
3 1496 1495 1497
3 1496 1497 1498
3 1498 1497 1499
3 1498 1499 967
3 967 1499 1500
3 967 1500 1501
3 1501 1500 1502
3 1501 1502 1484
3 1484 1502 1486
3 412 1503 1
3 1 1503 1504
3 1 1504 1505
3 1505 1504 1506
3 1505 1506 1507
3 1507 1506 1508
3 1507 1508 1509
3 1509 1508 1510
3 1509 1510 1511
3 1511 1510 1512
3 1511 1512 1513
3 1513 1512 360
3 1513 360 1514
3 1514 360 1515
3 1514 1515 1516
3 1516 1515 1517
3 1516 1517 1518
3 1518 1517 1519
3 1518 1519 1520
3 1520 1519 1521
3 1520 1521 1522
3 1522 1521 1523
3 1522 1523 1
3 1 1523 1524
3 1 1524 1525
3 1525 1524 1526
3 1525 1526 1527
3 1527 1526 1528
3 1527 1528 1529
3 1529 1528 1530
3 1529 1530 1531
3 1531 1530 1532
3 1531 1532 1533
3 1533 1532 360
3 1533 360 1534
3 1534 360 1535
3 1534 1535 1536
3 1536 1535 1537
3 1536 1537 1538
3 1538 1537 1539
3 1538 1539 1540
3 1540 1539 1541
3 1540 1541 1542
3 1542 1541 1543
3 1542 1543 1
3 1 1543 1544
3 1 1544 1545
3 1545 1544 1546
3 1545 1546 1547
3 1547 1546 1548
3 1547 1548 1549
3 1549 1548 1550
3 1549 1550 1551
3 1551 1550 1552
3 1551 1552 1553
3 1553 1552 360
3 1553 360 1554
3 1554 360 1555
3 1554 1555 1556
3 1556 1555 1557
3 1556 1557 1558
3 1558 1557 1559
3 1558 1559 1560
3 1560 1559 1561
3 1560 1561 1562
3 1562 1561 1563
3 1562 1563 1
3 1 1563 1564
3 1 1564 1565
3 1565 1564 1566
3 1565 1566 1567
3 1567 1566 1568
3 1567 1568 1569
3 1569 1568 1570
3 1569 1570 1571
3 1571 1570 1572
3 1571 1572 1573
3 1573 1572 360
3 1573 360 1574
3 1574 360 1575
3 1574 1575 1576
3 1576 1575 1577
3 1576 1577 1578
3 1578 1577 1579
3 1578 1579 1580
3 1580 1579 1581
3 1580 1581 1582
3 1582 1581 1583
3 1582 1583 1
3 1 1583 1584
3 1 1584 1585
3 1585 1584 1586
3 1585 1586 1587
3 1587 1586 1588
3 1587 1588 1589
3 1589 1588 1590
3 1589 1590 1591
3 1591 1590 1592
3 1591 1592 1593
3 1593 1592 360
3 1593 360 1594
3 1594 360 1595
3 1594 1595 1596
3 1596 1595 1597
3 1596 1597 1598
3 1598 1597 1599
3 1598 1599 1600
3 1600 1599 1601
3 1600 1601 1602
3 1602 1601 1603
3 1602 1603 1
3 1 1603 1604
3 1 1604 1605
3 1605 1604 1606
3 1605 1606 1607
3 1607 1606 1608
3 1607 1608 1609
3 1609 1608 1610
3 1609 1610 1611
3 1611 1610 1612
3 1611 1612 1613
3 1613 1612 360
3 1613 360 1614
3 1614 360 1615
3 1614 1615 1616
3 1616 1615 1617
3 1616 1617 1618
3 1618 1617 1619
3 1618 1619 1620
3 1620 1619 1621
3 1620 1621 1622
3 1622 1621 1623
3 1622 1623 1
3 1 1623 1624
3 1 1624 1625
3 1625 1624 1626
3 1625 1626 1627
3 1627 1626 1628
3 1627 1628 1629
3 1629 1628 1630
3 1629 1630 1631
3 1631 1630 1632
3 1631 1632 1633
3 1633 1632 360
3 1633 360 1634
3 1634 360 1635
3 1634 1635 1636
3 1636 1635 1637
3 1636 1637 1638
3 1638 1637 1639
3 1638 1639 1640
3 1640 1639 1641
3 1640 1641 1642
3 1642 1641 1643
3 1642 1643 1
3 1 1643 1644
3 1 1644 1645
3 1645 1644 1646
3 1645 1646 1647
3 1647 1646 1648
3 1647 1648 1649
3 1649 1648 1650
3 1649 1650 1651
3 1651 1650 1652
3 1651 1652 1653
3 1653 1652 360
3 1653 360 1654
3 1654 360 1655
3 1654 1655 1656
3 1656 1655 1657
3 1656 1657 1658
3 1658 1657 1659
3 1658 1659 1660
3 1660 1659 1661
3 1660 1661 1662
3 1662 1661 1663
3 1662 1663 1
3 1 1663 1664
3 1 1664 1665
3 1665 1664 1666
3 1665 1666 1667
3 1667 1666 1668
3 1667 1668 1669
3 1669 1668 1670
3 1669 1670 1671
3 1671 1670 1672
3 1671 1672 1673
3 1673 1672 360
3 1673 360 1674
3 1674 360 1675
3 1674 1675 1676
3 1676 1675 1677
3 1676 1677 1678
3 1678 1677 1679
3 1678 1679 1680
3 1680 1679 1681
3 1680 1681 1682
3 1682 1681 1683
3 1682 1683 1
3 1 1683 1684
3 1 1684 1685
3 1685 1684 1686
3 1685 1686 1687
3 1687 1686 1688
3 1687 1688 1689
3 1689 1688 1690
3 1689 1690 1691
3 1691 1690 1692
3 1691 1692 1693
3 1693 1692 360
3 1693 360 1694
3 1694 360 1695
3 1694 1695 1696
3 1696 1695 1697
3 1696 1697 1698
3 1698 1697 1699
3 1698 1699 1700
3 1700 1699 1701
3 1700 1701 1702
3 1702 1701 1703
3 1702 1703 1
3 1 1703 1704
3 1 1704 1705
3 1705 1704 1706
3 1705 1706 1707
3 1707 1706 1708
3 1707 1708 1709
3 1709 1708 1710
3 1709 1710 1711
3 1711 1710 1712
3 1711 1712 1713
3 1713 1712 360
3 1713 360 1714
3 1714 360 1715
3 1714 1715 1716
3 1716 1715 1717
3 1716 1717 1718
3 1718 1717 1719
3 1718 1719 1720
3 1720 1719 1721
3 1720 1721 1722
3 1722 1721 1723
3 1722 1723 1
3 1 1723 1724
3 1 1724 1725
3 1725 1724 1726
3 1725 1726 1727
3 1727 1726 1728
3 1727 1728 1729
3 1729 1728 1730
3 1729 1730 1731
3 1731 1730 1732
3 1731 1732 1733
3 1733 1732 360
3 1733 360 1734
3 1734 360 1735
3 1734 1735 1736
3 1736 1735 1737
3 1736 1737 1738
3 1738 1737 1739
3 1738 1739 1740
3 1740 1739 1741
3 1740 1741 1742
3 1742 1741 1743
3 1742 1743 1
3 1 1743 1744
3 1 1744 1745
3 1745 1744 1746
3 1745 1746 1747
3 1747 1746 1748
3 1747 1748 1749
3 1749 1748 1750
3 1749 1750 1751
3 1751 1750 1752
3 1751 1752 1753
3 1753 1752 360
3 1753 360 1754
3 1754 360 1755
3 1754 1755 1756
3 1756 1755 1757
3 1756 1757 1758
3 1758 1757 1759
3 1758 1759 1760
3 1760 1759 1761
3 1760 1761 1762
3 1762 1761 1763
3 1762 1763 1
3 1 1763 1764
3 1 1764 1765
3 1765 1764 1766
3 1765 1766 1767
3 1767 1766 1768
3 1767 1768 1769
3 1769 1768 1770
3 1769 1770 1771
3 1771 1770 1772
3 1771 1772 1773
3 1773 1772 360
3 1773 360 1774
3 1774 360 1775
3 1774 1775 1776
3 1776 1775 1777
3 1776 1777 1778
3 1778 1777 1779
3 1778 1779 1780
3 1780 1779 1781
3 1780 1781 1782
3 1782 1781 1783
3 1782 1783 1
3 1 1783 1784
3 1 1784 1785
3 1785 1784 1786
3 1785 1786 1787
3 1787 1786 1788
3 1787 1788 1789
3 1789 1788 1790
3 1789 1790 1791
3 1791 1790 1792
3 1791 1792 1793
3 1793 1792 360
3 1793 360 1794
3 1794 360 1795
3 1794 1795 1796
3 1796 1795 1797
3 1796 1797 1798
3 1798 1797 1799
3 1798 1799 1800
3 1800 1799 1801
3 1800 1801 1802
3 1802 1801 1803
3 1802 1803 1
3 1 1803 1804
3 1 1804 1805
3 1805 1804 1806
3 1805 1806 1807
3 1807 1806 1808
3 1807 1808 1809
3 1809 1808 1810
3 1809 1810 1811
3 1811 1810 1812
3 1811 1812 1813
3 1813 1812 360
3 1813 360 1814
3 1814 360 1815
3 1814 1815 1816
3 1816 1815 1817
3 1816 1817 1818
3 1818 1817 1819
3 1818 1819 1820
3 1820 1819 1821
3 1820 1821 1822
3 1822 1821 1823
3 1822 1823 1
3 1 1823 1824
3 1 1824 1825
3 1825 1824 1826
3 1825 1826 1827
3 1827 1826 1828
3 1827 1828 1829
3 1829 1828 1830
3 1829 1830 1831
3 1831 1830 1832
3 1831 1832 1833
3 1833 1832 360
3 1833 360 1834
3 1834 360 1835
3 1834 1835 1836
3 1836 1835 1837
3 1836 1837 1838
3 1838 1837 1839
3 1838 1839 1840
3 1840 1839 1841
3 1840 1841 1842
3 1842 1841 1843
3 1842 1843 1
3 1 1843 1844
3 1 1844 1845
3 1845 1844 1846
3 1845 1846 1847
3 1847 1846 1848
3 1847 1848 1849
3 1849 1848 1850
3 1849 1850 1851
3 1851 1850 1852
3 1851 1852 1853
3 1853 1852 360
3 1853 360 1854
3 1854 360 1855
3 1854 1855 1856
3 1856 1855 1857
3 1856 1857 1858
3 1858 1857 1859
3 1858 1859 1860
3 1860 1859 1861
3 1860 1861 1862
3 1862 1861 1863
3 1862 1863 1
3 1 1863 1864
3 1 1864 1865
3 1865 1864 1866
3 1865 1866 1867
3 1867 1866 1868
3 1867 1868 1869
3 1869 1868 1870
3 1869 1870 1871
3 1871 1870 1872
3 1871 1872 1873
3 1873 1872 360
3 1873 360 1874
3 1874 360 1875
3 1874 1875 1876
3 1876 1875 1877
3 1876 1877 1878
3 1878 1877 1879
3 1878 1879 1880
3 1880 1879 1881
3 1880 1881 1882
3 1882 1881 1883
3 1882 1883 1
3 1 1883 1884
3 1 1884 1885
3 1885 1884 1886
3 1885 1886 1887
3 1887 1886 1888
3 1887 1888 1889
3 1889 1888 1890
3 1889 1890 1891
3 1891 1890 1892
3 1891 1892 1893
3 1893 1892 360
3 1893 360 1894
3 1894 360 1895
3 1894 1895 1896
3 1896 1895 1897
3 1896 1897 1898
3 1898 1897 1899
3 1898 1899 1900
3 1900 1899 1901
3 1900 1901 1902
3 1902 1901 1903
3 1902 1903 1
3 1 1903 1904
3 1 1904 1905
3 1905 1904 1906
3 1905 1906 1907
3 1907 1906 1908
3 1907 1908 1909
3 1909 1908 1910
3 1909 1910 1911
3 1911 1910 1912
3 1911 1912 1913
3 1913 1912 360
3 1913 360 1914
3 1914 360 1915
3 1914 1915 1916
3 1916 1915 1917
3 1916 1917 1918
3 1918 1917 1919
3 1918 1919 1920
3 1920 1919 1921
3 1920 1921 1922
3 1922 1921 1923
3 1922 1923 1
3 1 1923 1924
3 1 1924 1925
3 1925 1924 1926
3 1925 1926 1927
3 1927 1926 1928
3 1927 1928 1929
3 1929 1928 1930
3 1929 1930 1931
3 1931 1930 1932
3 1931 1932 1933
3 1933 1932 360
3 1933 360 1934
3 1934 360 1935
3 1934 1935 1936
3 1936 1935 1937
3 1936 1937 1938
3 1938 1937 1939
3 1938 1939 1940
3 1940 1939 1941
3 1940 1941 1942
3 1942 1941 1943
3 1942 1943 1
3 1 1943 1944
3 1 1944 1945
3 1945 1944 1946
3 1945 1946 1947
3 1947 1946 1948
3 1947 1948 1949
3 1949 1948 1950
3 1949 1950 1951
3 1951 1950 1952
3 1951 1952 1953
3 1953 1952 360
3 1953 360 1954
3 1954 360 1955
3 1954 1955 1956
3 1956 1955 1957
3 1956 1957 1958
3 1958 1957 1959
3 1958 1959 1960
3 1960 1959 1961
3 1960 1961 1962
3 1962 1961 1963
3 1962 1963 1
3 1 1963 1964
3 1 1964 1965
3 1965 1964 1966
3 1965 1966 1967
3 1967 1966 1968
3 1967 1968 1969
3 1969 1968 1970
3 1969 1970 1971
3 1971 1970 1972
3 1971 1972 1973
3 1973 1972 360
3 1973 360 1974
3 1974 360 1975
3 1974 1975 1976
3 1976 1975 1977
3 1976 1977 1978
3 1978 1977 1979
3 1978 1979 1980
3 1980 1979 1981
3 1980 1981 1982
3 1982 1981 1983
3 1982 1983 1
3 1 1983 1984
3 1 1984 1985
3 1985 1984 1986
3 1985 1986 1987
3 1987 1986 1988
3 1987 1988 1989
3 1989 1988 1990
3 1989 1990 1991
3 1991 1990 1992
3 1991 1992 1993
3 1993 1992 360
3 1993 360 1994
3 1994 360 1995
3 1994 1995 1996
3 1996 1995 1997
3 1996 1997 1998
3 1998 1997 1999
3 1998 1999 2000
3 2000 1999 2001
3 2000 2001 2002
3 2002 2001 2003
3 2002 2003 1
3 1 2003 2004
3 1 2004 2005
3 2005 2004 2006
3 2005 2006 2007
3 2007 2006 2008
3 2007 2008 2009
3 2009 2008 2010
3 2009 2010 2011
3 2011 2010 2012
3 2011 2012 2013
3 2013 2012 360
3 2013 360 2014
3 2014 360 2015
3 2014 2015 2016
3 2016 2015 2017
3 2016 2017 2018
3 2018 2017 975
3 2018 975 973
3 402 2019 412
3 412 2019 1504
3 412 1504 1503
3 402 401 2019
3 2019 401 2020
3 2019 2020 2021
3 2021 2020 2022
3 2021 2022 2023
3 2023 2022 2024
3 2023 2024 2025
3 2025 2024 360
3 2025 360 1512
3 401 386 2020
3 2020 386 385
3 2020 385 384
3 384 383 2020
3 2020 383 382
3 2020 382 381
3 381 379 2020
3 2020 379 378
3 2020 378 377
3 377 376 2020
3 2020 376 375
3 2020 375 374
3 374 373 2020
3 2020 373 371
3 2020 371 370
3 370 285 2020
3 2020 285 2026
3 2020 2026 2022
3 2022 2026 2027
3 2022 2027 2024
3 2024 2027 360
3 285 286 2026
3 2026 286 363
3 2026 363 2028
3 2028 363 2029
3 2028 2029 360
3 360 2029 363
3 982 360 2030
3 2030 360 967
3 2030 967 2031
3 2031 967 2032
3 2031 2032 2033
3 2033 2032 2034
3 2033 2034 2035
3 2035 2034 995
3 2035 995 993
3 1505 2036 1
3 1 2036 2037
3 1 2037 2038
3 2038 2037 2039
3 2038 2039 2040
3 2040 2039 2041
3 2040 2041 1518
3 1518 2041 1516
3 1505 1507 2036
3 2036 1507 2042
3 2036 2042 2037
3 2037 2042 2039
3 1522 1 2043
3 2043 1 2038
3 2043 2038 2040
3 1520 1522 2043
3 1520 2043 2040
3 1524 1523 2044
3 2044 1523 1521
3 2044 1521 2045
3 2045 1521 1519
3 2045 1519 2046
3 2046 1519 1517
3 2046 1517 2047
3 2047 1517 1515
3 2047 1515 360
3 1525 2048 1
3 1 2048 2049
3 1 2049 2050
3 2050 2049 2051
3 2050 2051 2052
3 2052 2051 2053
3 2052 2053 1538
3 1538 2053 1536
3 1525 1527 2048
3 2048 1527 2054
3 2048 2054 2049
3 2049 2054 2051
3 1542 1 2055
3 2055 1 2050
3 2055 2050 2052
3 1540 1542 2055
3 1540 2055 2052
3 1544 1543 2056
3 2056 1543 1541
3 2056 1541 2057
3 2057 1541 1539
3 2057 1539 2058
3 2058 1539 1537
3 2058 1537 2059
3 2059 1537 1535
3 2059 1535 360
3 1545 2060 1
3 1 2060 2061
3 1 2061 2062
3 2062 2061 2063
3 2062 2063 2064
3 2064 2063 2065
3 2064 2065 1558
3 1558 2065 1556
3 1545 1547 2060
3 2060 1547 2066
3 2060 2066 2061
3 2061 2066 2063
3 1562 1 2067
3 2067 1 2062
3 2067 2062 2064
3 1560 1562 2067
3 1560 2067 2064
3 1564 1563 2068
3 2068 1563 1561
3 2068 1561 2069
3 2069 1561 1559
3 2069 1559 2070
3 2070 1559 1557
3 2070 1557 2071
3 2071 1557 1555
3 2071 1555 360
3 1565 2072 1
3 1 2072 2073
3 1 2073 2074
3 2074 2073 2075
3 2074 2075 2076
3 2076 2075 2077
3 2076 2077 1578
3 1578 2077 1576
3 1565 1567 2072
3 2072 1567 2078
3 2072 2078 2073
3 2073 2078 2075
3 1582 1 2079
3 2079 1 2074
3 2079 2074 2076
3 1580 1582 2079
3 1580 2079 2076
3 1584 1583 2080
3 2080 1583 1581
3 2080 1581 2081
3 2081 1581 1579
3 2081 1579 2082
3 2082 1579 1577
3 2082 1577 2083
3 2083 1577 1575
3 2083 1575 360
3 1585 2084 1
3 1 2084 2085
3 1 2085 2086
3 2086 2085 2087
3 2086 2087 2088
3 2088 2087 2089
3 2088 2089 1598
3 1598 2089 1596
3 1585 1587 2084
3 2084 1587 2090
3 2084 2090 2085
3 2085 2090 2087
3 1602 1 2091
3 2091 1 2086
3 2091 2086 2088
3 1600 1602 2091
3 1600 2091 2088
3 1604 1603 2092
3 2092 1603 1601
3 2092 1601 2093
3 2093 1601 1599
3 2093 1599 2094
3 2094 1599 1597
3 2094 1597 2095
3 2095 1597 1595
3 2095 1595 360
3 1605 2096 1
3 1 2096 2097
3 1 2097 2098
3 2098 2097 2099
3 2098 2099 2100
3 2100 2099 2101
3 2100 2101 1618
3 1618 2101 1616
3 1605 1607 2096
3 2096 1607 2102
3 2096 2102 2097
3 2097 2102 2099
3 1622 1 2103
3 2103 1 2098
3 2103 2098 2100
3 1620 1622 2103
3 1620 2103 2100
3 1624 1623 2104
3 2104 1623 1621
3 2104 1621 2105
3 2105 1621 1619
3 2105 1619 2106
3 2106 1619 1617
3 2106 1617 2107
3 2107 1617 1615
3 2107 1615 360
3 1625 2108 1
3 1 2108 2109
3 1 2109 2110
3 2110 2109 2111
3 2110 2111 2112
3 2112 2111 2113
3 2112 2113 1638
3 1638 2113 1636
3 1625 1627 2108
3 2108 1627 2114
3 2108 2114 2109
3 2109 2114 2111
3 1642 1 2115
3 2115 1 2110
3 2115 2110 2112
3 1640 1642 2115
3 1640 2115 2112
3 1644 1643 2116
3 2116 1643 1641
3 2116 1641 2117
3 2117 1641 1639
3 2117 1639 2118
3 2118 1639 1637
3 2118 1637 2119
3 2119 1637 1635
3 2119 1635 360
3 1645 2120 1
3 1 2120 2121
3 1 2121 2122
3 2122 2121 2123
3 2122 2123 2124
3 2124 2123 2125
3 2124 2125 1658
3 1658 2125 1656
3 1645 1647 2120
3 2120 1647 2126
3 2120 2126 2121
3 2121 2126 2123
3 1662 1 2127
3 2127 1 2122
3 2127 2122 2124
3 1660 1662 2127
3 1660 2127 2124
3 1664 1663 2128
3 2128 1663 1661
3 2128 1661 2129
3 2129 1661 1659
3 2129 1659 2130
3 2130 1659 1657
3 2130 1657 2131
3 2131 1657 1655
3 2131 1655 360
3 1665 2132 1
3 1 2132 2133
3 1 2133 2134
3 2134 2133 2135
3 2134 2135 2136
3 2136 2135 2137
3 2136 2137 1678
3 1678 2137 1676
3 1665 1667 2132
3 2132 1667 2138
3 2132 2138 2133
3 2133 2138 2135
3 1682 1 2139
3 2139 1 2134
3 2139 2134 2136
3 1680 1682 2139
3 1680 2139 2136
3 1684 1683 2140
3 2140 1683 1681
3 2140 1681 2141
3 2141 1681 1679
3 2141 1679 2142
3 2142 1679 1677
3 2142 1677 2143
3 2143 1677 1675
3 2143 1675 360
3 1685 2144 1
3 1 2144 2145
3 1 2145 2146
3 2146 2145 2147
3 2146 2147 2148
3 2148 2147 2149
3 2148 2149 1698
3 1698 2149 1696
3 1685 1687 2144
3 2144 1687 2150
3 2144 2150 2145
3 2145 2150 2147
3 1702 1 2151
3 2151 1 2146
3 2151 2146 2148
3 1700 1702 2151
3 1700 2151 2148
3 1704 1703 2152
3 2152 1703 1701
3 2152 1701 2153
3 2153 1701 1699
3 2153 1699 2154
3 2154 1699 1697
3 2154 1697 2155
3 2155 1697 1695
3 2155 1695 360
3 1705 2156 1
3 1 2156 2157
3 1 2157 2158
3 2158 2157 2159
3 2158 2159 2160
3 2160 2159 2161
3 2160 2161 1718
3 1718 2161 1716
3 1705 1707 2156
3 2156 1707 2162
3 2156 2162 2157
3 2157 2162 2159
3 1722 1 2163
3 2163 1 2158
3 2163 2158 2160
3 1720 1722 2163
3 1720 2163 2160
3 1724 1723 2164
3 2164 1723 1721
3 2164 1721 2165
3 2165 1721 1719
3 2165 1719 2166
3 2166 1719 1717
3 2166 1717 2167
3 2167 1717 1715
3 2167 1715 360
3 1725 2168 1
3 1 2168 2169
3 1 2169 2170
3 2170 2169 2171
3 2170 2171 2172
3 2172 2171 2173
3 2172 2173 1738
3 1738 2173 1736
3 1725 1727 2168
3 2168 1727 2174
3 2168 2174 2169
3 2169 2174 2171
3 1742 1 2175
3 2175 1 2170
3 2175 2170 2172
3 1740 1742 2175
3 1740 2175 2172
3 1744 1743 2176
3 2176 1743 1741
3 2176 1741 2177
3 2177 1741 1739
3 2177 1739 2178
3 2178 1739 1737
3 2178 1737 2179
3 2179 1737 1735
3 2179 1735 360
3 1745 2180 1
3 1 2180 2181
3 1 2181 2182
3 2182 2181 2183
3 2182 2183 2184
3 2184 2183 2185
3 2184 2185 1758
3 1758 2185 1756
3 1745 1747 2180
3 2180 1747 2186
3 2180 2186 2181
3 2181 2186 2183
3 1762 1 2187
3 2187 1 2182
3 2187 2182 2184
3 1760 1762 2187
3 1760 2187 2184
3 1764 1763 2188
3 2188 1763 1761
3 2188 1761 2189
3 2189 1761 1759
3 2189 1759 2190
3 2190 1759 1757
3 2190 1757 2191
3 2191 1757 1755
3 2191 1755 360
3 1765 2192 1
3 1 2192 2193
3 1 2193 2194
3 2194 2193 2195
3 2194 2195 2196
3 2196 2195 2197
3 2196 2197 1778
3 1778 2197 1776
3 1765 1767 2192
3 2192 1767 2198
3 2192 2198 2193
3 2193 2198 2195
3 1782 1 2199
3 2199 1 2194
3 2199 2194 2196
3 1780 1782 2199
3 1780 2199 2196
3 1784 1783 2200
3 2200 1783 1781
3 2200 1781 2201
3 2201 1781 1779
3 2201 1779 2202
3 2202 1779 1777
3 2202 1777 2203
3 2203 1777 1775
3 2203 1775 360
3 1785 2204 1
3 1 2204 2205
3 1 2205 2206
3 2206 2205 2207
3 2206 2207 2208
3 2208 2207 2209
3 2208 2209 1798
3 1798 2209 1796
3 1785 1787 2204
3 2204 1787 2210
3 2204 2210 2205
3 2205 2210 2207
3 1802 1 2211
3 2211 1 2206
3 2211 2206 2208
3 1800 1802 2211
3 1800 2211 2208
3 1804 1803 2212
3 2212 1803 1801
3 2212 1801 2213
3 2213 1801 1799
3 2213 1799 2214
3 2214 1799 1797
3 2214 1797 2215
3 2215 1797 1795
3 2215 1795 360
3 1805 2216 1
3 1 2216 2217
3 1 2217 2218
3 2218 2217 2219
3 2218 2219 2220
3 2220 2219 2221
3 2220 2221 1818
3 1818 2221 1816
3 1805 1807 2216
3 2216 1807 2222
3 2216 2222 2217
3 2217 2222 2219
3 1822 1 2223
3 2223 1 2218
3 2223 2218 2220
3 1820 1822 2223
3 1820 2223 2220
3 1824 1823 2224
3 2224 1823 1821
3 2224 1821 2225
3 2225 1821 1819
3 2225 1819 2226
3 2226 1819 1817
3 2226 1817 2227
3 2227 1817 1815
3 2227 1815 360
3 1825 2228 1
3 1 2228 2229
3 1 2229 2230
3 2230 2229 2231
3 2230 2231 2232
3 2232 2231 2233
3 2232 2233 1838
3 1838 2233 1836
3 1825 1827 2228
3 2228 1827 2234
3 2228 2234 2229
3 2229 2234 2231
3 1842 1 2235
3 2235 1 2230
3 2235 2230 2232
3 1840 1842 2235
3 1840 2235 2232
3 1844 1843 2236
3 2236 1843 1841
3 2236 1841 2237
3 2237 1841 1839
3 2237 1839 2238
3 2238 1839 1837
3 2238 1837 2239
3 2239 1837 1835
3 2239 1835 360
3 1845 2240 1
3 1 2240 2241
3 1 2241 2242
3 2242 2241 2243
3 2242 2243 2244
3 2244 2243 2245
3 2244 2245 1858
3 1858 2245 1856
3 1845 1847 2240
3 2240 1847 2246
3 2240 2246 2241
3 2241 2246 2243
3 1862 1 2247
3 2247 1 2242
3 2247 2242 2244
3 1860 1862 2247
3 1860 2247 2244
3 1864 1863 2248
3 2248 1863 1861
3 2248 1861 2249
3 2249 1861 1859
3 2249 1859 2250
3 2250 1859 1857
3 2250 1857 2251
3 2251 1857 1855
3 2251 1855 360
3 1865 2252 1
3 1 2252 2253
3 1 2253 2254
3 2254 2253 2255
3 2254 2255 2256
3 2256 2255 2257
3 2256 2257 1878
3 1878 2257 1876
3 1865 1867 2252
3 2252 1867 2258
3 2252 2258 2253
3 2253 2258 2255
3 1882 1 2259
3 2259 1 2254
3 2259 2254 2256
3 1880 1882 2259
3 1880 2259 2256
3 1884 1883 2260
3 2260 1883 1881
3 2260 1881 2261
3 2261 1881 1879
3 2261 1879 2262
3 2262 1879 1877
3 2262 1877 2263
3 2263 1877 1875
3 2263 1875 360
3 1885 2264 1
3 1 2264 2265
3 1 2265 2266
3 2266 2265 2267
3 2266 2267 2268
3 2268 2267 2269
3 2268 2269 1898
3 1898 2269 1896
3 1885 1887 2264
3 2264 1887 2270
3 2264 2270 2265
3 2265 2270 2267
3 1902 1 2271
3 2271 1 2266
3 2271 2266 2268
3 1900 1902 2271
3 1900 2271 2268
3 1904 1903 2272
3 2272 1903 1901
3 2272 1901 2273
3 2273 1901 1899
3 2273 1899 2274
3 2274 1899 1897
3 2274 1897 2275
3 2275 1897 1895
3 2275 1895 360
3 1905 2276 1
3 1 2276 2277
3 1 2277 2278
3 2278 2277 2279
3 2278 2279 2280
3 2280 2279 2281
3 2280 2281 1918
3 1918 2281 1916
3 1905 1907 2276
3 2276 1907 2282
3 2276 2282 2277
3 2277 2282 2279
3 1922 1 2283
3 2283 1 2278
3 2283 2278 2280
3 1920 1922 2283
3 1920 2283 2280
3 1924 1923 2284
3 2284 1923 1921
3 2284 1921 2285
3 2285 1921 1919
3 2285 1919 2286
3 2286 1919 1917
3 2286 1917 2287
3 2287 1917 1915
3 2287 1915 360
3 1925 2288 1
3 1 2288 2289
3 1 2289 2290
3 2290 2289 2291
3 2290 2291 2292
3 2292 2291 2293
3 2292 2293 1938
3 1938 2293 1936
3 1925 1927 2288
3 2288 1927 2294
3 2288 2294 2289
3 2289 2294 2291
3 1942 1 2295
3 2295 1 2290
3 2295 2290 2292
3 1940 1942 2295
3 1940 2295 2292
3 1944 1943 2296
3 2296 1943 1941
3 2296 1941 2297
3 2297 1941 1939
3 2297 1939 2298
3 2298 1939 1937
3 2298 1937 2299
3 2299 1937 1935
3 2299 1935 360
3 1945 2300 1
3 1 2300 2301
3 1 2301 2302
3 2302 2301 2303
3 2302 2303 2304
3 2304 2303 2305
3 2304 2305 1958
3 1958 2305 1956
3 1945 1947 2300
3 2300 1947 2306
3 2300 2306 2301
3 2301 2306 2303
3 1962 1 2307
3 2307 1 2302
3 2307 2302 2304
3 1960 1962 2307
3 1960 2307 2304
3 1964 1963 2308
3 2308 1963 1961
3 2308 1961 2309
3 2309 1961 1959
3 2309 1959 2310
3 2310 1959 1957
3 2310 1957 2311
3 2311 1957 1955
3 2311 1955 360
3 1965 2312 1
3 1 2312 2313
3 1 2313 2314
3 2314 2313 2315
3 2314 2315 2316
3 2316 2315 2317
3 2316 2317 1978
3 1978 2317 1976
3 1965 1967 2312
3 2312 1967 2318
3 2312 2318 2313
3 2313 2318 2315
3 1982 1 2319
3 2319 1 2314
3 2319 2314 2316
3 1980 1982 2319
3 1980 2319 2316
3 1984 1983 2320
3 2320 1983 1981
3 2320 1981 2321
3 2321 1981 1979
3 2321 1979 2322
3 2322 1979 1977
3 2322 1977 2323
3 2323 1977 1975
3 2323 1975 360
3 1985 2324 1
3 1 2324 2325
3 1 2325 2326
3 2326 2325 2327
3 2326 2327 2328
3 2328 2327 2329
3 2328 2329 1998
3 1998 2329 1996
3 1985 1987 2324
3 2324 1987 2330
3 2324 2330 2325
3 2325 2330 2327
3 2002 1 2331
3 2331 1 2326
3 2331 2326 2328
3 2000 2002 2331
3 2000 2331 2328
3 2004 2003 2332
3 2332 2003 2001
3 2332 2001 2333
3 2333 2001 1999
3 2333 1999 2334
3 2334 1999 1997
3 2334 1997 2335
3 2335 1997 1995
3 2335 1995 360
3 2005 2336 1
3 1 2336 2337
3 1 2337 970
3 970 2337 2338
3 970 2338 2339
3 2339 2338 2340
3 2339 2340 2018
3 2018 2340 2016
3 2005 2007 2336
3 2336 2007 2341
3 2336 2341 2337
3 2337 2341 2338
3 973 971 2339
3 2339 971 970
3 972 2342 3
3 3 2342 2343
3 3 2343 2344
3 2344 2343 2345
3 2344 2345 2346
3 2346 2345 2347
3 2346 2347 985
3 985 2347 983
3 972 974 2342
3 2342 974 2348
3 2342 2348 2343
3 2343 2348 2345
3 989 3 2349
3 2349 3 2344
3 2349 2344 2346
3 987 989 2349
3 987 2349 2346
3 991 990 2350
3 2350 990 988
3 2350 988 2351
3 2351 988 986
3 2351 986 2352
3 2352 986 984
3 2352 984 2030
3 2030 984 982
3 992 2353 3
3 3 2353 2354
3 3 2354 2355
3 2355 2354 2356
3 2355 2356 2357
3 2357 2356 2358
3 2357 2358 1005
3 1005 2358 1003
3 992 994 2353
3 2353 994 2359
3 2353 2359 2354
3 2354 2359 2356
3 1009 3 2360
3 2360 3 2355
3 2360 2355 2357
3 1007 1009 2360
3 1007 2360 2357
3 1011 1010 2361
3 2361 1010 1008
3 2361 1008 2362
3 2362 1008 1006
3 2362 1006 2363
3 2363 1006 1004
3 2363 1004 2364
3 2364 1004 1002
3 2364 1002 967
3 1012 2365 3
3 3 2365 2366
3 3 2366 2367
3 2367 2366 2368
3 2367 2368 2369
3 2369 2368 2370
3 2369 2370 1025
3 1025 2370 1023
3 1012 1014 2365
3 2365 1014 2371
3 2365 2371 2366
3 2366 2371 2368
3 1029 3 2372
3 2372 3 2367
3 2372 2367 2369
3 1027 1029 2372
3 1027 2372 2369
3 1031 1030 2373
3 2373 1030 1028
3 2373 1028 2374
3 2374 1028 1026
3 2374 1026 2375
3 2375 1026 1024
3 2375 1024 2376
3 2376 1024 1022
3 2376 1022 967
3 1032 2377 3
3 3 2377 2378
3 3 2378 2379
3 2379 2378 2380
3 2379 2380 2381
3 2381 2380 2382
3 2381 2382 1045
3 1045 2382 1043
3 1032 1034 2377
3 2377 1034 2383
3 2377 2383 2378
3 2378 2383 2380
3 1049 3 2384
3 2384 3 2379
3 2384 2379 2381
3 1047 1049 2384
3 1047 2384 2381
3 1051 1050 2385
3 2385 1050 1048
3 2385 1048 2386
3 2386 1048 1046
3 2386 1046 2387
3 2387 1046 1044
3 2387 1044 2388
3 2388 1044 1042
3 2388 1042 967
3 1052 2389 3
3 3 2389 2390
3 3 2390 2391
3 2391 2390 2392
3 2391 2392 2393
3 2393 2392 2394
3 2393 2394 1065
3 1065 2394 1063
3 1052 1054 2389
3 2389 1054 2395
3 2389 2395 2390
3 2390 2395 2392
3 1069 3 2396
3 2396 3 2391
3 2396 2391 2393
3 1067 1069 2396
3 1067 2396 2393
3 1071 1070 2397
3 2397 1070 1068
3 2397 1068 2398
3 2398 1068 1066
3 2398 1066 2399
3 2399 1066 1064
3 2399 1064 2400
3 2400 1064 1062
3 2400 1062 967
3 1072 2401 3
3 3 2401 2402
3 3 2402 2403
3 2403 2402 2404
3 2403 2404 2405
3 2405 2404 2406
3 2405 2406 1085
3 1085 2406 1083
3 1072 1074 2401
3 2401 1074 2407
3 2401 2407 2402
3 2402 2407 2404
3 1089 3 2408
3 2408 3 2403
3 2408 2403 2405
3 1087 1089 2408
3 1087 2408 2405
3 1091 1090 2409
3 2409 1090 1088
3 2409 1088 2410
3 2410 1088 1086
3 2410 1086 2411
3 2411 1086 1084
3 2411 1084 2412
3 2412 1084 1082
3 2412 1082 967
3 1092 2413 3
3 3 2413 2414
3 3 2414 2415
3 2415 2414 2416
3 2415 2416 2417
3 2417 2416 2418
3 2417 2418 1105
3 1105 2418 1103
3 1092 1094 2413
3 2413 1094 2419
3 2413 2419 2414
3 2414 2419 2416
3 1109 3 2420
3 2420 3 2415
3 2420 2415 2417
3 1107 1109 2420
3 1107 2420 2417
3 1111 1110 2421
3 2421 1110 1108
3 2421 1108 2422
3 2422 1108 1106
3 2422 1106 2423
3 2423 1106 1104
3 2423 1104 2424
3 2424 1104 1102
3 2424 1102 967
3 1112 2425 3
3 3 2425 2426
3 3 2426 2427
3 2427 2426 2428
3 2427 2428 2429
3 2429 2428 2430
3 2429 2430 1125
3 1125 2430 1123
3 1112 1114 2425
3 2425 1114 2431
3 2425 2431 2426
3 2426 2431 2428
3 1129 3 2432
3 2432 3 2427
3 2432 2427 2429
3 1127 1129 2432
3 1127 2432 2429
3 1131 1130 2433
3 2433 1130 1128
3 2433 1128 2434
3 2434 1128 1126
3 2434 1126 2435
3 2435 1126 1124
3 2435 1124 2436
3 2436 1124 1122
3 2436 1122 967
3 1132 2437 3
3 3 2437 2438
3 3 2438 2439
3 2439 2438 2440
3 2439 2440 2441
3 2441 2440 2442
3 2441 2442 1145
3 1145 2442 1143
3 1132 1134 2437
3 2437 1134 2443
3 2437 2443 2438
3 2438 2443 2440
3 1149 3 2444
3 2444 3 2439
3 2444 2439 2441
3 1147 1149 2444
3 1147 2444 2441
3 1151 1150 2445
3 2445 1150 1148
3 2445 1148 2446
3 2446 1148 1146
3 2446 1146 2447
3 2447 1146 1144
3 2447 1144 2448
3 2448 1144 1142
3 2448 1142 967
3 1152 2449 3
3 3 2449 2450
3 3 2450 2451
3 2451 2450 2452
3 2451 2452 2453
3 2453 2452 2454
3 2453 2454 1165
3 1165 2454 1163
3 1152 1154 2449
3 2449 1154 2455
3 2449 2455 2450
3 2450 2455 2452
3 1169 3 2456
3 2456 3 2451
3 2456 2451 2453
3 1167 1169 2456
3 1167 2456 2453
3 1171 1170 2457
3 2457 1170 1168
3 2457 1168 2458
3 2458 1168 1166
3 2458 1166 2459
3 2459 1166 1164
3 2459 1164 2460
3 2460 1164 1162
3 2460 1162 967
3 1172 2461 3
3 3 2461 2462
3 3 2462 2463
3 2463 2462 2464
3 2463 2464 2465
3 2465 2464 2466
3 2465 2466 1185
3 1185 2466 1183
3 1172 1174 2461
3 2461 1174 2467
3 2461 2467 2462
3 2462 2467 2464
3 1189 3 2468
3 2468 3 2463
3 2468 2463 2465
3 1187 1189 2468
3 1187 2468 2465
3 1191 1190 2469
3 2469 1190 1188
3 2469 1188 2470
3 2470 1188 1186
3 2470 1186 2471
3 2471 1186 1184
3 2471 1184 2472
3 2472 1184 1182
3 2472 1182 967
3 1192 2473 3
3 3 2473 2474
3 3 2474 2475
3 2475 2474 2476
3 2475 2476 2477
3 2477 2476 2478
3 2477 2478 1205
3 1205 2478 1203
3 1192 1194 2473
3 2473 1194 2479
3 2473 2479 2474
3 2474 2479 2476
3 1209 3 2480
3 2480 3 2475
3 2480 2475 2477
3 1207 1209 2480
3 1207 2480 2477
3 1211 1210 2481
3 2481 1210 1208
3 2481 1208 2482
3 2482 1208 1206
3 2482 1206 2483
3 2483 1206 1204
3 2483 1204 2484
3 2484 1204 1202
3 2484 1202 967
3 1212 2485 3
3 3 2485 2486
3 3 2486 2487
3 2487 2486 2488
3 2487 2488 2489
3 2489 2488 2490
3 2489 2490 1225
3 1225 2490 1223
3 1212 1214 2485
3 2485 1214 2491
3 2485 2491 2486
3 2486 2491 2488
3 1229 3 2492
3 2492 3 2487
3 2492 2487 2489
3 1227 1229 2492
3 1227 2492 2489
3 1231 1230 2493
3 2493 1230 1228
3 2493 1228 2494
3 2494 1228 1226
3 2494 1226 2495
3 2495 1226 1224
3 2495 1224 2496
3 2496 1224 1222
3 2496 1222 967
3 1232 2497 3
3 3 2497 2498
3 3 2498 2499
3 2499 2498 2500
3 2499 2500 2501
3 2501 2500 2502
3 2501 2502 1245
3 1245 2502 1243
3 1232 1234 2497
3 2497 1234 2503
3 2497 2503 2498
3 2498 2503 2500
3 1249 3 2504
3 2504 3 2499
3 2504 2499 2501
3 1247 1249 2504
3 1247 2504 2501
3 1251 1250 2505
3 2505 1250 1248
3 2505 1248 2506
3 2506 1248 1246
3 2506 1246 2507
3 2507 1246 1244
3 2507 1244 2508
3 2508 1244 1242
3 2508 1242 967
3 1252 2509 3
3 3 2509 2510
3 3 2510 2511
3 2511 2510 2512
3 2511 2512 2513
3 2513 2512 2514
3 2513 2514 1265
3 1265 2514 1263
3 1252 1254 2509
3 2509 1254 2515
3 2509 2515 2510
3 2510 2515 2512
3 1269 3 2516
3 2516 3 2511
3 2516 2511 2513
3 1267 1269 2516
3 1267 2516 2513
3 1271 1270 2517
3 2517 1270 1268
3 2517 1268 2518
3 2518 1268 1266
3 2518 1266 2519
3 2519 1266 1264
3 2519 1264 2520
3 2520 1264 1262
3 2520 1262 967
3 1272 2521 3
3 3 2521 2522
3 3 2522 2523
3 2523 2522 2524
3 2523 2524 2525
3 2525 2524 2526
3 2525 2526 1285
3 1285 2526 1283
3 1272 1274 2521
3 2521 1274 2527
3 2521 2527 2522
3 2522 2527 2524
3 1289 3 2528
3 2528 3 2523
3 2528 2523 2525
3 1287 1289 2528
3 1287 2528 2525
3 1291 1290 2529
3 2529 1290 1288
3 2529 1288 2530
3 2530 1288 1286
3 2530 1286 2531
3 2531 1286 1284
3 2531 1284 2532
3 2532 1284 1282
3 2532 1282 967
3 1292 2533 3
3 3 2533 2534
3 3 2534 2535
3 2535 2534 2536
3 2535 2536 2537
3 2537 2536 2538
3 2537 2538 1305
3 1305 2538 1303
3 1292 1294 2533
3 2533 1294 2539
3 2533 2539 2534
3 2534 2539 2536
3 1309 3 2540
3 2540 3 2535
3 2540 2535 2537
3 1307 1309 2540
3 1307 2540 2537
3 1311 1310 2541
3 2541 1310 1308
3 2541 1308 2542
3 2542 1308 1306
3 2542 1306 2543
3 2543 1306 1304
3 2543 1304 2544
3 2544 1304 1302
3 2544 1302 967
3 1312 2545 3
3 3 2545 2546
3 3 2546 2547
3 2547 2546 2548
3 2547 2548 2549
3 2549 2548 2550
3 2549 2550 1325
3 1325 2550 1323
3 1312 1314 2545
3 2545 1314 2551
3 2545 2551 2546
3 2546 2551 2548
3 1329 3 2552
3 2552 3 2547
3 2552 2547 2549
3 1327 1329 2552
3 1327 2552 2549
3 1331 1330 2553
3 2553 1330 1328
3 2553 1328 2554
3 2554 1328 1326
3 2554 1326 2555
3 2555 1326 1324
3 2555 1324 2556
3 2556 1324 1322
3 2556 1322 967
3 1332 2557 3
3 3 2557 2558
3 3 2558 2559
3 2559 2558 2560
3 2559 2560 2561
3 2561 2560 2562
3 2561 2562 1345
3 1345 2562 1343
3 1332 1334 2557
3 2557 1334 2563
3 2557 2563 2558
3 2558 2563 2560
3 1349 3 2564
3 2564 3 2559
3 2564 2559 2561
3 1347 1349 2564
3 1347 2564 2561
3 1351 1350 2565
3 2565 1350 1348
3 2565 1348 2566
3 2566 1348 1346
3 2566 1346 2567
3 2567 1346 1344
3 2567 1344 2568
3 2568 1344 1342
3 2568 1342 967
3 1352 2569 3
3 3 2569 2570
3 3 2570 2571
3 2571 2570 2572
3 2571 2572 2573
3 2573 2572 2574
3 2573 2574 1365
3 1365 2574 1363
3 1352 1354 2569
3 2569 1354 2575
3 2569 2575 2570
3 2570 2575 2572
3 1369 3 2576
3 2576 3 2571
3 2576 2571 2573
3 1367 1369 2576
3 1367 2576 2573
3 1371 1370 2577
3 2577 1370 1368
3 2577 1368 2578
3 2578 1368 1366
3 2578 1366 2579
3 2579 1366 1364
3 2579 1364 2580
3 2580 1364 1362
3 2580 1362 967
3 1372 2581 3
3 3 2581 2582
3 3 2582 2583
3 2583 2582 2584
3 2583 2584 2585
3 2585 2584 2586
3 2585 2586 1385
3 1385 2586 1383
3 1372 1374 2581
3 2581 1374 2587
3 2581 2587 2582
3 2582 2587 2584
3 1389 3 2588
3 2588 3 2583
3 2588 2583 2585
3 1387 1389 2588
3 1387 2588 2585
3 1391 1390 2589
3 2589 1390 1388
3 2589 1388 2590
3 2590 1388 1386
3 2590 1386 2591
3 2591 1386 1384
3 2591 1384 2592
3 2592 1384 1382
3 2592 1382 967
3 1392 2593 3
3 3 2593 2594
3 3 2594 2595
3 2595 2594 2596
3 2595 2596 2597
3 2597 2596 2598
3 2597 2598 1405
3 1405 2598 1403
3 1392 1394 2593
3 2593 1394 2599
3 2593 2599 2594
3 2594 2599 2596
3 1409 3 2600
3 2600 3 2595
3 2600 2595 2597
3 1407 1409 2600
3 1407 2600 2597
3 1411 1410 2601
3 2601 1410 1408
3 2601 1408 2602
3 2602 1408 1406
3 2602 1406 2603
3 2603 1406 1404
3 2603 1404 2604
3 2604 1404 1402
3 2604 1402 967
3 1412 2605 3
3 3 2605 2606
3 3 2606 2607
3 2607 2606 2608
3 2607 2608 2609
3 2609 2608 2610
3 2609 2610 1425
3 1425 2610 1423
3 1412 1414 2605
3 2605 1414 2611
3 2605 2611 2606
3 2606 2611 2608
3 1429 3 2612
3 2612 3 2607
3 2612 2607 2609
3 1427 1429 2612
3 1427 2612 2609
3 1431 1430 2613
3 2613 1430 1428
3 2613 1428 2614
3 2614 1428 1426
3 2614 1426 2615
3 2615 1426 1424
3 2615 1424 2616
3 2616 1424 1422
3 2616 1422 967
3 1432 2617 3
3 3 2617 2618
3 3 2618 2619
3 2619 2618 2620
3 2619 2620 2621
3 2621 2620 2622
3 2621 2622 1445
3 1445 2622 1443
3 1432 1434 2617
3 2617 1434 2623
3 2617 2623 2618
3 2618 2623 2620
3 1449 3 2624
3 2624 3 2619
3 2624 2619 2621
3 1447 1449 2624
3 1447 2624 2621
3 1451 1450 2625
3 2625 1450 1448
3 2625 1448 2626
3 2626 1448 1446
3 2626 1446 2627
3 2627 1446 1444
3 2627 1444 2628
3 2628 1444 1442
3 2628 1442 967
3 1452 2629 3
3 3 2629 2630
3 3 2630 2631
3 2631 2630 2632
3 2631 2632 2633
3 2633 2632 2634
3 2633 2634 1465
3 1465 2634 1463
3 1452 1454 2629
3 2629 1454 2635
3 2629 2635 2630
3 2630 2635 2632
3 1469 3 2636
3 2636 3 2631
3 2636 2631 2633
3 1467 1469 2636
3 1467 2636 2633
3 1471 1470 2637
3 2637 1470 1468
3 2637 1468 2638
3 2638 1468 1466
3 2638 1466 2639
3 2639 1466 1464
3 2639 1464 2640
3 2640 1464 1462
3 2640 1462 967
3 1472 2641 3
3 3 2641 2642
3 3 2642 2643
3 2643 2642 2644
3 2643 2644 2645
3 2645 2644 2646
3 2645 2646 1485
3 1485 2646 1483
3 1472 1474 2641
3 2641 1474 2647
3 2641 2647 2642
3 2642 2647 2644
3 1489 3 2648
3 2648 3 2643
3 2648 2643 2645
3 1487 1489 2648
3 1487 2648 2645
3 1491 1490 2649
3 2649 1490 1488
3 2649 1488 2650
3 2650 1488 1486
3 2650 1486 1502
3 3 1492 2651
3 2651 1492 2652
3 2651 2652 2653
3 2653 2652 2654
3 2653 2654 2655
3 2655 2654 2656
3 2655 2656 967
3 967 2656 2657
3 967 2657 1498
3 1498 2657 1496
3 3 2651 967
3 967 2651 2658
3 967 2658 2659
3 2659 2658 2660
3 2659 2660 967
3 967 2660 2661
3 967 2661 2662
3 2662 2661 2658
3 2662 2658 2663
3 2663 2658 2651
3 2663 2651 2664
3 2664 2651 2653
3 2664 2653 2665
3 2665 2653 2655
3 2665 2655 967
3 1504 2019 1506
3 1506 2019 2021
3 1506 2021 1508
3 1508 2021 2023
3 1508 2023 1510
3 1510 2023 2025
3 1510 2025 1512
3 1507 1509 2042
3 2042 1509 2666
3 2042 2666 2039
3 2039 2666 2041
3 1518 1520 2040
3 1524 2044 1526
3 1526 2044 2667
3 1526 2667 1528
3 1528 2667 2668
3 1528 2668 1530
3 1530 2668 2669
3 1530 2669 1532
3 1532 2669 360
3 2667 2044 2045
3 1527 1529 2054
3 2054 1529 2670
3 2054 2670 2051
3 2051 2670 2053
3 1538 1540 2052
3 1544 2056 1546
3 1546 2056 2671
3 1546 2671 1548
3 1548 2671 2672
3 1548 2672 1550
3 1550 2672 2673
3 1550 2673 1552
3 1552 2673 360
3 2671 2056 2057
3 1547 1549 2066
3 2066 1549 2674
3 2066 2674 2063
3 2063 2674 2065
3 1558 1560 2064
3 1564 2068 1566
3 1566 2068 2675
3 1566 2675 1568
3 1568 2675 2676
3 1568 2676 1570
3 1570 2676 2677
3 1570 2677 1572
3 1572 2677 360
3 2675 2068 2069
3 1567 1569 2078
3 2078 1569 2678
3 2078 2678 2075
3 2075 2678 2077
3 1578 1580 2076
3 1584 2080 1586
3 1586 2080 2679
3 1586 2679 1588
3 1588 2679 2680
3 1588 2680 1590
3 1590 2680 2681
3 1590 2681 1592
3 1592 2681 360
3 2679 2080 2081
3 1587 1589 2090
3 2090 1589 2682
3 2090 2682 2087
3 2087 2682 2089
3 1598 1600 2088
3 1604 2092 1606
3 1606 2092 2683
3 1606 2683 1608
3 1608 2683 2684
3 1608 2684 1610
3 1610 2684 2685
3 1610 2685 1612
3 1612 2685 360
3 2683 2092 2093
3 1607 1609 2102
3 2102 1609 2686
3 2102 2686 2099
3 2099 2686 2101
3 1618 1620 2100
3 1624 2104 1626
3 1626 2104 2687
3 1626 2687 1628
3 1628 2687 2688
3 1628 2688 1630
3 1630 2688 2689
3 1630 2689 1632
3 1632 2689 360
3 2687 2104 2105
3 1627 1629 2114
3 2114 1629 2690
3 2114 2690 2111
3 2111 2690 2113
3 1638 1640 2112
3 1644 2116 1646
3 1646 2116 2691
3 1646 2691 1648
3 1648 2691 2692
3 1648 2692 1650
3 1650 2692 2693
3 1650 2693 1652
3 1652 2693 360
3 2691 2116 2117
3 1647 1649 2126
3 2126 1649 2694
3 2126 2694 2123
3 2123 2694 2125
3 1658 1660 2124
3 1664 2128 1666
3 1666 2128 2695
3 1666 2695 1668
3 1668 2695 2696
3 1668 2696 1670
3 1670 2696 2697
3 1670 2697 1672
3 1672 2697 360
3 2695 2128 2129
3 1667 1669 2138
3 2138 1669 2698
3 2138 2698 2135
3 2135 2698 2137
3 1678 1680 2136
3 1684 2140 1686
3 1686 2140 2699
3 1686 2699 1688
3 1688 2699 2700
3 1688 2700 1690
3 1690 2700 2701
3 1690 2701 1692
3 1692 2701 360
3 2699 2140 2141
3 1687 1689 2150
3 2150 1689 2702
3 2150 2702 2147
3 2147 2702 2149
3 1698 1700 2148
3 1704 2152 1706
3 1706 2152 2703
3 1706 2703 1708
3 1708 2703 2704
3 1708 2704 1710
3 1710 2704 2705
3 1710 2705 1712
3 1712 2705 360
3 2703 2152 2153
3 1707 1709 2162
3 2162 1709 2706
3 2162 2706 2159
3 2159 2706 2161
3 1718 1720 2160
3 1724 2164 1726
3 1726 2164 2707
3 1726 2707 1728
3 1728 2707 2708
3 1728 2708 1730
3 1730 2708 2709
3 1730 2709 1732
3 1732 2709 360
3 2707 2164 2165
3 1727 1729 2174
3 2174 1729 2710
3 2174 2710 2171
3 2171 2710 2173
3 1738 1740 2172
3 1744 2176 1746
3 1746 2176 2711
3 1746 2711 1748
3 1748 2711 2712
3 1748 2712 1750
3 1750 2712 2713
3 1750 2713 1752
3 1752 2713 360
3 2711 2176 2177
3 1747 1749 2186
3 2186 1749 2714
3 2186 2714 2183
3 2183 2714 2185
3 1758 1760 2184
3 1764 2188 1766
3 1766 2188 2715
3 1766 2715 1768
3 1768 2715 2716
3 1768 2716 1770
3 1770 2716 2717
3 1770 2717 1772
3 1772 2717 360
3 2715 2188 2189
3 1767 1769 2198
3 2198 1769 2718
3 2198 2718 2195
3 2195 2718 2197
3 1778 1780 2196
3 1784 2200 1786
3 1786 2200 2719
3 1786 2719 1788
3 1788 2719 2720
3 1788 2720 1790
3 1790 2720 2721
3 1790 2721 1792
3 1792 2721 360
3 2719 2200 2201
3 1787 1789 2210
3 2210 1789 2722
3 2210 2722 2207
3 2207 2722 2209
3 1798 1800 2208
3 1804 2212 1806
3 1806 2212 2723
3 1806 2723 1808
3 1808 2723 2724
3 1808 2724 1810
3 1810 2724 2725
3 1810 2725 1812
3 1812 2725 360
3 2723 2212 2213
3 1807 1809 2222
3 2222 1809 2726
3 2222 2726 2219
3 2219 2726 2221
3 1818 1820 2220
3 1824 2224 1826
3 1826 2224 2727
3 1826 2727 1828
3 1828 2727 2728
3 1828 2728 1830
3 1830 2728 2729
3 1830 2729 1832
3 1832 2729 360
3 2727 2224 2225
3 1827 1829 2234
3 2234 1829 2730
3 2234 2730 2231
3 2231 2730 2233
3 1838 1840 2232
3 1844 2236 1846
3 1846 2236 2731
3 1846 2731 1848
3 1848 2731 2732
3 1848 2732 1850
3 1850 2732 2733
3 1850 2733 1852
3 1852 2733 360
3 2731 2236 2237
3 1847 1849 2246
3 2246 1849 2734
3 2246 2734 2243
3 2243 2734 2245
3 1858 1860 2244
3 1864 2248 1866
3 1866 2248 2735
3 1866 2735 1868
3 1868 2735 2736
3 1868 2736 1870
3 1870 2736 2737
3 1870 2737 1872
3 1872 2737 360
3 2735 2248 2249
3 1867 1869 2258
3 2258 1869 2738
3 2258 2738 2255
3 2255 2738 2257
3 1878 1880 2256
3 1884 2260 1886
3 1886 2260 2739
3 1886 2739 1888
3 1888 2739 2740
3 1888 2740 1890
3 1890 2740 2741
3 1890 2741 1892
3 1892 2741 360
3 2739 2260 2261
3 1887 1889 2270
3 2270 1889 2742
3 2270 2742 2267
3 2267 2742 2269
3 1898 1900 2268
3 1904 2272 1906
3 1906 2272 2743
3 1906 2743 1908
3 1908 2743 2744
3 1908 2744 1910
3 1910 2744 2745
3 1910 2745 1912
3 1912 2745 360
3 2743 2272 2273
3 1907 1909 2282
3 2282 1909 2746
3 2282 2746 2279
3 2279 2746 2281
3 1918 1920 2280
3 1924 2284 1926
3 1926 2284 2747
3 1926 2747 1928
3 1928 2747 2748
3 1928 2748 1930
3 1930 2748 2749
3 1930 2749 1932
3 1932 2749 360
3 2747 2284 2285
3 1927 1929 2294
3 2294 1929 2750
3 2294 2750 2291
3 2291 2750 2293
3 1938 1940 2292
3 1944 2296 1946
3 1946 2296 2751
3 1946 2751 1948
3 1948 2751 2752
3 1948 2752 1950
3 1950 2752 2753
3 1950 2753 1952
3 1952 2753 360
3 2751 2296 2297
3 1947 1949 2306
3 2306 1949 2754
3 2306 2754 2303
3 2303 2754 2305
3 1958 1960 2304
3 1964 2308 1966
3 1966 2308 2755
3 1966 2755 1968
3 1968 2755 2756
3 1968 2756 1970
3 1970 2756 2757
3 1970 2757 1972
3 1972 2757 360
3 2755 2308 2309
3 1967 1969 2318
3 2318 1969 2758
3 2318 2758 2315
3 2315 2758 2317
3 1978 1980 2316
3 1984 2320 1986
3 1986 2320 2759
3 1986 2759 1988
3 1988 2759 2760
3 1988 2760 1990
3 1990 2760 2761
3 1990 2761 1992
3 1992 2761 360
3 2759 2320 2321
3 1987 1989 2330
3 2330 1989 2762
3 2330 2762 2327
3 2327 2762 2329
3 1998 2000 2328
3 2004 2332 2006
3 2006 2332 2763
3 2006 2763 2008
3 2008 2763 2764
3 2008 2764 2010
3 2010 2764 2765
3 2010 2765 2012
3 2012 2765 360
3 2763 2332 2333
3 2007 2009 2341
3 2341 2009 2766
3 2341 2766 2338
3 2338 2766 2340
3 2018 973 2339
3 974 976 2348
3 2348 976 2767
3 2348 2767 2345
3 2345 2767 2347
3 985 987 2346
3 2035 993 2350
3 2350 993 991
3 2035 2350 2351
3 994 996 2359
3 2359 996 2768
3 2359 2768 2356
3 2356 2768 2358
3 1005 1007 2357
3 1011 2361 1013
3 1013 2361 2769
3 1013 2769 1015
3 1015 2769 2770
3 1015 2770 1017
3 1017 2770 2771
3 1017 2771 1019
3 1019 2771 967
3 2769 2361 2362
3 1014 1016 2371
3 2371 1016 2772
3 2371 2772 2368
3 2368 2772 2370
3 1025 1027 2369
3 1031 2373 1033
3 1033 2373 2773
3 1033 2773 1035
3 1035 2773 2774
3 1035 2774 1037
3 1037 2774 2775
3 1037 2775 1039
3 1039 2775 967
3 2773 2373 2374
3 1034 1036 2383
3 2383 1036 2776
3 2383 2776 2380
3 2380 2776 2382
3 1045 1047 2381
3 1051 2385 1053
3 1053 2385 2777
3 1053 2777 1055
3 1055 2777 2778
3 1055 2778 1057
3 1057 2778 2779
3 1057 2779 1059
3 1059 2779 967
3 2777 2385 2386
3 1054 1056 2395
3 2395 1056 2780
3 2395 2780 2392
3 2392 2780 2394
3 1065 1067 2393
3 1071 2397 1073
3 1073 2397 2781
3 1073 2781 1075
3 1075 2781 2782
3 1075 2782 1077
3 1077 2782 2783
3 1077 2783 1079
3 1079 2783 967
3 2781 2397 2398
3 1074 1076 2407
3 2407 1076 2784
3 2407 2784 2404
3 2404 2784 2406
3 1085 1087 2405
3 1091 2409 1093
3 1093 2409 2785
3 1093 2785 1095
3 1095 2785 2786
3 1095 2786 1097
3 1097 2786 2787
3 1097 2787 1099
3 1099 2787 967
3 2785 2409 2410
3 1094 1096 2419
3 2419 1096 2788
3 2419 2788 2416
3 2416 2788 2418
3 1105 1107 2417
3 1111 2421 1113
3 1113 2421 2789
3 1113 2789 1115
3 1115 2789 2790
3 1115 2790 1117
3 1117 2790 2791
3 1117 2791 1119
3 1119 2791 967
3 2789 2421 2422
3 1114 1116 2431
3 2431 1116 2792
3 2431 2792 2428
3 2428 2792 2430
3 1125 1127 2429
3 1131 2433 1133
3 1133 2433 2793
3 1133 2793 1135
3 1135 2793 2794
3 1135 2794 1137
3 1137 2794 2795
3 1137 2795 1139
3 1139 2795 967
3 2793 2433 2434
3 1134 1136 2443
3 2443 1136 2796
3 2443 2796 2440
3 2440 2796 2442
3 1145 1147 2441
3 1151 2445 1153
3 1153 2445 2797
3 1153 2797 1155
3 1155 2797 2798
3 1155 2798 1157
3 1157 2798 2799
3 1157 2799 1159
3 1159 2799 967
3 2797 2445 2446
3 1154 1156 2455
3 2455 1156 2800
3 2455 2800 2452
3 2452 2800 2454
3 1165 1167 2453
3 1171 2457 1173
3 1173 2457 2801
3 1173 2801 1175
3 1175 2801 2802
3 1175 2802 1177
3 1177 2802 2803
3 1177 2803 1179
3 1179 2803 967
3 2801 2457 2458
3 1174 1176 2467
3 2467 1176 2804
3 2467 2804 2464
3 2464 2804 2466
3 1185 1187 2465
3 1191 2469 1193
3 1193 2469 2805
3 1193 2805 1195
3 1195 2805 2806
3 1195 2806 1197
3 1197 2806 2807
3 1197 2807 1199
3 1199 2807 967
3 2805 2469 2470
3 1194 1196 2479
3 2479 1196 2808
3 2479 2808 2476
3 2476 2808 2478
3 1205 1207 2477
3 1211 2481 1213
3 1213 2481 2809
3 1213 2809 1215
3 1215 2809 2810
3 1215 2810 1217
3 1217 2810 2811
3 1217 2811 1219
3 1219 2811 967
3 2809 2481 2482
3 1214 1216 2491
3 2491 1216 2812
3 2491 2812 2488
3 2488 2812 2490
3 1225 1227 2489
3 1231 2493 1233
3 1233 2493 2813
3 1233 2813 1235
3 1235 2813 2814
3 1235 2814 1237
3 1237 2814 2815
3 1237 2815 1239
3 1239 2815 967
3 2813 2493 2494
3 1234 1236 2503
3 2503 1236 2816
3 2503 2816 2500
3 2500 2816 2502
3 1245 1247 2501
3 1251 2505 1253
3 1253 2505 2817
3 1253 2817 1255
3 1255 2817 2818
3 1255 2818 1257
3 1257 2818 2819
3 1257 2819 1259
3 1259 2819 967
3 2817 2505 2506
3 1254 1256 2515
3 2515 1256 2820
3 2515 2820 2512
3 2512 2820 2514
3 1265 1267 2513
3 1271 2517 1273
3 1273 2517 2821
3 1273 2821 1275
3 1275 2821 2822
3 1275 2822 1277
3 1277 2822 2823
3 1277 2823 1279
3 1279 2823 967
3 2821 2517 2518
3 1274 1276 2527
3 2527 1276 2824
3 2527 2824 2524
3 2524 2824 2526
3 1285 1287 2525
3 1291 2529 1293
3 1293 2529 2825
3 1293 2825 1295
3 1295 2825 2826
3 1295 2826 1297
3 1297 2826 2827
3 1297 2827 1299
3 1299 2827 967
3 2825 2529 2530
3 1294 1296 2539
3 2539 1296 2828
3 2539 2828 2536
3 2536 2828 2538
3 1305 1307 2537
3 1311 2541 1313
3 1313 2541 2829
3 1313 2829 1315
3 1315 2829 2830
3 1315 2830 1317
3 1317 2830 2831
3 1317 2831 1319
3 1319 2831 967
3 2829 2541 2542
3 1314 1316 2551
3 2551 1316 2832
3 2551 2832 2548
3 2548 2832 2550
3 1325 1327 2549
3 1331 2553 1333
3 1333 2553 2833
3 1333 2833 1335
3 1335 2833 2834
3 1335 2834 1337
3 1337 2834 2835
3 1337 2835 1339
3 1339 2835 967
3 2833 2553 2554
3 1334 1336 2563
3 2563 1336 2836
3 2563 2836 2560
3 2560 2836 2562
3 1345 1347 2561
3 1351 2565 1353
3 1353 2565 2837
3 1353 2837 1355
3 1355 2837 2838
3 1355 2838 1357
3 1357 2838 2839
3 1357 2839 1359
3 1359 2839 967
3 2837 2565 2566
3 1354 1356 2575
3 2575 1356 2840
3 2575 2840 2572
3 2572 2840 2574
3 1365 1367 2573
3 1371 2577 1373
3 1373 2577 2841
3 1373 2841 1375
3 1375 2841 2842
3 1375 2842 1377
3 1377 2842 2843
3 1377 2843 1379
3 1379 2843 967
3 2841 2577 2578
3 1374 1376 2587
3 2587 1376 2844
3 2587 2844 2584
3 2584 2844 2586
3 1385 1387 2585
3 1391 2589 1393
3 1393 2589 2845
3 1393 2845 1395
3 1395 2845 2846
3 1395 2846 1397
3 1397 2846 2847
3 1397 2847 1399
3 1399 2847 967
3 2845 2589 2590
3 1394 1396 2599
3 2599 1396 2848
3 2599 2848 2596
3 2596 2848 2598
3 1405 1407 2597
3 1411 2601 1413
3 1413 2601 2849
3 1413 2849 1415
3 1415 2849 2850
3 1415 2850 1417
3 1417 2850 2851
3 1417 2851 1419
3 1419 2851 967
3 2849 2601 2602
3 1414 1416 2611
3 2611 1416 2852
3 2611 2852 2608
3 2608 2852 2610
3 1425 1427 2609
3 1431 2613 1433
3 1433 2613 2853
3 1433 2853 1435
3 1435 2853 2854
3 1435 2854 1437
3 1437 2854 2855
3 1437 2855 1439
3 1439 2855 967
3 2853 2613 2614
3 1434 1436 2623
3 2623 1436 2856
3 2623 2856 2620
3 2620 2856 2622
3 1445 1447 2621
3 1451 2625 1453
3 1453 2625 2857
3 1453 2857 1455
3 1455 2857 2858
3 1455 2858 1457
3 1457 2858 2859
3 1457 2859 1459
3 1459 2859 967
3 2857 2625 2626
3 1454 1456 2635
3 2635 1456 2860
3 2635 2860 2632
3 2632 2860 2634
3 1465 1467 2633
3 1471 2637 1473
3 1473 2637 2861
3 1473 2861 1475
3 1475 2861 2862
3 1475 2862 1477
3 1477 2862 2863
3 1477 2863 1479
3 1479 2863 967
3 2861 2637 2638
3 1474 1476 2647
3 2647 1476 2864
3 2647 2864 2644
3 2644 2864 2646
3 1485 1487 2645
3 1493 1491 2865
3 2865 1491 2649
3 2865 2649 2866
3 2866 2649 2650
3 2866 2650 2867
3 2867 2650 1502
3 2867 1502 1500
3 1495 1493 2865
3 1495 2865 2866
3 1509 1511 2666
3 2666 1511 2868
3 2666 2868 2041
3 2041 2868 1516
3 2667 2045 2869
3 2869 2045 2046
3 2869 2046 2870
3 2870 2046 2047
3 2870 2047 360
3 1529 1531 2670
3 2670 1531 2871
3 2670 2871 2053
3 2053 2871 1536
3 2671 2057 2872
3 2872 2057 2058
3 2872 2058 2873
3 2873 2058 2059
3 2873 2059 360
3 1549 1551 2674
3 2674 1551 2874
3 2674 2874 2065
3 2065 2874 1556
3 2675 2069 2875
3 2875 2069 2070
3 2875 2070 2876
3 2876 2070 2071
3 2876 2071 360
3 1569 1571 2678
3 2678 1571 2877
3 2678 2877 2077
3 2077 2877 1576
3 2679 2081 2878
3 2878 2081 2082
3 2878 2082 2879
3 2879 2082 2083
3 2879 2083 360
3 1589 1591 2682
3 2682 1591 2880
3 2682 2880 2089
3 2089 2880 1596
3 2683 2093 2881
3 2881 2093 2094
3 2881 2094 2882
3 2882 2094 2095
3 2882 2095 360
3 1609 1611 2686
3 2686 1611 2883
3 2686 2883 2101
3 2101 2883 1616
3 2687 2105 2884
3 2884 2105 2106
3 2884 2106 2885
3 2885 2106 2107
3 2885 2107 360
3 1629 1631 2690
3 2690 1631 2886
3 2690 2886 2113
3 2113 2886 1636
3 2691 2117 2887
3 2887 2117 2118
3 2887 2118 2888
3 2888 2118 2119
3 2888 2119 360
3 1649 1651 2694
3 2694 1651 2889
3 2694 2889 2125
3 2125 2889 1656
3 2695 2129 2890
3 2890 2129 2130
3 2890 2130 2891
3 2891 2130 2131
3 2891 2131 360
3 1669 1671 2698
3 2698 1671 2892
3 2698 2892 2137
3 2137 2892 1676
3 2699 2141 2893
3 2893 2141 2142
3 2893 2142 2894
3 2894 2142 2143
3 2894 2143 360
3 1689 1691 2702
3 2702 1691 2895
3 2702 2895 2149
3 2149 2895 1696
3 2703 2153 2896
3 2896 2153 2154
3 2896 2154 2897
3 2897 2154 2155
3 2897 2155 360
3 1709 1711 2706
3 2706 1711 2898
3 2706 2898 2161
3 2161 2898 1716
3 2707 2165 2899
3 2899 2165 2166
3 2899 2166 2900
3 2900 2166 2167
3 2900 2167 360
3 1729 1731 2710
3 2710 1731 2901
3 2710 2901 2173
3 2173 2901 1736
3 2711 2177 2902
3 2902 2177 2178
3 2902 2178 2903
3 2903 2178 2179
3 2903 2179 360
3 1749 1751 2714
3 2714 1751 2904
3 2714 2904 2185
3 2185 2904 1756
3 2715 2189 2905
3 2905 2189 2190
3 2905 2190 2906
3 2906 2190 2191
3 2906 2191 360
3 1769 1771 2718
3 2718 1771 2907
3 2718 2907 2197
3 2197 2907 1776
3 2719 2201 2908
3 2908 2201 2202
3 2908 2202 2909
3 2909 2202 2203
3 2909 2203 360
3 1789 1791 2722
3 2722 1791 2910
3 2722 2910 2209
3 2209 2910 1796
3 2723 2213 2911
3 2911 2213 2214
3 2911 2214 2912
3 2912 2214 2215
3 2912 2215 360
3 1809 1811 2726
3 2726 1811 2913
3 2726 2913 2221
3 2221 2913 1816
3 2727 2225 2914
3 2914 2225 2226
3 2914 2226 2915
3 2915 2226 2227
3 2915 2227 360
3 1829 1831 2730
3 2730 1831 2916
3 2730 2916 2233
3 2233 2916 1836
3 2731 2237 2917
3 2917 2237 2238
3 2917 2238 2918
3 2918 2238 2239
3 2918 2239 360
3 1849 1851 2734
3 2734 1851 2919
3 2734 2919 2245
3 2245 2919 1856
3 2735 2249 2920
3 2920 2249 2250
3 2920 2250 2921
3 2921 2250 2251
3 2921 2251 360
3 1869 1871 2738
3 2738 1871 2922
3 2738 2922 2257
3 2257 2922 1876
3 2739 2261 2923
3 2923 2261 2262
3 2923 2262 2924
3 2924 2262 2263
3 2924 2263 360
3 1889 1891 2742
3 2742 1891 2925
3 2742 2925 2269
3 2269 2925 1896
3 2743 2273 2926
3 2926 2273 2274
3 2926 2274 2927
3 2927 2274 2275
3 2927 2275 360
3 1909 1911 2746
3 2746 1911 2928
3 2746 2928 2281
3 2281 2928 1916
3 2747 2285 2929
3 2929 2285 2286
3 2929 2286 2930
3 2930 2286 2287
3 2930 2287 360
3 1929 1931 2750
3 2750 1931 2931
3 2750 2931 2293
3 2293 2931 1936
3 2751 2297 2932
3 2932 2297 2298
3 2932 2298 2933
3 2933 2298 2299
3 2933 2299 360
3 1949 1951 2754
3 2754 1951 2934
3 2754 2934 2305
3 2305 2934 1956
3 2755 2309 2935
3 2935 2309 2310
3 2935 2310 2936
3 2936 2310 2311
3 2936 2311 360
3 1969 1971 2758
3 2758 1971 2937
3 2758 2937 2317
3 2317 2937 1976
3 2759 2321 2938
3 2938 2321 2322
3 2938 2322 2939
3 2939 2322 2323
3 2939 2323 360
3 1989 1991 2762
3 2762 1991 2940
3 2762 2940 2329
3 2329 2940 1996
3 2763 2333 2941
3 2941 2333 2334
3 2941 2334 2942
3 2942 2334 2335
3 2942 2335 360
3 2009 2011 2766
3 2766 2011 2943
3 2766 2943 2340
3 2340 2943 2016
3 977 975 2017
3 976 978 2767
3 2767 978 2944
3 2767 2944 2347
3 2347 2944 983
3 2033 2035 2351
3 2033 2351 2352
3 997 995 2034
3 996 998 2768
3 2768 998 2945
3 2768 2945 2358
3 2358 2945 1003
3 2769 2362 2946
3 2946 2362 2363
3 2946 2363 2947
3 2947 2363 2364
3 2947 2364 967
3 1016 1018 2772
3 2772 1018 2948
3 2772 2948 2370
3 2370 2948 1023
3 2773 2374 2949
3 2949 2374 2375
3 2949 2375 2950
3 2950 2375 2376
3 2950 2376 967
3 1036 1038 2776
3 2776 1038 2951
3 2776 2951 2382
3 2382 2951 1043
3 2777 2386 2952
3 2952 2386 2387
3 2952 2387 2953
3 2953 2387 2388
3 2953 2388 967
3 1056 1058 2780
3 2780 1058 2954
3 2780 2954 2394
3 2394 2954 1063
3 2781 2398 2955
3 2955 2398 2399
3 2955 2399 2956
3 2956 2399 2400
3 2956 2400 967
3 1076 1078 2784
3 2784 1078 2957
3 2784 2957 2406
3 2406 2957 1083
3 2785 2410 2958
3 2958 2410 2411
3 2958 2411 2959
3 2959 2411 2412
3 2959 2412 967
3 1096 1098 2788
3 2788 1098 2960
3 2788 2960 2418
3 2418 2960 1103
3 2789 2422 2961
3 2961 2422 2423
3 2961 2423 2962
3 2962 2423 2424
3 2962 2424 967
3 1116 1118 2792
3 2792 1118 2963
3 2792 2963 2430
3 2430 2963 1123
3 2793 2434 2964
3 2964 2434 2435
3 2964 2435 2965
3 2965 2435 2436
3 2965 2436 967
3 1136 1138 2796
3 2796 1138 2966
3 2796 2966 2442
3 2442 2966 1143
3 2797 2446 2967
3 2967 2446 2447
3 2967 2447 2968
3 2968 2447 2448
3 2968 2448 967
3 1156 1158 2800
3 2800 1158 2969
3 2800 2969 2454
3 2454 2969 1163
3 2801 2458 2970
3 2970 2458 2459
3 2970 2459 2971
3 2971 2459 2460
3 2971 2460 967
3 1176 1178 2804
3 2804 1178 2972
3 2804 2972 2466
3 2466 2972 1183
3 2805 2470 2973
3 2973 2470 2471
3 2973 2471 2974
3 2974 2471 2472
3 2974 2472 967
3 1196 1198 2808
3 2808 1198 2975
3 2808 2975 2478
3 2478 2975 1203
3 2809 2482 2976
3 2976 2482 2483
3 2976 2483 2977
3 2977 2483 2484
3 2977 2484 967
3 1216 1218 2812
3 2812 1218 2978
3 2812 2978 2490
3 2490 2978 1223
3 2813 2494 2979
3 2979 2494 2495
3 2979 2495 2980
3 2980 2495 2496
3 2980 2496 967
3 1236 1238 2816
3 2816 1238 2981
3 2816 2981 2502
3 2502 2981 1243
3 2817 2506 2982
3 2982 2506 2507
3 2982 2507 2983
3 2983 2507 2508
3 2983 2508 967
3 1256 1258 2820
3 2820 1258 2984
3 2820 2984 2514
3 2514 2984 1263
3 2821 2518 2985
3 2985 2518 2519
3 2985 2519 2986
3 2986 2519 2520
3 2986 2520 967
3 1276 1278 2824
3 2824 1278 2987
3 2824 2987 2526
3 2526 2987 1283
3 2825 2530 2988
3 2988 2530 2531
3 2988 2531 2989
3 2989 2531 2532
3 2989 2532 967
3 1296 1298 2828
3 2828 1298 2990
3 2828 2990 2538
3 2538 2990 1303
3 2829 2542 2991
3 2991 2542 2543
3 2991 2543 2992
3 2992 2543 2544
3 2992 2544 967
3 1316 1318 2832
3 2832 1318 2993
3 2832 2993 2550
3 2550 2993 1323
3 2833 2554 2994
3 2994 2554 2555
3 2994 2555 2995
3 2995 2555 2556
3 2995 2556 967
3 1336 1338 2836
3 2836 1338 2996
3 2836 2996 2562
3 2562 2996 1343
3 2837 2566 2997
3 2997 2566 2567
3 2997 2567 2998
3 2998 2567 2568
3 2998 2568 967
3 1356 1358 2840
3 2840 1358 2999
3 2840 2999 2574
3 2574 2999 1363
3 2841 2578 3000
3 3000 2578 2579
3 3000 2579 3001
3 3001 2579 2580
3 3001 2580 967
3 1376 1378 2844
3 2844 1378 3002
3 2844 3002 2586
3 2586 3002 1383
3 2845 2590 3003
3 3003 2590 2591
3 3003 2591 3004
3 3004 2591 2592
3 3004 2592 967
3 1396 1398 2848
3 2848 1398 3005
3 2848 3005 2598
3 2598 3005 1403
3 2849 2602 3006
3 3006 2602 2603
3 3006 2603 3007
3 3007 2603 2604
3 3007 2604 967
3 1416 1418 2852
3 2852 1418 3008
3 2852 3008 2610
3 2610 3008 1423
3 2853 2614 3009
3 3009 2614 2615
3 3009 2615 3010
3 3010 2615 2616
3 3010 2616 967
3 1436 1438 2856
3 2856 1438 3011
3 2856 3011 2622
3 2622 3011 1443
3 2857 2626 3012
3 3012 2626 2627
3 3012 2627 3013
3 3013 2627 2628
3 3013 2628 967
3 1456 1458 2860
3 2860 1458 3014
3 2860 3014 2634
3 2634 3014 1463
3 2861 2638 3015
3 3015 2638 2639
3 3015 2639 3016
3 3016 2639 2640
3 3016 2640 967
3 1476 1478 2864
3 2864 1478 3017
3 2864 3017 2646
3 2646 3017 1483
3 1497 1495 2866
3 1497 2866 2867
3 2652 1492 3018
3 3018 1492 1494
3 3018 1494 3019
3 3019 1494 1496
3 3019 1496 2657
3 2654 2652 3018
3 2654 3018 3019
3 1514 1516 2868
3 1514 2868 1513
3 1513 2868 1511
3 2667 2869 2668
3 2668 2869 3020
3 2668 3020 2669
3 2669 3020 360
3 3020 2869 2870
3 1534 1536 2871
3 1534 2871 1533
3 1533 2871 1531
3 2671 2872 2672
3 2672 2872 3021
3 2672 3021 2673
3 2673 3021 360
3 3021 2872 2873
3 1554 1556 2874
3 1554 2874 1553
3 1553 2874 1551
3 2675 2875 2676
3 2676 2875 3022
3 2676 3022 2677
3 2677 3022 360
3 3022 2875 2876
3 1574 1576 2877
3 1574 2877 1573
3 1573 2877 1571
3 2679 2878 2680
3 2680 2878 3023
3 2680 3023 2681
3 2681 3023 360
3 3023 2878 2879
3 1594 1596 2880
3 1594 2880 1593
3 1593 2880 1591
3 2683 2881 2684
3 2684 2881 3024
3 2684 3024 2685
3 2685 3024 360
3 3024 2881 2882
3 1614 1616 2883
3 1614 2883 1613
3 1613 2883 1611
3 2687 2884 2688
3 2688 2884 3025
3 2688 3025 2689
3 2689 3025 360
3 3025 2884 2885
3 1634 1636 2886
3 1634 2886 1633
3 1633 2886 1631
3 2691 2887 2692
3 2692 2887 3026
3 2692 3026 2693
3 2693 3026 360
3 3026 2887 2888
3 1654 1656 2889
3 1654 2889 1653
3 1653 2889 1651
3 2695 2890 2696
3 2696 2890 3027
3 2696 3027 2697
3 2697 3027 360
3 3027 2890 2891
3 1674 1676 2892
3 1674 2892 1673
3 1673 2892 1671
3 2699 2893 2700
3 2700 2893 3028
3 2700 3028 2701
3 2701 3028 360
3 3028 2893 2894
3 1694 1696 2895
3 1694 2895 1693
3 1693 2895 1691
3 2703 2896 2704
3 2704 2896 3029
3 2704 3029 2705
3 2705 3029 360
3 3029 2896 2897
3 1714 1716 2898
3 1714 2898 1713
3 1713 2898 1711
3 2707 2899 2708
3 2708 2899 3030
3 2708 3030 2709
3 2709 3030 360
3 3030 2899 2900
3 1734 1736 2901
3 1734 2901 1733
3 1733 2901 1731
3 2711 2902 2712
3 2712 2902 3031
3 2712 3031 2713
3 2713 3031 360
3 3031 2902 2903
3 1754 1756 2904
3 1754 2904 1753
3 1753 2904 1751
3 2715 2905 2716
3 2716 2905 3032
3 2716 3032 2717
3 2717 3032 360
3 3032 2905 2906
3 1774 1776 2907
3 1774 2907 1773
3 1773 2907 1771
3 2719 2908 2720
3 2720 2908 3033
3 2720 3033 2721
3 2721 3033 360
3 3033 2908 2909
3 1794 1796 2910
3 1794 2910 1793
3 1793 2910 1791
3 2723 2911 2724
3 2724 2911 3034
3 2724 3034 2725
3 2725 3034 360
3 3034 2911 2912
3 1814 1816 2913
3 1814 2913 1813
3 1813 2913 1811
3 2727 2914 2728
3 2728 2914 3035
3 2728 3035 2729
3 2729 3035 360
3 3035 2914 2915
3 1834 1836 2916
3 1834 2916 1833
3 1833 2916 1831
3 2731 2917 2732
3 2732 2917 3036
3 2732 3036 2733
3 2733 3036 360
3 3036 2917 2918
3 1854 1856 2919
3 1854 2919 1853
3 1853 2919 1851
3 2735 2920 2736
3 2736 2920 3037
3 2736 3037 2737
3 2737 3037 360
3 3037 2920 2921
3 1874 1876 2922
3 1874 2922 1873
3 1873 2922 1871
3 2739 2923 2740
3 2740 2923 3038
3 2740 3038 2741
3 2741 3038 360
3 3038 2923 2924
3 1894 1896 2925
3 1894 2925 1893
3 1893 2925 1891
3 2743 2926 2744
3 2744 2926 3039
3 2744 3039 2745
3 2745 3039 360
3 3039 2926 2927
3 1914 1916 2928
3 1914 2928 1913
3 1913 2928 1911
3 2747 2929 2748
3 2748 2929 3040
3 2748 3040 2749
3 2749 3040 360
3 3040 2929 2930
3 1934 1936 2931
3 1934 2931 1933
3 1933 2931 1931
3 2751 2932 2752
3 2752 2932 3041
3 2752 3041 2753
3 2753 3041 360
3 3041 2932 2933
3 1954 1956 2934
3 1954 2934 1953
3 1953 2934 1951
3 2755 2935 2756
3 2756 2935 3042
3 2756 3042 2757
3 2757 3042 360
3 3042 2935 2936
3 1974 1976 2937
3 1974 2937 1973
3 1973 2937 1971
3 2759 2938 2760
3 2760 2938 3043
3 2760 3043 2761
3 2761 3043 360
3 3043 2938 2939
3 1994 1996 2940
3 1994 2940 1993
3 1993 2940 1991
3 2763 2941 2764
3 2764 2941 3044
3 2764 3044 2765
3 2765 3044 360
3 3044 2941 2942
3 2014 2016 2943
3 2014 2943 2013
3 2013 2943 2011
3 977 2017 3045
3 3045 2017 2015
3 3045 2015 360
3 981 983 2944
3 981 2944 980
3 980 2944 978
3 2031 2033 2352
3 2031 2352 2030
3 997 2034 3046
3 3046 2034 2032
3 3046 2032 967
3 1001 1003 2945
3 1001 2945 1000
3 1000 2945 998
3 2769 2946 2770
3 2770 2946 3047
3 2770 3047 2771
3 2771 3047 967
3 3047 2946 2947
3 1021 1023 2948
3 1021 2948 1020
3 1020 2948 1018
3 2773 2949 2774
3 2774 2949 3048
3 2774 3048 2775
3 2775 3048 967
3 3048 2949 2950
3 1041 1043 2951
3 1041 2951 1040
3 1040 2951 1038
3 2777 2952 2778
3 2778 2952 3049
3 2778 3049 2779
3 2779 3049 967
3 3049 2952 2953
3 1061 1063 2954
3 1061 2954 1060
3 1060 2954 1058
3 2781 2955 2782
3 2782 2955 3050
3 2782 3050 2783
3 2783 3050 967
3 3050 2955 2956
3 1081 1083 2957
3 1081 2957 1080
3 1080 2957 1078
3 2785 2958 2786
3 2786 2958 3051
3 2786 3051 2787
3 2787 3051 967
3 3051 2958 2959
3 1101 1103 2960
3 1101 2960 1100
3 1100 2960 1098
3 2789 2961 2790
3 2790 2961 3052
3 2790 3052 2791
3 2791 3052 967
3 3052 2961 2962
3 1121 1123 2963
3 1121 2963 1120
3 1120 2963 1118
3 2793 2964 2794
3 2794 2964 3053
3 2794 3053 2795
3 2795 3053 967
3 3053 2964 2965
3 1141 1143 2966
3 1141 2966 1140
3 1140 2966 1138
3 2797 2967 2798
3 2798 2967 3054
3 2798 3054 2799
3 2799 3054 967
3 3054 2967 2968
3 1161 1163 2969
3 1161 2969 1160
3 1160 2969 1158
3 2801 2970 2802
3 2802 2970 3055
3 2802 3055 2803
3 2803 3055 967
3 3055 2970 2971
3 1181 1183 2972
3 1181 2972 1180
3 1180 2972 1178
3 2805 2973 2806
3 2806 2973 3056
3 2806 3056 2807
3 2807 3056 967
3 3056 2973 2974
3 1201 1203 2975
3 1201 2975 1200
3 1200 2975 1198
3 2809 2976 2810
3 2810 2976 3057
3 2810 3057 2811
3 2811 3057 967
3 3057 2976 2977
3 1221 1223 2978
3 1221 2978 1220
3 1220 2978 1218
3 2813 2979 2814
3 2814 2979 3058
3 2814 3058 2815
3 2815 3058 967
3 3058 2979 2980
3 1241 1243 2981
3 1241 2981 1240
3 1240 2981 1238
3 2817 2982 2818
3 2818 2982 3059
3 2818 3059 2819
3 2819 3059 967
3 3059 2982 2983
3 1261 1263 2984
3 1261 2984 1260
3 1260 2984 1258
3 2821 2985 2822
3 2822 2985 3060
3 2822 3060 2823
3 2823 3060 967
3 3060 2985 2986
3 1281 1283 2987
3 1281 2987 1280
3 1280 2987 1278
3 2825 2988 2826
3 2826 2988 3061
3 2826 3061 2827
3 2827 3061 967
3 3061 2988 2989
3 1301 1303 2990
3 1301 2990 1300
3 1300 2990 1298
3 2829 2991 2830
3 2830 2991 3062
3 2830 3062 2831
3 2831 3062 967
3 3062 2991 2992
3 1321 1323 2993
3 1321 2993 1320
3 1320 2993 1318
3 2833 2994 2834
3 2834 2994 3063
3 2834 3063 2835
3 2835 3063 967
3 3063 2994 2995
3 1341 1343 2996
3 1341 2996 1340
3 1340 2996 1338
3 2837 2997 2838
3 2838 2997 3064
3 2838 3064 2839
3 2839 3064 967
3 3064 2997 2998
3 1361 1363 2999
3 1361 2999 1360
3 1360 2999 1358
3 2841 3000 2842
3 2842 3000 3065
3 2842 3065 2843
3 2843 3065 967
3 3065 3000 3001
3 1381 1383 3002
3 1381 3002 1380
3 1380 3002 1378
3 2845 3003 2846
3 2846 3003 3066
3 2846 3066 2847
3 2847 3066 967
3 3066 3003 3004
3 1401 1403 3005
3 1401 3005 1400
3 1400 3005 1398
3 2849 3006 2850
3 2850 3006 3067
3 2850 3067 2851
3 2851 3067 967
3 3067 3006 3007
3 1421 1423 3008
3 1421 3008 1420
3 1420 3008 1418
3 2853 3009 2854
3 2854 3009 3068
3 2854 3068 2855
3 2855 3068 967
3 3068 3009 3010
3 1441 1443 3011
3 1441 3011 1440
3 1440 3011 1438
3 2857 3012 2858
3 2858 3012 3069
3 2858 3069 2859
3 2859 3069 967
3 3069 3012 3013
3 1461 1463 3014
3 1461 3014 1460
3 1460 3014 1458
3 2861 3015 2862
3 2862 3015 3070
3 2862 3070 2863
3 2863 3070 967
3 3070 3015 3016
3 1481 1483 3017
3 1481 3017 1480
3 1480 3017 1478
3 1501 1484 1482
3 1499 1497 2867
3 1499 2867 1500
3 2656 2654 3019
3 2656 3019 2657
3 2663 2664 3071
3 3071 2664 2665
3 3071 2665 967
3 360 2027 2028
3 2028 2027 2026
3 360 3020 2870
3 360 3021 2873
3 360 3022 2876
3 360 3023 2879
3 360 3024 2882
3 360 3025 2885
3 360 3026 2888
3 360 3027 2891
3 360 3028 2894
3 360 3029 2897
3 360 3030 2900
3 360 3031 2903
3 360 3032 2906
3 360 3033 2909
3 360 3034 2912
3 360 3035 2915
3 360 3036 2918
3 360 3037 2921
3 360 3038 2924
3 360 3039 2927
3 360 3040 2930
3 360 3041 2933
3 360 3042 2936
3 360 3043 2939
3 360 3044 2942
3 360 979 3045
3 3045 979 977
3 967 999 3046
3 3046 999 997
3 967 3047 2947
3 967 3048 2950
3 967 3049 2953
3 967 3050 2956
3 967 3051 2959
3 967 3052 2962
3 967 3053 2965
3 967 3054 2968
3 967 3055 2971
3 967 3056 2974
3 967 3057 2977
3 967 3058 2980
3 967 3059 2983
3 967 3060 2986
3 967 3061 2989
3 967 3062 2992
3 967 3063 2995
3 967 3064 2998
3 967 3065 3001
3 967 3066 3004
3 967 3067 3007
3 967 3068 3010
3 967 3069 3013
3 967 3070 3016
3 967 1501 1482
3 967 2662 3071
3 3071 2662 2663
3 2660 2658 2661
3 3072 3073 3074
3 3074 3073 3075
3 3074 3075 3076
3 3074 3076 3077
3 3077 3076 3078
3 3077 3078 3079
3 3074 3077 3080
3 3080 3077 3081
3 3080 3081 3082
3 3082 3081 3083
3 3082 3083 3084
3 3084 3083 3085
3 3084 3085 3086
3 3086 3085 3087
3 3086 3087 3088
3 3088 3087 3089
3 3088 3089 3090
3 3090 3089 3091
3 3090 3091 3092
3 3092 3091 3093
3 3092 3093 3094
3 3094 3093 3095
3 3096 3097 3072
3 3072 3097 3098
3 3072 3098 3099
3 3099 3098 3100
3 3099 3100 3101
3 3101 3100 3102
3 3101 3102 3103
3 3103 3102 3104
3 3103 3104 3105
3 3105 3104 3106
3 3105 3106 3107
3 3107 3106 3108
3 3107 3108 3109
3 3109 3108 3110
3 3109 3110 3111
3 3111 3110 3112
3 3111 3112 3113
3 3113 3112 3114
3 3113 3114 3115
3 3115 3114 3116
3 3115 3116 3117
3 3117 3116 3118
3 3117 3118 3072
3 3072 3118 3119
3 3072 3119 3120
3 3120 3119 3121
3 3120 3121 3122
3 3122 3121 3123
3 3122 3123 3124
3 3124 3123 3125
3 3124 3125 3126
3 3126 3125 3127
3 3126 3127 3128
3 3128 3127 3108
3 3128 3108 3129
3 3129 3108 3130
3 3129 3130 3131
3 3131 3130 3132
3 3131 3132 3133
3 3133 3132 3134
3 3133 3134 3135
3 3135 3134 3136
3 3135 3136 3137
3 3137 3136 3138
3 3137 3138 3072
3 3072 3138 3139
3 3072 3139 3140
3 3140 3139 3141
3 3140 3141 3142
3 3142 3141 3143
3 3142 3143 3144
3 3144 3143 3145
3 3144 3145 3146
3 3146 3145 3147
3 3146 3147 3148
3 3148 3147 3108
3 3148 3108 3149
3 3149 3108 3150
3 3149 3150 3151
3 3151 3150 3152
3 3151 3152 3153
3 3153 3152 3154
3 3153 3154 3155
3 3155 3154 3156
3 3155 3156 3157
3 3157 3156 3158
3 3157 3158 3072
3 3072 3158 3159
3 3072 3159 3160
3 3160 3159 3161
3 3160 3161 3162
3 3162 3161 3163
3 3162 3163 3164
3 3164 3163 3165
3 3164 3165 3166
3 3166 3165 3167
3 3166 3167 3168
3 3168 3167 3108
3 3168 3108 3169
3 3169 3108 3170
3 3169 3170 3171
3 3171 3170 3172
3 3171 3172 3173
3 3173 3172 3174
3 3173 3174 3175
3 3175 3174 3176
3 3175 3176 3177
3 3177 3176 3178
3 3177 3178 3072
3 3072 3178 3179
3 3072 3179 3180
3 3180 3179 3181
3 3180 3181 3182
3 3182 3181 3183
3 3182 3183 3184
3 3184 3183 3185
3 3184 3185 3186
3 3186 3185 3187
3 3186 3187 3188
3 3188 3187 3108
3 3188 3108 3189
3 3189 3108 3190
3 3189 3190 3191
3 3191 3190 3192
3 3191 3192 3193
3 3193 3192 3194
3 3193 3194 3195
3 3195 3194 3196
3 3195 3196 3197
3 3197 3196 3198
3 3197 3198 3072
3 3072 3198 3199
3 3072 3199 3200
3 3200 3199 3201
3 3200 3201 3202
3 3202 3201 3203
3 3202 3203 3204
3 3204 3203 3205
3 3204 3205 3206
3 3206 3205 3207
3 3206 3207 3208
3 3208 3207 3108
3 3208 3108 3209
3 3209 3108 3210
3 3209 3210 3211
3 3211 3210 3212
3 3211 3212 3213
3 3213 3212 3214
3 3213 3214 3215
3 3215 3214 3216
3 3215 3216 3217
3 3217 3216 3218
3 3217 3218 3072
3 3072 3218 3219
3 3072 3219 3220
3 3220 3219 3221
3 3220 3221 3222
3 3222 3221 3223
3 3222 3223 3224
3 3224 3223 3225
3 3224 3225 3226
3 3226 3225 3227
3 3226 3227 3228
3 3228 3227 3108
3 3228 3108 3229
3 3229 3108 3230
3 3229 3230 3231
3 3231 3230 3232
3 3231 3232 3233
3 3233 3232 3234
3 3233 3234 3235
3 3235 3234 3236
3 3235 3236 3237
3 3237 3236 3238
3 3237 3238 3072
3 3072 3238 3239
3 3072 3239 3240
3 3240 3239 3241
3 3240 3241 3242
3 3242 3241 3243
3 3242 3243 3244
3 3244 3243 3245
3 3244 3245 3246
3 3246 3245 3247
3 3246 3247 3248
3 3248 3247 3108
3 3248 3108 3249
3 3249 3108 3250
3 3249 3250 3251
3 3251 3250 3252
3 3251 3252 3253
3 3253 3252 3254
3 3253 3254 3255
3 3255 3254 3256
3 3255 3256 3257
3 3257 3256 3258
3 3257 3258 3072
3 3072 3258 3259
3 3072 3259 3260
3 3260 3259 3261
3 3260 3261 3262
3 3262 3261 3263
3 3262 3263 3264
3 3264 3263 3265
3 3264 3265 3266
3 3266 3265 3267
3 3266 3267 3268
3 3268 3267 3108
3 3268 3108 3269
3 3269 3108 3270
3 3269 3270 3271
3 3271 3270 3272
3 3271 3272 3273
3 3273 3272 3274
3 3273 3274 3275
3 3275 3274 3276
3 3275 3276 3277
3 3277 3276 3278
3 3277 3278 3072
3 3072 3278 3279
3 3072 3279 3280
3 3280 3279 3281
3 3280 3281 3282
3 3282 3281 3283
3 3282 3283 3284
3 3284 3283 3285
3 3284 3285 3286
3 3286 3285 3287
3 3286 3287 3288
3 3288 3287 3108
3 3288 3108 3289
3 3289 3108 3290
3 3289 3290 3291
3 3291 3290 3292
3 3291 3292 3293
3 3293 3292 3294
3 3293 3294 3295
3 3295 3294 3296
3 3295 3296 3297
3 3297 3296 3298
3 3297 3298 3072
3 3072 3298 3299
3 3072 3299 3300
3 3300 3299 3301
3 3300 3301 3302
3 3302 3301 3303
3 3302 3303 3304
3 3304 3303 3305
3 3304 3305 3306
3 3306 3305 3307
3 3306 3307 3308
3 3308 3307 3108
3 3308 3108 3309
3 3309 3108 3310
3 3309 3310 3311
3 3311 3310 3312
3 3311 3312 3313
3 3313 3312 3314
3 3313 3314 3315
3 3315 3314 3316
3 3315 3316 3317
3 3317 3316 3318
3 3317 3318 3072
3 3072 3318 3319
3 3072 3319 3320
3 3320 3319 3321
3 3320 3321 3322
3 3322 3321 3323
3 3322 3323 3324
3 3324 3323 3325
3 3324 3325 3326
3 3326 3325 3327
3 3326 3327 3328
3 3328 3327 3108
3 3328 3108 3329
3 3329 3108 3330
3 3329 3330 3331
3 3331 3330 3332
3 3331 3332 3333
3 3333 3332 3334
3 3333 3334 3335
3 3335 3334 3336
3 3335 3336 3337
3 3337 3336 3338
3 3337 3338 3072
3 3072 3338 3339
3 3072 3339 3340
3 3340 3339 3341
3 3340 3341 3342
3 3342 3341 3343
3 3342 3343 3344
3 3344 3343 3345
3 3344 3345 3346
3 3346 3345 3347
3 3346 3347 3348
3 3348 3347 3108
3 3348 3108 3349
3 3349 3108 3350
3 3349 3350 3351
3 3351 3350 3352
3 3351 3352 3353
3 3353 3352 3354
3 3353 3354 3355
3 3355 3354 3356
3 3355 3356 3357
3 3357 3356 3358
3 3357 3358 3072
3 3072 3358 3359
3 3072 3359 3360
3 3360 3359 3361
3 3360 3361 3362
3 3362 3361 3363
3 3362 3363 3364
3 3364 3363 3365
3 3364 3365 3366
3 3366 3365 3367
3 3366 3367 3368
3 3368 3367 3108
3 3368 3108 3369
3 3369 3108 3370
3 3369 3370 3371
3 3371 3370 3372
3 3371 3372 3373
3 3373 3372 3374
3 3373 3374 3375
3 3375 3374 3376
3 3375 3376 3377
3 3377 3376 3378
3 3377 3378 3072
3 3072 3378 3379
3 3072 3379 3380
3 3380 3379 3381
3 3380 3381 3382
3 3382 3381 3383
3 3382 3383 3384
3 3384 3383 3385
3 3384 3385 3386
3 3386 3385 3387
3 3386 3387 3388
3 3388 3387 3108
3 3388 3108 3389
3 3389 3108 3390
3 3389 3390 3391
3 3391 3390 3392
3 3391 3392 3393
3 3393 3392 3394
3 3393 3394 3395
3 3395 3394 3396
3 3395 3396 3397
3 3397 3396 3398
3 3397 3398 3072
3 3072 3398 3399
3 3072 3399 3400
3 3400 3399 3401
3 3400 3401 3402
3 3402 3401 3403
3 3402 3403 3404
3 3404 3403 3405
3 3404 3405 3406
3 3406 3405 3407
3 3406 3407 3408
3 3408 3407 3108
3 3408 3108 3409
3 3409 3108 3410
3 3409 3410 3411
3 3411 3410 3412
3 3411 3412 3413
3 3413 3412 3414
3 3413 3414 3415
3 3415 3414 3416
3 3415 3416 3417
3 3417 3416 3418
3 3417 3418 3072
3 3072 3418 3419
3 3072 3419 3420
3 3420 3419 3421
3 3420 3421 3422
3 3422 3421 3423
3 3422 3423 3424
3 3424 3423 3425
3 3424 3425 3426
3 3426 3425 3427
3 3426 3427 3428
3 3428 3427 3108
3 3428 3108 3429
3 3429 3108 3430
3 3429 3430 3431
3 3431 3430 3432
3 3431 3432 3433
3 3433 3432 3434
3 3433 3434 3435
3 3435 3434 3436
3 3435 3436 3437
3 3437 3436 3438
3 3437 3438 3072
3 3072 3438 3439
3 3072 3439 3440
3 3440 3439 3441
3 3440 3441 3442
3 3442 3441 3443
3 3442 3443 3444
3 3444 3443 3445
3 3444 3445 3446
3 3446 3445 3447
3 3446 3447 3448
3 3448 3447 3108
3 3448 3108 3449
3 3449 3108 3450
3 3449 3450 3451
3 3451 3450 3452
3 3451 3452 3453
3 3453 3452 3454
3 3453 3454 3455
3 3455 3454 3456
3 3455 3456 3457
3 3457 3456 3458
3 3457 3458 3072
3 3072 3458 3459
3 3072 3459 3460
3 3460 3459 3461
3 3460 3461 3462
3 3462 3461 3463
3 3462 3463 3464
3 3464 3463 3465
3 3464 3465 3466
3 3466 3465 3467
3 3466 3467 3468
3 3468 3467 3108
3 3468 3108 3469
3 3469 3108 3470
3 3469 3470 3471
3 3471 3470 3472
3 3471 3472 3473
3 3473 3472 3474
3 3473 3474 3475
3 3475 3474 3476
3 3475 3476 3477
3 3477 3476 3478
3 3477 3478 3072
3 3072 3478 3479
3 3072 3479 3480
3 3480 3479 3481
3 3480 3481 3482
3 3482 3481 3483
3 3482 3483 3484
3 3484 3483 3485
3 3484 3485 3486
3 3486 3485 3487
3 3486 3487 3488
3 3488 3487 3108
3 3488 3108 3489
3 3489 3108 3490
3 3489 3490 3491
3 3491 3490 3492
3 3491 3492 3493
3 3493 3492 3494
3 3493 3494 3495
3 3495 3494 3496
3 3495 3496 3497
3 3497 3496 3498
3 3497 3498 3072
3 3072 3498 3499
3 3072 3499 3500
3 3500 3499 3501
3 3500 3501 3502
3 3502 3501 3503
3 3502 3503 3504
3 3504 3503 3505
3 3504 3505 3506
3 3506 3505 3507
3 3506 3507 3508
3 3508 3507 3108
3 3508 3108 3509
3 3509 3108 3510
3 3509 3510 3511
3 3511 3510 3512
3 3511 3512 3513
3 3513 3512 3514
3 3513 3514 3515
3 3515 3514 3516
3 3515 3516 3517
3 3517 3516 3518
3 3517 3518 3072
3 3072 3518 3519
3 3072 3519 3520
3 3520 3519 3521
3 3520 3521 3522
3 3522 3521 3523
3 3522 3523 3524
3 3524 3523 3525
3 3524 3525 3526
3 3526 3525 3527
3 3526 3527 3528
3 3528 3527 3108
3 3528 3108 3529
3 3529 3108 3530
3 3529 3530 3531
3 3531 3530 3532
3 3531 3532 3533
3 3533 3532 3534
3 3533 3534 3535
3 3535 3534 3536
3 3535 3536 3537
3 3537 3536 3538
3 3537 3538 3072
3 3072 3538 3539
3 3072 3539 3540
3 3540 3539 3541
3 3540 3541 3542
3 3542 3541 3543
3 3542 3543 3544
3 3544 3543 3545
3 3544 3545 3546
3 3546 3545 3547
3 3546 3547 3548
3 3548 3547 3108
3 3548 3108 3549
3 3549 3108 3550
3 3549 3550 3551
3 3551 3550 3552
3 3551 3552 3553
3 3553 3552 3554
3 3553 3554 3555
3 3555 3554 3556
3 3555 3556 3557
3 3557 3556 3558
3 3557 3558 3072
3 3072 3558 3559
3 3072 3559 3560
3 3560 3559 3561
3 3560 3561 3562
3 3562 3561 3563
3 3562 3563 3564
3 3564 3563 3565
3 3564 3565 3566
3 3566 3565 3567
3 3566 3567 3568
3 3568 3567 3108
3 3568 3108 3569
3 3569 3108 3570
3 3569 3570 3571
3 3571 3570 3572
3 3571 3572 3573
3 3573 3572 3574
3 3573 3574 3575
3 3575 3574 3576
3 3575 3576 3577
3 3577 3576 3578
3 3577 3578 3072
3 3072 3578 3579
3 3072 3579 3580
3 3580 3579 3581
3 3580 3581 3582
3 3582 3581 3583
3 3582 3583 3584
3 3584 3583 3585
3 3584 3585 3586
3 3586 3585 3587
3 3586 3587 3588
3 3588 3587 3108
3 3588 3108 3589
3 3589 3108 3590
3 3589 3590 3591
3 3591 3590 3592
3 3591 3592 3593
3 3593 3592 3594
3 3593 3594 3595
3 3595 3594 3596
3 3595 3596 3597
3 3597 3596 3598
3 3597 3598 3072
3 3072 3598 3599
3 3072 3599 3600
3 3600 3599 3601
3 3600 3601 3602
3 3602 3601 3603
3 3602 3603 3604
3 3604 3603 3605
3 3604 3605 3606
3 3606 3605 3607
3 3607 3605 3608
3 3608 3605 3609
3 3608 3609 3610
3 3610 3609 3108
3 3610 3108 3608
3 3611 3612 3096
3 3096 3612 3613
3 3096 3613 3614
3 3614 3613 3615
3 3614 3615 3616
3 3616 3615 3617
3 3616 3617 3618
3 3618 3617 3619
3 3618 3619 3620
3 3620 3619 3621
3 3620 3621 3622
3 3622 3621 3611
3 3622 3611 3623
3 3623 3611 3624
3 3623 3624 3625
3 3625 3624 3626
3 3625 3626 3627
3 3627 3626 3628
3 3627 3628 3629
3 3629 3628 3630
3 3629 3630 3631
3 3631 3630 3632
3 3631 3632 3096
3 3096 3632 3633
3 3096 3633 3634
3 3634 3633 3635
3 3634 3635 3636
3 3636 3635 3637
3 3636 3637 3638
3 3638 3637 3639
3 3638 3639 3640
3 3640 3639 3641
3 3640 3641 3642
3 3642 3641 3611
3 3642 3611 3643
3 3643 3611 3644
3 3643 3644 3645
3 3645 3644 3646
3 3645 3646 3647
3 3647 3646 3648
3 3647 3648 3649
3 3649 3648 3650
3 3649 3650 3651
3 3651 3650 3652
3 3651 3652 3096
3 3096 3652 3653
3 3096 3653 3654
3 3654 3653 3655
3 3654 3655 3656
3 3656 3655 3657
3 3656 3657 3658
3 3658 3657 3659
3 3658 3659 3660
3 3660 3659 3661
3 3660 3661 3662
3 3662 3661 3611
3 3662 3611 3663
3 3663 3611 3664
3 3663 3664 3665
3 3665 3664 3666
3 3665 3666 3667
3 3667 3666 3668
3 3667 3668 3669
3 3669 3668 3670
3 3669 3670 3671
3 3671 3670 3672
3 3671 3672 3096
3 3096 3672 3673
3 3096 3673 3674
3 3674 3673 3675
3 3674 3675 3676
3 3676 3675 3677
3 3676 3677 3678
3 3678 3677 3679
3 3678 3679 3680
3 3680 3679 3681
3 3680 3681 3682
3 3682 3681 3611
3 3682 3611 3683
3 3683 3611 3684
3 3683 3684 3685
3 3685 3684 3686
3 3685 3686 3687
3 3687 3686 3688
3 3687 3688 3689
3 3689 3688 3690
3 3689 3690 3691
3 3691 3690 3692
3 3691 3692 3096
3 3096 3692 3693
3 3096 3693 3694
3 3694 3693 3695
3 3694 3695 3696
3 3696 3695 3697
3 3696 3697 3698
3 3698 3697 3699
3 3698 3699 3700
3 3700 3699 3701
3 3700 3701 3702
3 3702 3701 3611
3 3702 3611 3703
3 3703 3611 3704
3 3703 3704 3705
3 3705 3704 3706
3 3705 3706 3707
3 3707 3706 3708
3 3707 3708 3709
3 3709 3708 3710
3 3709 3710 3711
3 3711 3710 3712
3 3711 3712 3096
3 3096 3712 3713
3 3096 3713 3714
3 3714 3713 3715
3 3714 3715 3716
3 3716 3715 3717
3 3716 3717 3718
3 3718 3717 3719
3 3718 3719 3720
3 3720 3719 3721
3 3720 3721 3722
3 3722 3721 3611
3 3722 3611 3723
3 3723 3611 3724
3 3723 3724 3725
3 3725 3724 3726
3 3725 3726 3727
3 3727 3726 3728
3 3727 3728 3729
3 3729 3728 3730
3 3729 3730 3731
3 3731 3730 3732
3 3731 3732 3096
3 3096 3732 3733
3 3096 3733 3734
3 3734 3733 3735
3 3734 3735 3736
3 3736 3735 3737
3 3736 3737 3738
3 3738 3737 3739
3 3738 3739 3740
3 3740 3739 3741
3 3740 3741 3742
3 3742 3741 3611
3 3742 3611 3743
3 3743 3611 3744
3 3743 3744 3745
3 3745 3744 3746
3 3745 3746 3747
3 3747 3746 3748
3 3747 3748 3749
3 3749 3748 3750
3 3749 3750 3751
3 3751 3750 3752
3 3751 3752 3096
3 3096 3752 3753
3 3096 3753 3754
3 3754 3753 3755
3 3754 3755 3756
3 3756 3755 3757
3 3756 3757 3758
3 3758 3757 3759
3 3758 3759 3760
3 3760 3759 3761
3 3760 3761 3762
3 3762 3761 3611
3 3762 3611 3763
3 3763 3611 3764
3 3763 3764 3765
3 3765 3764 3766
3 3765 3766 3767
3 3767 3766 3768
3 3767 3768 3769
3 3769 3768 3770
3 3769 3770 3771
3 3771 3770 3772
3 3771 3772 3096
3 3096 3772 3773
3 3096 3773 3774
3 3774 3773 3775
3 3774 3775 3776
3 3776 3775 3777
3 3776 3777 3778
3 3778 3777 3779
3 3778 3779 3780
3 3780 3779 3781
3 3780 3781 3782
3 3782 3781 3611
3 3782 3611 3783
3 3783 3611 3784
3 3783 3784 3785
3 3785 3784 3786
3 3785 3786 3787
3 3787 3786 3788
3 3787 3788 3789
3 3789 3788 3790
3 3789 3790 3791
3 3791 3790 3792
3 3791 3792 3096
3 3096 3792 3793
3 3096 3793 3794
3 3794 3793 3795
3 3794 3795 3796
3 3796 3795 3797
3 3796 3797 3798
3 3798 3797 3799
3 3798 3799 3800
3 3800 3799 3801
3 3800 3801 3802
3 3802 3801 3611
3 3802 3611 3803
3 3803 3611 3804
3 3803 3804 3805
3 3805 3804 3806
3 3805 3806 3807
3 3807 3806 3808
3 3807 3808 3809
3 3809 3808 3810
3 3809 3810 3811
3 3811 3810 3812
3 3811 3812 3096
3 3096 3812 3813
3 3096 3813 3814
3 3814 3813 3815
3 3814 3815 3816
3 3816 3815 3817
3 3816 3817 3818
3 3818 3817 3819
3 3818 3819 3820
3 3820 3819 3821
3 3820 3821 3822
3 3822 3821 3611
3 3822 3611 3823
3 3823 3611 3824
3 3823 3824 3825
3 3825 3824 3826
3 3825 3826 3827
3 3827 3826 3828
3 3827 3828 3829
3 3829 3828 3830
3 3829 3830 3831
3 3831 3830 3832
3 3831 3832 3096
3 3096 3832 3833
3 3096 3833 3834
3 3834 3833 3835
3 3834 3835 3836
3 3836 3835 3837
3 3836 3837 3838
3 3838 3837 3839
3 3838 3839 3840
3 3840 3839 3841
3 3840 3841 3842
3 3842 3841 3611
3 3842 3611 3843
3 3843 3611 3844
3 3843 3844 3845
3 3845 3844 3846
3 3845 3846 3847
3 3847 3846 3848
3 3847 3848 3849
3 3849 3848 3850
3 3849 3850 3851
3 3851 3850 3852
3 3851 3852 3096
3 3096 3852 3853
3 3096 3853 3854
3 3854 3853 3855
3 3854 3855 3856
3 3856 3855 3857
3 3856 3857 3858
3 3858 3857 3859
3 3858 3859 3860
3 3860 3859 3861
3 3860 3861 3862
3 3862 3861 3611
3 3862 3611 3863
3 3863 3611 3864
3 3863 3864 3865
3 3865 3864 3866
3 3865 3866 3867
3 3867 3866 3868
3 3867 3868 3869
3 3869 3868 3870
3 3869 3870 3871
3 3871 3870 3872
3 3871 3872 3096
3 3096 3872 3873
3 3096 3873 3874
3 3874 3873 3875
3 3874 3875 3876
3 3876 3875 3877
3 3876 3877 3878
3 3878 3877 3879
3 3878 3879 3880
3 3880 3879 3881
3 3880 3881 3882
3 3882 3881 3611
3 3882 3611 3883
3 3883 3611 3884
3 3883 3884 3885
3 3885 3884 3886
3 3885 3886 3887
3 3887 3886 3888
3 3887 3888 3889
3 3889 3888 3890
3 3889 3890 3891
3 3891 3890 3892
3 3891 3892 3096
3 3096 3892 3893
3 3096 3893 3894
3 3894 3893 3895
3 3894 3895 3896
3 3896 3895 3897
3 3896 3897 3898
3 3898 3897 3899
3 3898 3899 3900
3 3900 3899 3901
3 3900 3901 3902
3 3902 3901 3611
3 3902 3611 3903
3 3903 3611 3904
3 3903 3904 3905
3 3905 3904 3906
3 3905 3906 3907
3 3907 3906 3908
3 3907 3908 3909
3 3909 3908 3910
3 3909 3910 3911
3 3911 3910 3912
3 3911 3912 3096
3 3096 3912 3913
3 3096 3913 3914
3 3914 3913 3915
3 3914 3915 3916
3 3916 3915 3917
3 3916 3917 3918
3 3918 3917 3919
3 3918 3919 3920
3 3920 3919 3921
3 3920 3921 3922
3 3922 3921 3611
3 3922 3611 3923
3 3923 3611 3924
3 3923 3924 3925
3 3925 3924 3926
3 3925 3926 3927
3 3927 3926 3928
3 3927 3928 3929
3 3929 3928 3930
3 3929 3930 3931
3 3931 3930 3932
3 3931 3932 3096
3 3096 3932 3933
3 3096 3933 3934
3 3934 3933 3935
3 3934 3935 3936
3 3936 3935 3937
3 3936 3937 3938
3 3938 3937 3939
3 3938 3939 3940
3 3940 3939 3941
3 3940 3941 3942
3 3942 3941 3611
3 3942 3611 3943
3 3943 3611 3944
3 3943 3944 3945
3 3945 3944 3946
3 3945 3946 3947
3 3947 3946 3948
3 3947 3948 3949
3 3949 3948 3950
3 3949 3950 3951
3 3951 3950 3952
3 3951 3952 3096
3 3096 3952 3953
3 3096 3953 3954
3 3954 3953 3955
3 3954 3955 3956
3 3956 3955 3957
3 3956 3957 3958
3 3958 3957 3959
3 3958 3959 3960
3 3960 3959 3961
3 3960 3961 3962
3 3962 3961 3611
3 3962 3611 3963
3 3963 3611 3964
3 3963 3964 3965
3 3965 3964 3966
3 3965 3966 3967
3 3967 3966 3968
3 3967 3968 3969
3 3969 3968 3970
3 3969 3970 3971
3 3971 3970 3972
3 3971 3972 3096
3 3096 3972 3973
3 3096 3973 3974
3 3974 3973 3975
3 3974 3975 3976
3 3976 3975 3977
3 3976 3977 3978
3 3978 3977 3979
3 3978 3979 3980
3 3980 3979 3981
3 3980 3981 3982
3 3982 3981 3611
3 3982 3611 3983
3 3983 3611 3984
3 3983 3984 3985
3 3985 3984 3986
3 3985 3986 3987
3 3987 3986 3988
3 3987 3988 3989
3 3989 3988 3990
3 3989 3990 3991
3 3991 3990 3992
3 3991 3992 3096
3 3096 3992 3993
3 3096 3993 3994
3 3994 3993 3995
3 3994 3995 3996
3 3996 3995 3997
3 3996 3997 3998
3 3998 3997 3999
3 3998 3999 4000
3 4000 3999 4001
3 4000 4001 4002
3 4002 4001 3611
3 4002 3611 4003
3 4003 3611 4004
3 4003 4004 4005
3 4005 4004 4006
3 4005 4006 4007
3 4007 4006 4008
3 4007 4008 4009
3 4009 4008 4010
3 4009 4010 4011
3 4011 4010 4012
3 4011 4012 3096
3 3096 4012 4013
3 3096 4013 4014
3 4014 4013 4015
3 4014 4015 4016
3 4016 4015 4017
3 4016 4017 4018
3 4018 4017 4019
3 4018 4019 4020
3 4020 4019 4021
3 4020 4021 4022
3 4022 4021 3611
3 4022 3611 4023
3 4023 3611 4024
3 4023 4024 4025
3 4025 4024 4026
3 4025 4026 4027
3 4027 4026 4028
3 4027 4028 4029
3 4029 4028 4030
3 4029 4030 4031
3 4031 4030 4032
3 4031 4032 3096
3 3096 4032 4033
3 3096 4033 4034
3 4034 4033 4035
3 4034 4035 4036
3 4036 4035 4037
3 4036 4037 4038
3 4038 4037 4039
3 4038 4039 4040
3 4040 4039 4041
3 4040 4041 4042
3 4042 4041 3611
3 4042 3611 4043
3 4043 3611 4044
3 4043 4044 4045
3 4045 4044 4046
3 4045 4046 4047
3 4047 4046 4048
3 4047 4048 4049
3 4049 4048 4050
3 4049 4050 4051
3 4051 4050 4052
3 4051 4052 3096
3 3096 4052 4053
3 3096 4053 4054
3 4054 4053 4055
3 4054 4055 4056
3 4056 4055 4057
3 4056 4057 4058
3 4058 4057 4059
3 4058 4059 4060
3 4060 4059 4061
3 4060 4061 4062
3 4062 4061 3611
3 4062 3611 4063
3 4063 3611 4064
3 4063 4064 4065
3 4065 4064 4066
3 4065 4066 4067
3 4067 4066 4068
3 4067 4068 4069
3 4069 4068 4070
3 4069 4070 4071
3 4071 4070 4072
3 4071 4072 3096
3 3096 4072 4073
3 3096 4073 4074
3 4074 4073 4075
3 4074 4075 4076
3 4076 4075 4077
3 4076 4077 4078
3 4078 4077 4079
3 4078 4079 4080
3 4080 4079 4081
3 4080 4081 4082
3 4082 4081 3611
3 4082 3611 4083
3 4083 3611 4084
3 4083 4084 4085
3 4085 4084 4086
3 4085 4086 4087
3 4087 4086 4088
3 4087 4088 4089
3 4089 4088 4090
3 4089 4090 4091
3 4091 4090 4092
3 4091 4092 3096
3 3096 4092 4093
3 3096 4093 4094
3 4094 4093 4095
3 4094 4095 4096
3 4096 4095 4097
3 4096 4097 4098
3 4098 4097 4099
3 4098 4099 4100
3 4100 4099 4101
3 4100 4101 4102
3 4102 4101 3611
3 4102 3611 4103
3 4103 3611 4104
3 4103 4104 4105
3 4105 4104 4106
3 4105 4106 4107
3 4107 4106 4108
3 4107 4108 4109
3 4109 4108 4110
3 4109 4110 4111
3 4111 4110 4112
3 4111 4112 3096
3 3096 4112 4113
3 3096 4113 4114
3 4114 4113 4115
3 4114 4115 4116
3 4116 4115 4117
3 4116 4117 4118
3 4118 4117 4119
3 4118 4119 4120
3 4120 4119 4121
3 4120 4121 4122
3 4122 4121 3108
3 4122 3108 4123
3 4123 3108 4124
3 4123 4124 4125
3 4125 4124 4126
3 4125 4126 4127
3 4127 4126 4128
3 4127 4128 4129
3 4129 4128 4130
3 4129 4130 4131
3 4131 4130 4132
3 4131 4132 3096
3 3096 4132 4133
3 3096 4133 3097
3 3097 4133 4134
3 3097 4134 4135
3 4135 4134 4136
3 4135 4136 4137
3 4137 4136 4138
3 4137 4138 4139
3 4139 4138 4140
3 4139 4140 4141
3 4141 4140 3108
3 4141 3108 3106
3 4104 3611 4142
3 4142 3611 3108
3 4142 3108 4143
3 4143 3108 4144
3 4143 4144 4145
3 4145 4144 4146
3 4145 4146 4147
3 4147 4146 4117
3 4147 4117 4115
3 3606 4148 3604
3 3604 4148 4149
3 3604 4149 4150
3 4150 4151 3604
3 3604 4151 4152
3 3604 4152 4153
3 4153 4154 3604
3 3604 4154 4155
3 3604 4155 4156
3 4156 4157 3604
3 3604 4157 4158
3 3604 4158 4159
3 4159 4160 3604
3 3604 4160 4161
3 3604 4161 4162
3 4162 4163 3604
3 3604 4163 4164
3 3604 4164 3602
3 3602 4164 4165
3 3602 4165 3600
3 3600 4165 3072
3 4163 4166 4164
3 4164 4166 4167
3 4164 4167 4168
3 4168 4167 4169
3 4168 4169 3072
3 3072 4169 4167
3 3614 4170 3096
3 3096 4170 4171
3 3096 4171 4172
3 4172 4171 4173
3 4172 4173 4174
3 4174 4173 4175
3 4174 4175 3627
3 3627 4175 3625
3 3614 3616 4170
3 4170 3616 4176
3 4170 4176 4171
3 4171 4176 4173
3 3631 3096 4177
3 4177 3096 4172
3 4177 4172 4174
3 3629 3631 4177
3 3629 4177 4174
3 3633 3632 4178
3 4178 3632 3630
3 4178 3630 4179
3 4179 3630 3628
3 4179 3628 4180
3 4180 3628 3626
3 4180 3626 4181
3 4181 3626 3624
3 4181 3624 3611
3 3634 4182 3096
3 3096 4182 4183
3 3096 4183 4184
3 4184 4183 4185
3 4184 4185 4186
3 4186 4185 4187
3 4186 4187 3647
3 3647 4187 3645
3 3634 3636 4182
3 4182 3636 4188
3 4182 4188 4183
3 4183 4188 4185
3 3651 3096 4189
3 4189 3096 4184
3 4189 4184 4186
3 3649 3651 4189
3 3649 4189 4186
3 3653 3652 4190
3 4190 3652 3650
3 4190 3650 4191
3 4191 3650 3648
3 4191 3648 4192
3 4192 3648 3646
3 4192 3646 4193
3 4193 3646 3644
3 4193 3644 3611
3 3654 4194 3096
3 3096 4194 4195
3 3096 4195 4196
3 4196 4195 4197
3 4196 4197 4198
3 4198 4197 4199
3 4198 4199 3667
3 3667 4199 3665
3 3654 3656 4194
3 4194 3656 4200
3 4194 4200 4195
3 4195 4200 4197
3 3671 3096 4201
3 4201 3096 4196
3 4201 4196 4198
3 3669 3671 4201
3 3669 4201 4198
3 3673 3672 4202
3 4202 3672 3670
3 4202 3670 4203
3 4203 3670 3668
3 4203 3668 4204
3 4204 3668 3666
3 4204 3666 4205
3 4205 3666 3664
3 4205 3664 3611
3 3674 4206 3096
3 3096 4206 4207
3 3096 4207 4208
3 4208 4207 4209
3 4208 4209 4210
3 4210 4209 4211
3 4210 4211 3687
3 3687 4211 3685
3 3674 3676 4206
3 4206 3676 4212
3 4206 4212 4207
3 4207 4212 4209
3 3691 3096 4213
3 4213 3096 4208
3 4213 4208 4210
3 3689 3691 4213
3 3689 4213 4210
3 3693 3692 4214
3 4214 3692 3690
3 4214 3690 4215
3 4215 3690 3688
3 4215 3688 4216
3 4216 3688 3686
3 4216 3686 4217
3 4217 3686 3684
3 4217 3684 3611
3 3694 4218 3096
3 3096 4218 4219
3 3096 4219 4220
3 4220 4219 4221
3 4220 4221 4222
3 4222 4221 4223
3 4222 4223 3707
3 3707 4223 3705
3 3694 3696 4218
3 4218 3696 4224
3 4218 4224 4219
3 4219 4224 4221
3 3711 3096 4225
3 4225 3096 4220
3 4225 4220 4222
3 3709 3711 4225
3 3709 4225 4222
3 3713 3712 4226
3 4226 3712 3710
3 4226 3710 4227
3 4227 3710 3708
3 4227 3708 4228
3 4228 3708 3706
3 4228 3706 4229
3 4229 3706 3704
3 4229 3704 3611
3 3714 4230 3096
3 3096 4230 4231
3 3096 4231 4232
3 4232 4231 4233
3 4232 4233 4234
3 4234 4233 4235
3 4234 4235 3727
3 3727 4235 3725
3 3714 3716 4230
3 4230 3716 4236
3 4230 4236 4231
3 4231 4236 4233
3 3731 3096 4237
3 4237 3096 4232
3 4237 4232 4234
3 3729 3731 4237
3 3729 4237 4234
3 3733 3732 4238
3 4238 3732 3730
3 4238 3730 4239
3 4239 3730 3728
3 4239 3728 4240
3 4240 3728 3726
3 4240 3726 4241
3 4241 3726 3724
3 4241 3724 3611
3 3734 4242 3096
3 3096 4242 4243
3 3096 4243 4244
3 4244 4243 4245
3 4244 4245 4246
3 4246 4245 4247
3 4246 4247 3747
3 3747 4247 3745
3 3734 3736 4242
3 4242 3736 4248
3 4242 4248 4243
3 4243 4248 4245
3 3751 3096 4249
3 4249 3096 4244
3 4249 4244 4246
3 3749 3751 4249
3 3749 4249 4246
3 3753 3752 4250
3 4250 3752 3750
3 4250 3750 4251
3 4251 3750 3748
3 4251 3748 4252
3 4252 3748 3746
3 4252 3746 4253
3 4253 3746 3744
3 4253 3744 3611
3 3754 4254 3096
3 3096 4254 4255
3 3096 4255 4256
3 4256 4255 4257
3 4256 4257 4258
3 4258 4257 4259
3 4258 4259 3767
3 3767 4259 3765
3 3754 3756 4254
3 4254 3756 4260
3 4254 4260 4255
3 4255 4260 4257
3 3771 3096 4261
3 4261 3096 4256
3 4261 4256 4258
3 3769 3771 4261
3 3769 4261 4258
3 3773 3772 4262
3 4262 3772 3770
3 4262 3770 4263
3 4263 3770 3768
3 4263 3768 4264
3 4264 3768 3766
3 4264 3766 4265
3 4265 3766 3764
3 4265 3764 3611
3 3774 4266 3096
3 3096 4266 4267
3 3096 4267 4268
3 4268 4267 4269
3 4268 4269 4270
3 4270 4269 4271
3 4270 4271 3787
3 3787 4271 3785
3 3774 3776 4266
3 4266 3776 4272
3 4266 4272 4267
3 4267 4272 4269
3 3791 3096 4273
3 4273 3096 4268
3 4273 4268 4270
3 3789 3791 4273
3 3789 4273 4270
3 3793 3792 4274
3 4274 3792 3790
3 4274 3790 4275
3 4275 3790 3788
3 4275 3788 4276
3 4276 3788 3786
3 4276 3786 4277
3 4277 3786 3784
3 4277 3784 3611
3 3794 4278 3096
3 3096 4278 4279
3 3096 4279 4280
3 4280 4279 4281
3 4280 4281 4282
3 4282 4281 4283
3 4282 4283 3807
3 3807 4283 3805
3 3794 3796 4278
3 4278 3796 4284
3 4278 4284 4279
3 4279 4284 4281
3 3811 3096 4285
3 4285 3096 4280
3 4285 4280 4282
3 3809 3811 4285
3 3809 4285 4282
3 3813 3812 4286
3 4286 3812 3810
3 4286 3810 4287
3 4287 3810 3808
3 4287 3808 4288
3 4288 3808 3806
3 4288 3806 4289
3 4289 3806 3804
3 4289 3804 3611
3 3814 4290 3096
3 3096 4290 4291
3 3096 4291 4292
3 4292 4291 4293
3 4292 4293 4294
3 4294 4293 4295
3 4294 4295 3827
3 3827 4295 3825
3 3814 3816 4290
3 4290 3816 4296
3 4290 4296 4291
3 4291 4296 4293
3 3831 3096 4297
3 4297 3096 4292
3 4297 4292 4294
3 3829 3831 4297
3 3829 4297 4294
3 3833 3832 4298
3 4298 3832 3830
3 4298 3830 4299
3 4299 3830 3828
3 4299 3828 4300
3 4300 3828 3826
3 4300 3826 4301
3 4301 3826 3824
3 4301 3824 3611
3 3834 4302 3096
3 3096 4302 4303
3 3096 4303 4304
3 4304 4303 4305
3 4304 4305 4306
3 4306 4305 4307
3 4306 4307 3847
3 3847 4307 3845
3 3834 3836 4302
3 4302 3836 4308
3 4302 4308 4303
3 4303 4308 4305
3 3851 3096 4309
3 4309 3096 4304
3 4309 4304 4306
3 3849 3851 4309
3 3849 4309 4306
3 3853 3852 4310
3 4310 3852 3850
3 4310 3850 4311
3 4311 3850 3848
3 4311 3848 4312
3 4312 3848 3846
3 4312 3846 4313
3 4313 3846 3844
3 4313 3844 3611
3 3854 4314 3096
3 3096 4314 4315
3 3096 4315 4316
3 4316 4315 4317
3 4316 4317 4318
3 4318 4317 4319
3 4318 4319 3867
3 3867 4319 3865
3 3854 3856 4314
3 4314 3856 4320
3 4314 4320 4315
3 4315 4320 4317
3 3871 3096 4321
3 4321 3096 4316
3 4321 4316 4318
3 3869 3871 4321
3 3869 4321 4318
3 3873 3872 4322
3 4322 3872 3870
3 4322 3870 4323
3 4323 3870 3868
3 4323 3868 4324
3 4324 3868 3866
3 4324 3866 4325
3 4325 3866 3864
3 4325 3864 3611
3 3874 4326 3096
3 3096 4326 4327
3 3096 4327 4328
3 4328 4327 4329
3 4328 4329 4330
3 4330 4329 4331
3 4330 4331 3887
3 3887 4331 3885
3 3874 3876 4326
3 4326 3876 4332
3 4326 4332 4327
3 4327 4332 4329
3 3891 3096 4333
3 4333 3096 4328
3 4333 4328 4330
3 3889 3891 4333
3 3889 4333 4330
3 3893 3892 4334
3 4334 3892 3890
3 4334 3890 4335
3 4335 3890 3888
3 4335 3888 4336
3 4336 3888 3886
3 4336 3886 4337
3 4337 3886 3884
3 4337 3884 3611
3 3894 4338 3096
3 3096 4338 4339
3 3096 4339 4340
3 4340 4339 4341
3 4340 4341 4342
3 4342 4341 4343
3 4342 4343 3907
3 3907 4343 3905
3 3894 3896 4338
3 4338 3896 4344
3 4338 4344 4339
3 4339 4344 4341
3 3911 3096 4345
3 4345 3096 4340
3 4345 4340 4342
3 3909 3911 4345
3 3909 4345 4342
3 3913 3912 4346
3 4346 3912 3910
3 4346 3910 4347
3 4347 3910 3908
3 4347 3908 4348
3 4348 3908 3906
3 4348 3906 4349
3 4349 3906 3904
3 4349 3904 3611
3 3914 4350 3096
3 3096 4350 4351
3 3096 4351 4352
3 4352 4351 4353
3 4352 4353 4354
3 4354 4353 4355
3 4354 4355 3927
3 3927 4355 3925
3 3914 3916 4350
3 4350 3916 4356
3 4350 4356 4351
3 4351 4356 4353
3 3931 3096 4357
3 4357 3096 4352
3 4357 4352 4354
3 3929 3931 4357
3 3929 4357 4354
3 3933 3932 4358
3 4358 3932 3930
3 4358 3930 4359
3 4359 3930 3928
3 4359 3928 4360
3 4360 3928 3926
3 4360 3926 4361
3 4361 3926 3924
3 4361 3924 3611
3 3934 4362 3096
3 3096 4362 4363
3 3096 4363 4364
3 4364 4363 4365
3 4364 4365 4366
3 4366 4365 4367
3 4366 4367 3947
3 3947 4367 3945
3 3934 3936 4362
3 4362 3936 4368
3 4362 4368 4363
3 4363 4368 4365
3 3951 3096 4369
3 4369 3096 4364
3 4369 4364 4366
3 3949 3951 4369
3 3949 4369 4366
3 3953 3952 4370
3 4370 3952 3950
3 4370 3950 4371
3 4371 3950 3948
3 4371 3948 4372
3 4372 3948 3946
3 4372 3946 4373
3 4373 3946 3944
3 4373 3944 3611
3 3954 4374 3096
3 3096 4374 4375
3 3096 4375 4376
3 4376 4375 4377
3 4376 4377 4378
3 4378 4377 4379
3 4378 4379 3967
3 3967 4379 3965
3 3954 3956 4374
3 4374 3956 4380
3 4374 4380 4375
3 4375 4380 4377
3 3971 3096 4381
3 4381 3096 4376
3 4381 4376 4378
3 3969 3971 4381
3 3969 4381 4378
3 3973 3972 4382
3 4382 3972 3970
3 4382 3970 4383
3 4383 3970 3968
3 4383 3968 4384
3 4384 3968 3966
3 4384 3966 4385
3 4385 3966 3964
3 4385 3964 3611
3 3974 4386 3096
3 3096 4386 4387
3 3096 4387 4388
3 4388 4387 4389
3 4388 4389 4390
3 4390 4389 4391
3 4390 4391 3987
3 3987 4391 3985
3 3974 3976 4386
3 4386 3976 4392
3 4386 4392 4387
3 4387 4392 4389
3 3991 3096 4393
3 4393 3096 4388
3 4393 4388 4390
3 3989 3991 4393
3 3989 4393 4390
3 3993 3992 4394
3 4394 3992 3990
3 4394 3990 4395
3 4395 3990 3988
3 4395 3988 4396
3 4396 3988 3986
3 4396 3986 4397
3 4397 3986 3984
3 4397 3984 3611
3 3994 4398 3096
3 3096 4398 4399
3 3096 4399 4400
3 4400 4399 4401
3 4400 4401 4402
3 4402 4401 4403
3 4402 4403 4007
3 4007 4403 4005
3 3994 3996 4398
3 4398 3996 4404
3 4398 4404 4399
3 4399 4404 4401
3 4011 3096 4405
3 4405 3096 4400
3 4405 4400 4402
3 4009 4011 4405
3 4009 4405 4402
3 4013 4012 4406
3 4406 4012 4010
3 4406 4010 4407
3 4407 4010 4008
3 4407 4008 4408
3 4408 4008 4006
3 4408 4006 4409
3 4409 4006 4004
3 4409 4004 3611
3 4014 4410 3096
3 3096 4410 4411
3 3096 4411 4412
3 4412 4411 4413
3 4412 4413 4414
3 4414 4413 4415
3 4414 4415 4027
3 4027 4415 4025
3 4014 4016 4410
3 4410 4016 4416
3 4410 4416 4411
3 4411 4416 4413
3 4031 3096 4417
3 4417 3096 4412
3 4417 4412 4414
3 4029 4031 4417
3 4029 4417 4414
3 4033 4032 4418
3 4418 4032 4030
3 4418 4030 4419
3 4419 4030 4028
3 4419 4028 4420
3 4420 4028 4026
3 4420 4026 4421
3 4421 4026 4024
3 4421 4024 3611
3 4034 4422 3096
3 3096 4422 4423
3 3096 4423 4424
3 4424 4423 4425
3 4424 4425 4426
3 4426 4425 4427
3 4426 4427 4047
3 4047 4427 4045
3 4034 4036 4422
3 4422 4036 4428
3 4422 4428 4423
3 4423 4428 4425
3 4051 3096 4429
3 4429 3096 4424
3 4429 4424 4426
3 4049 4051 4429
3 4049 4429 4426
3 4053 4052 4430
3 4430 4052 4050
3 4430 4050 4431
3 4431 4050 4048
3 4431 4048 4432
3 4432 4048 4046
3 4432 4046 4433
3 4433 4046 4044
3 4433 4044 3611
3 4054 4434 3096
3 3096 4434 4435
3 3096 4435 4436
3 4436 4435 4437
3 4436 4437 4438
3 4438 4437 4439
3 4438 4439 4067
3 4067 4439 4065
3 4054 4056 4434
3 4434 4056 4440
3 4434 4440 4435
3 4435 4440 4437
3 4071 3096 4441
3 4441 3096 4436
3 4441 4436 4438
3 4069 4071 4441
3 4069 4441 4438
3 4073 4072 4442
3 4442 4072 4070
3 4442 4070 4443
3 4443 4070 4068
3 4443 4068 4444
3 4444 4068 4066
3 4444 4066 4445
3 4445 4066 4064
3 4445 4064 3611
3 4074 4446 3096
3 3096 4446 4447
3 3096 4447 4448
3 4448 4447 4449
3 4448 4449 4450
3 4450 4449 4451
3 4450 4451 4087
3 4087 4451 4085
3 4074 4076 4446
3 4446 4076 4452
3 4446 4452 4447
3 4447 4452 4449
3 4091 3096 4453
3 4453 3096 4448
3 4453 4448 4450
3 4089 4091 4453
3 4089 4453 4450
3 4093 4092 4454
3 4454 4092 4090
3 4454 4090 4455
3 4455 4090 4088
3 4455 4088 4456
3 4456 4088 4086
3 4456 4086 4457
3 4457 4086 4084
3 4457 4084 3611
3 4094 4458 3096
3 3096 4458 4459
3 3096 4459 4460
3 4460 4459 4461
3 4460 4461 4462
3 4462 4461 4463
3 4462 4463 4107
3 4107 4463 4105
3 4094 4096 4458
3 4458 4096 4464
3 4458 4464 4459
3 4459 4464 4461
3 4111 3096 4465
3 4465 3096 4460
3 4465 4460 4462
3 4109 4111 4465
3 4109 4465 4462
3 4113 4112 4466
3 4466 4112 4110
3 4466 4110 4467
3 4467 4110 4108
3 4467 4108 4468
3 4468 4108 4106
3 4468 4106 4142
3 4142 4106 4104
3 4114 4469 3096
3 3096 4469 4470
3 3096 4470 4471
3 4471 4470 4472
3 4471 4472 4473
3 4473 4472 4474
3 4473 4474 4127
3 4127 4474 4125
3 4114 4116 4469
3 4469 4116 4475
3 4469 4475 4470
3 4470 4475 4472
3 4131 3096 4476
3 4476 3096 4471
3 4476 4471 4473
3 4129 4131 4476
3 4129 4476 4473
3 4133 4132 4477
3 4477 4132 4130
3 4477 4130 4478
3 4478 4130 4128
3 4478 4128 4479
3 4479 4128 4126
3 4479 4126 4480
3 4480 4126 4124
3 4480 4124 3108
3 3100 3098 4135
3 4135 3098 3097
3 3099 4481 3072
3 3072 4481 4482
3 3072 4482 4483
3 4483 4482 4484
3 4483 4484 4485
3 4485 4484 4486
3 4485 4486 3113
3 3113 4486 3111
3 3099 3101 4481
3 4481 3101 4487
3 4481 4487 4482
3 4482 4487 4484
3 3117 3072 4488
3 4488 3072 4483
3 4488 4483 4485
3 3115 3117 4488
3 3115 4488 4485
3 3119 3118 4489
3 4489 3118 3116
3 4489 3116 4490
3 4490 3116 3114
3 4490 3114 4491
3 4491 3114 3112
3 4491 3112 4492
3 4492 3112 3110
3 4492 3110 3108
3 3120 4493 3072
3 3072 4493 4494
3 3072 4494 4495
3 4495 4494 4496
3 4495 4496 4497
3 4497 4496 4498
3 4497 4498 3133
3 3133 4498 3131
3 3120 3122 4493
3 4493 3122 4499
3 4493 4499 4494
3 4494 4499 4496
3 3137 3072 4500
3 4500 3072 4495
3 4500 4495 4497
3 3135 3137 4500
3 3135 4500 4497
3 3139 3138 4501
3 4501 3138 3136
3 4501 3136 4502
3 4502 3136 3134
3 4502 3134 4503
3 4503 3134 3132
3 4503 3132 4504
3 4504 3132 3130
3 4504 3130 3108
3 3140 4505 3072
3 3072 4505 4506
3 3072 4506 4507
3 4507 4506 4508
3 4507 4508 4509
3 4509 4508 4510
3 4509 4510 3153
3 3153 4510 3151
3 3140 3142 4505
3 4505 3142 4511
3 4505 4511 4506
3 4506 4511 4508
3 3157 3072 4512
3 4512 3072 4507
3 4512 4507 4509
3 3155 3157 4512
3 3155 4512 4509
3 3159 3158 4513
3 4513 3158 3156
3 4513 3156 4514
3 4514 3156 3154
3 4514 3154 4515
3 4515 3154 3152
3 4515 3152 4516
3 4516 3152 3150
3 4516 3150 3108
3 3160 4517 3072
3 3072 4517 4518
3 3072 4518 4519
3 4519 4518 4520
3 4519 4520 4521
3 4521 4520 4522
3 4521 4522 3173
3 3173 4522 3171
3 3160 3162 4517
3 4517 3162 4523
3 4517 4523 4518
3 4518 4523 4520
3 3177 3072 4524
3 4524 3072 4519
3 4524 4519 4521
3 3175 3177 4524
3 3175 4524 4521
3 3179 3178 4525
3 4525 3178 3176
3 4525 3176 4526
3 4526 3176 3174
3 4526 3174 4527
3 4527 3174 3172
3 4527 3172 4528
3 4528 3172 3170
3 4528 3170 3108
3 3180 4529 3072
3 3072 4529 4530
3 3072 4530 4531
3 4531 4530 4532
3 4531 4532 4533
3 4533 4532 4534
3 4533 4534 3193
3 3193 4534 3191
3 3180 3182 4529
3 4529 3182 4535
3 4529 4535 4530
3 4530 4535 4532
3 3197 3072 4536
3 4536 3072 4531
3 4536 4531 4533
3 3195 3197 4536
3 3195 4536 4533
3 3199 3198 4537
3 4537 3198 3196
3 4537 3196 4538
3 4538 3196 3194
3 4538 3194 4539
3 4539 3194 3192
3 4539 3192 4540
3 4540 3192 3190
3 4540 3190 3108
3 3200 4541 3072
3 3072 4541 4542
3 3072 4542 4543
3 4543 4542 4544
3 4543 4544 4545
3 4545 4544 4546
3 4545 4546 3213
3 3213 4546 3211
3 3200 3202 4541
3 4541 3202 4547
3 4541 4547 4542
3 4542 4547 4544
3 3217 3072 4548
3 4548 3072 4543
3 4548 4543 4545
3 3215 3217 4548
3 3215 4548 4545
3 3219 3218 4549
3 4549 3218 3216
3 4549 3216 4550
3 4550 3216 3214
3 4550 3214 4551
3 4551 3214 3212
3 4551 3212 4552
3 4552 3212 3210
3 4552 3210 3108
3 3220 4553 3072
3 3072 4553 4554
3 3072 4554 4555
3 4555 4554 4556
3 4555 4556 4557
3 4557 4556 4558
3 4557 4558 3233
3 3233 4558 3231
3 3220 3222 4553
3 4553 3222 4559
3 4553 4559 4554
3 4554 4559 4556
3 3237 3072 4560
3 4560 3072 4555
3 4560 4555 4557
3 3235 3237 4560
3 3235 4560 4557
3 3239 3238 4561
3 4561 3238 3236
3 4561 3236 4562
3 4562 3236 3234
3 4562 3234 4563
3 4563 3234 3232
3 4563 3232 4564
3 4564 3232 3230
3 4564 3230 3108
3 3240 4565 3072
3 3072 4565 4566
3 3072 4566 4567
3 4567 4566 4568
3 4567 4568 4569
3 4569 4568 4570
3 4569 4570 3253
3 3253 4570 3251
3 3240 3242 4565
3 4565 3242 4571
3 4565 4571 4566
3 4566 4571 4568
3 3257 3072 4572
3 4572 3072 4567
3 4572 4567 4569
3 3255 3257 4572
3 3255 4572 4569
3 3259 3258 4573
3 4573 3258 3256
3 4573 3256 4574
3 4574 3256 3254
3 4574 3254 4575
3 4575 3254 3252
3 4575 3252 4576
3 4576 3252 3250
3 4576 3250 3108
3 3260 4577 3072
3 3072 4577 4578
3 3072 4578 4579
3 4579 4578 4580
3 4579 4580 4581
3 4581 4580 4582
3 4581 4582 3273
3 3273 4582 3271
3 3260 3262 4577
3 4577 3262 4583
3 4577 4583 4578
3 4578 4583 4580
3 3277 3072 4584
3 4584 3072 4579
3 4584 4579 4581
3 3275 3277 4584
3 3275 4584 4581
3 3279 3278 4585
3 4585 3278 3276
3 4585 3276 4586
3 4586 3276 3274
3 4586 3274 4587
3 4587 3274 3272
3 4587 3272 4588
3 4588 3272 3270
3 4588 3270 3108
3 3280 4589 3072
3 3072 4589 4590
3 3072 4590 4591
3 4591 4590 4592
3 4591 4592 4593
3 4593 4592 4594
3 4593 4594 3293
3 3293 4594 3291
3 3280 3282 4589
3 4589 3282 4595
3 4589 4595 4590
3 4590 4595 4592
3 3297 3072 4596
3 4596 3072 4591
3 4596 4591 4593
3 3295 3297 4596
3 3295 4596 4593
3 3299 3298 4597
3 4597 3298 3296
3 4597 3296 4598
3 4598 3296 3294
3 4598 3294 4599
3 4599 3294 3292
3 4599 3292 4600
3 4600 3292 3290
3 4600 3290 3108
3 3300 4601 3072
3 3072 4601 4602
3 3072 4602 4603
3 4603 4602 4604
3 4603 4604 4605
3 4605 4604 4606
3 4605 4606 3313
3 3313 4606 3311
3 3300 3302 4601
3 4601 3302 4607
3 4601 4607 4602
3 4602 4607 4604
3 3317 3072 4608
3 4608 3072 4603
3 4608 4603 4605
3 3315 3317 4608
3 3315 4608 4605
3 3319 3318 4609
3 4609 3318 3316
3 4609 3316 4610
3 4610 3316 3314
3 4610 3314 4611
3 4611 3314 3312
3 4611 3312 4612
3 4612 3312 3310
3 4612 3310 3108
3 3320 4613 3072
3 3072 4613 4614
3 3072 4614 4615
3 4615 4614 4616
3 4615 4616 4617
3 4617 4616 4618
3 4617 4618 3333
3 3333 4618 3331
3 3320 3322 4613
3 4613 3322 4619
3 4613 4619 4614
3 4614 4619 4616
3 3337 3072 4620
3 4620 3072 4615
3 4620 4615 4617
3 3335 3337 4620
3 3335 4620 4617
3 3339 3338 4621
3 4621 3338 3336
3 4621 3336 4622
3 4622 3336 3334
3 4622 3334 4623
3 4623 3334 3332
3 4623 3332 4624
3 4624 3332 3330
3 4624 3330 3108
3 3340 4625 3072
3 3072 4625 4626
3 3072 4626 4627
3 4627 4626 4628
3 4627 4628 4629
3 4629 4628 4630
3 4629 4630 3353
3 3353 4630 3351
3 3340 3342 4625
3 4625 3342 4631
3 4625 4631 4626
3 4626 4631 4628
3 3357 3072 4632
3 4632 3072 4627
3 4632 4627 4629
3 3355 3357 4632
3 3355 4632 4629
3 3359 3358 4633
3 4633 3358 3356
3 4633 3356 4634
3 4634 3356 3354
3 4634 3354 4635
3 4635 3354 3352
3 4635 3352 4636
3 4636 3352 3350
3 4636 3350 3108
3 3360 4637 3072
3 3072 4637 4638
3 3072 4638 4639
3 4639 4638 4640
3 4639 4640 4641
3 4641 4640 4642
3 4641 4642 3373
3 3373 4642 3371
3 3360 3362 4637
3 4637 3362 4643
3 4637 4643 4638
3 4638 4643 4640
3 3377 3072 4644
3 4644 3072 4639
3 4644 4639 4641
3 3375 3377 4644
3 3375 4644 4641
3 3379 3378 4645
3 4645 3378 3376
3 4645 3376 4646
3 4646 3376 3374
3 4646 3374 4647
3 4647 3374 3372
3 4647 3372 4648
3 4648 3372 3370
3 4648 3370 3108
3 3380 4649 3072
3 3072 4649 4650
3 3072 4650 4651
3 4651 4650 4652
3 4651 4652 4653
3 4653 4652 4654
3 4653 4654 3393
3 3393 4654 3391
3 3380 3382 4649
3 4649 3382 4655
3 4649 4655 4650
3 4650 4655 4652
3 3397 3072 4656
3 4656 3072 4651
3 4656 4651 4653
3 3395 3397 4656
3 3395 4656 4653
3 3399 3398 4657
3 4657 3398 3396
3 4657 3396 4658
3 4658 3396 3394
3 4658 3394 4659
3 4659 3394 3392
3 4659 3392 4660
3 4660 3392 3390
3 4660 3390 3108
3 3400 4661 3072
3 3072 4661 4662
3 3072 4662 4663
3 4663 4662 4664
3 4663 4664 4665
3 4665 4664 4666
3 4665 4666 3413
3 3413 4666 3411
3 3400 3402 4661
3 4661 3402 4667
3 4661 4667 4662
3 4662 4667 4664
3 3417 3072 4668
3 4668 3072 4663
3 4668 4663 4665
3 3415 3417 4668
3 3415 4668 4665
3 3419 3418 4669
3 4669 3418 3416
3 4669 3416 4670
3 4670 3416 3414
3 4670 3414 4671
3 4671 3414 3412
3 4671 3412 4672
3 4672 3412 3410
3 4672 3410 3108
3 3420 4673 3072
3 3072 4673 4674
3 3072 4674 4675
3 4675 4674 4676
3 4675 4676 4677
3 4677 4676 4678
3 4677 4678 3433
3 3433 4678 3431
3 3420 3422 4673
3 4673 3422 4679
3 4673 4679 4674
3 4674 4679 4676
3 3437 3072 4680
3 4680 3072 4675
3 4680 4675 4677
3 3435 3437 4680
3 3435 4680 4677
3 3439 3438 4681
3 4681 3438 3436
3 4681 3436 4682
3 4682 3436 3434
3 4682 3434 4683
3 4683 3434 3432
3 4683 3432 4684
3 4684 3432 3430
3 4684 3430 3108
3 3440 4685 3072
3 3072 4685 4686
3 3072 4686 4687
3 4687 4686 4688
3 4687 4688 4689
3 4689 4688 4690
3 4689 4690 3453
3 3453 4690 3451
3 3440 3442 4685
3 4685 3442 4691
3 4685 4691 4686
3 4686 4691 4688
3 3457 3072 4692
3 4692 3072 4687
3 4692 4687 4689
3 3455 3457 4692
3 3455 4692 4689
3 3459 3458 4693
3 4693 3458 3456
3 4693 3456 4694
3 4694 3456 3454
3 4694 3454 4695
3 4695 3454 3452
3 4695 3452 4696
3 4696 3452 3450
3 4696 3450 3108
3 3460 4697 3072
3 3072 4697 4698
3 3072 4698 4699
3 4699 4698 4700
3 4699 4700 4701
3 4701 4700 4702
3 4701 4702 3473
3 3473 4702 3471
3 3460 3462 4697
3 4697 3462 4703
3 4697 4703 4698
3 4698 4703 4700
3 3477 3072 4704
3 4704 3072 4699
3 4704 4699 4701
3 3475 3477 4704
3 3475 4704 4701
3 3479 3478 4705
3 4705 3478 3476
3 4705 3476 4706
3 4706 3476 3474
3 4706 3474 4707
3 4707 3474 3472
3 4707 3472 4708
3 4708 3472 3470
3 4708 3470 3108
3 3480 4709 3072
3 3072 4709 4710
3 3072 4710 4711
3 4711 4710 4712
3 4711 4712 4713
3 4713 4712 4714
3 4713 4714 3493
3 3493 4714 3491
3 3480 3482 4709
3 4709 3482 4715
3 4709 4715 4710
3 4710 4715 4712
3 3497 3072 4716
3 4716 3072 4711
3 4716 4711 4713
3 3495 3497 4716
3 3495 4716 4713
3 3499 3498 4717
3 4717 3498 3496
3 4717 3496 4718
3 4718 3496 3494
3 4718 3494 4719
3 4719 3494 3492
3 4719 3492 4720
3 4720 3492 3490
3 4720 3490 3108
3 3500 4721 3072
3 3072 4721 4722
3 3072 4722 4723
3 4723 4722 4724
3 4723 4724 4725
3 4725 4724 4726
3 4725 4726 3513
3 3513 4726 3511
3 3500 3502 4721
3 4721 3502 4727
3 4721 4727 4722
3 4722 4727 4724
3 3517 3072 4728
3 4728 3072 4723
3 4728 4723 4725
3 3515 3517 4728
3 3515 4728 4725
3 3519 3518 4729
3 4729 3518 3516
3 4729 3516 4730
3 4730 3516 3514
3 4730 3514 4731
3 4731 3514 3512
3 4731 3512 4732
3 4732 3512 3510
3 4732 3510 3108
3 3520 4733 3072
3 3072 4733 4734
3 3072 4734 4735
3 4735 4734 4736
3 4735 4736 4737
3 4737 4736 4738
3 4737 4738 3533
3 3533 4738 3531
3 3520 3522 4733
3 4733 3522 4739
3 4733 4739 4734
3 4734 4739 4736
3 3537 3072 4740
3 4740 3072 4735
3 4740 4735 4737
3 3535 3537 4740
3 3535 4740 4737
3 3539 3538 4741
3 4741 3538 3536
3 4741 3536 4742
3 4742 3536 3534
3 4742 3534 4743
3 4743 3534 3532
3 4743 3532 4744
3 4744 3532 3530
3 4744 3530 3108
3 3540 4745 3072
3 3072 4745 4746
3 3072 4746 4747
3 4747 4746 4748
3 4747 4748 4749
3 4749 4748 4750
3 4749 4750 3553
3 3553 4750 3551
3 3540 3542 4745
3 4745 3542 4751
3 4745 4751 4746
3 4746 4751 4748
3 3557 3072 4752
3 4752 3072 4747
3 4752 4747 4749
3 3555 3557 4752
3 3555 4752 4749
3 3559 3558 4753
3 4753 3558 3556
3 4753 3556 4754
3 4754 3556 3554
3 4754 3554 4755
3 4755 3554 3552
3 4755 3552 4756
3 4756 3552 3550
3 4756 3550 3108
3 3560 4757 3072
3 3072 4757 4758
3 3072 4758 4759
3 4759 4758 4760
3 4759 4760 4761
3 4761 4760 4762
3 4761 4762 3573
3 3573 4762 3571
3 3560 3562 4757
3 4757 3562 4763
3 4757 4763 4758
3 4758 4763 4760
3 3577 3072 4764
3 4764 3072 4759
3 4764 4759 4761
3 3575 3577 4764
3 3575 4764 4761
3 3579 3578 4765
3 4765 3578 3576
3 4765 3576 4766
3 4766 3576 3574
3 4766 3574 4767
3 4767 3574 3572
3 4767 3572 4768
3 4768 3572 3570
3 4768 3570 3108
3 3580 4769 3072
3 3072 4769 4770
3 3072 4770 4771
3 4771 4770 4772
3 4771 4772 4773
3 4773 4772 4774
3 4773 4774 3593
3 3593 4774 3591
3 3580 3582 4769
3 4769 3582 4775
3 4769 4775 4770
3 4770 4775 4772
3 3597 3072 4776
3 4776 3072 4771
3 4776 4771 4773
3 3595 3597 4776
3 3595 4776 4773
3 3599 3598 4777
3 4777 3598 3596
3 4777 3596 4778
3 4778 3596 3594
3 4778 3594 4779
3 4779 3594 3592
3 4779 3592 4780
3 4780 3592 3590
3 4780 3590 3108
3 4168 3072 4165
3 4164 4168 4165
3 3609 4781 3108
3 3108 4781 4782
3 3108 4782 4780
3 4780 4782 4779
3 4781 3609 4783
3 4783 3609 3605
3 4783 3605 3603
3 4782 4781 4784
3 4784 4781 4783
3 4784 4783 4785
3 4785 4783 3603
3 4785 3603 3601
3 3588 3589 4786
3 4786 3589 3591
3 4786 3591 4774
3 3587 4787 3108
3 3108 4787 4788
3 3108 4788 4789
3 4789 4788 4790
3 4789 4790 4767
3 4767 4790 4766
3 3587 3585 4787
3 4787 3585 4791
3 4787 4791 4788
3 4788 4791 4790
3 4768 3108 4789
3 4767 4768 4789
3 3568 3569 4792
3 4792 3569 3571
3 4792 3571 4762
3 3567 4793 3108
3 3108 4793 4794
3 3108 4794 4795
3 4795 4794 4796
3 4795 4796 4755
3 4755 4796 4754
3 3567 3565 4793
3 4793 3565 4797
3 4793 4797 4794
3 4794 4797 4796
3 4756 3108 4795
3 4755 4756 4795
3 3548 3549 4798
3 4798 3549 3551
3 4798 3551 4750
3 3547 4799 3108
3 3108 4799 4800
3 3108 4800 4801
3 4801 4800 4802
3 4801 4802 4743
3 4743 4802 4742
3 3547 3545 4799
3 4799 3545 4803
3 4799 4803 4800
3 4800 4803 4802
3 4744 3108 4801
3 4743 4744 4801
3 3528 3529 4804
3 4804 3529 3531
3 4804 3531 4738
3 3527 4805 3108
3 3108 4805 4806
3 3108 4806 4807
3 4807 4806 4808
3 4807 4808 4731
3 4731 4808 4730
3 3527 3525 4805
3 4805 3525 4809
3 4805 4809 4806
3 4806 4809 4808
3 4732 3108 4807
3 4731 4732 4807
3 3508 3509 4810
3 4810 3509 3511
3 4810 3511 4726
3 3507 4811 3108
3 3108 4811 4812
3 3108 4812 4813
3 4813 4812 4814
3 4813 4814 4719
3 4719 4814 4718
3 3507 3505 4811
3 4811 3505 4815
3 4811 4815 4812
3 4812 4815 4814
3 4720 3108 4813
3 4719 4720 4813
3 3488 3489 4816
3 4816 3489 3491
3 4816 3491 4714
3 3487 4817 3108
3 3108 4817 4818
3 3108 4818 4819
3 4819 4818 4820
3 4819 4820 4707
3 4707 4820 4706
3 3487 3485 4817
3 4817 3485 4821
3 4817 4821 4818
3 4818 4821 4820
3 4708 3108 4819
3 4707 4708 4819
3 3468 3469 4822
3 4822 3469 3471
3 4822 3471 4702
3 3467 4823 3108
3 3108 4823 4824
3 3108 4824 4825
3 4825 4824 4826
3 4825 4826 4695
3 4695 4826 4694
3 3467 3465 4823
3 4823 3465 4827
3 4823 4827 4824
3 4824 4827 4826
3 4696 3108 4825
3 4695 4696 4825
3 3448 3449 4828
3 4828 3449 3451
3 4828 3451 4690
3 3447 4829 3108
3 3108 4829 4830
3 3108 4830 4831
3 4831 4830 4832
3 4831 4832 4683
3 4683 4832 4682
3 3447 3445 4829
3 4829 3445 4833
3 4829 4833 4830
3 4830 4833 4832
3 4684 3108 4831
3 4683 4684 4831
3 3428 3429 4834
3 4834 3429 3431
3 4834 3431 4678
3 3427 4835 3108
3 3108 4835 4836
3 3108 4836 4837
3 4837 4836 4838
3 4837 4838 4671
3 4671 4838 4670
3 3427 3425 4835
3 4835 3425 4839
3 4835 4839 4836
3 4836 4839 4838
3 4672 3108 4837
3 4671 4672 4837
3 3408 3409 4840
3 4840 3409 3411
3 4840 3411 4666
3 3407 4841 3108
3 3108 4841 4842
3 3108 4842 4843
3 4843 4842 4844
3 4843 4844 4659
3 4659 4844 4658
3 3407 3405 4841
3 4841 3405 4845
3 4841 4845 4842
3 4842 4845 4844
3 4660 3108 4843
3 4659 4660 4843
3 3388 3389 4846
3 4846 3389 3391
3 4846 3391 4654
3 3387 4847 3108
3 3108 4847 4848
3 3108 4848 4849
3 4849 4848 4850
3 4849 4850 4647
3 4647 4850 4646
3 3387 3385 4847
3 4847 3385 4851
3 4847 4851 4848
3 4848 4851 4850
3 4648 3108 4849
3 4647 4648 4849
3 3368 3369 4852
3 4852 3369 3371
3 4852 3371 4642
3 3367 4853 3108
3 3108 4853 4854
3 3108 4854 4855
3 4855 4854 4856
3 4855 4856 4635
3 4635 4856 4634
3 3367 3365 4853
3 4853 3365 4857
3 4853 4857 4854
3 4854 4857 4856
3 4636 3108 4855
3 4635 4636 4855
3 3348 3349 4858
3 4858 3349 3351
3 4858 3351 4630
3 3347 4859 3108
3 3108 4859 4860
3 3108 4860 4861
3 4861 4860 4862
3 4861 4862 4623
3 4623 4862 4622
3 3347 3345 4859
3 4859 3345 4863
3 4859 4863 4860
3 4860 4863 4862
3 4624 3108 4861
3 4623 4624 4861
3 3328 3329 4864
3 4864 3329 3331
3 4864 3331 4618
3 3327 4865 3108
3 3108 4865 4866
3 3108 4866 4867
3 4867 4866 4868
3 4867 4868 4611
3 4611 4868 4610
3 3327 3325 4865
3 4865 3325 4869
3 4865 4869 4866
3 4866 4869 4868
3 4612 3108 4867
3 4611 4612 4867
3 3308 3309 4870
3 4870 3309 3311
3 4870 3311 4606
3 3307 4871 3108
3 3108 4871 4872
3 3108 4872 4873
3 4873 4872 4874
3 4873 4874 4599
3 4599 4874 4598
3 3307 3305 4871
3 4871 3305 4875
3 4871 4875 4872
3 4872 4875 4874
3 4600 3108 4873
3 4599 4600 4873
3 3288 3289 4876
3 4876 3289 3291
3 4876 3291 4594
3 3287 4877 3108
3 3108 4877 4878
3 3108 4878 4879
3 4879 4878 4880
3 4879 4880 4587
3 4587 4880 4586
3 3287 3285 4877
3 4877 3285 4881
3 4877 4881 4878
3 4878 4881 4880
3 4588 3108 4879
3 4587 4588 4879
3 3268 3269 4882
3 4882 3269 3271
3 4882 3271 4582
3 3267 4883 3108
3 3108 4883 4884
3 3108 4884 4885
3 4885 4884 4886
3 4885 4886 4575
3 4575 4886 4574
3 3267 3265 4883
3 4883 3265 4887
3 4883 4887 4884
3 4884 4887 4886
3 4576 3108 4885
3 4575 4576 4885
3 3248 3249 4888
3 4888 3249 3251
3 4888 3251 4570
3 3247 4889 3108
3 3108 4889 4890
3 3108 4890 4891
3 4891 4890 4892
3 4891 4892 4563
3 4563 4892 4562
3 3247 3245 4889
3 4889 3245 4893
3 4889 4893 4890
3 4890 4893 4892
3 4564 3108 4891
3 4563 4564 4891
3 3228 3229 4894
3 4894 3229 3231
3 4894 3231 4558
3 3227 4895 3108
3 3108 4895 4896
3 3108 4896 4897
3 4897 4896 4898
3 4897 4898 4551
3 4551 4898 4550
3 3227 3225 4895
3 4895 3225 4899
3 4895 4899 4896
3 4896 4899 4898
3 4552 3108 4897
3 4551 4552 4897
3 3208 3209 4900
3 4900 3209 3211
3 4900 3211 4546
3 3207 4901 3108
3 3108 4901 4902
3 3108 4902 4903
3 4903 4902 4904
3 4903 4904 4539
3 4539 4904 4538
3 3207 3205 4901
3 4901 3205 4905
3 4901 4905 4902
3 4902 4905 4904
3 4540 3108 4903
3 4539 4540 4903
3 3188 3189 4906
3 4906 3189 3191
3 4906 3191 4534
3 3187 4907 3108
3 3108 4907 4908
3 3108 4908 4909
3 4909 4908 4910
3 4909 4910 4527
3 4527 4910 4526
3 3187 3185 4907
3 4907 3185 4911
3 4907 4911 4908
3 4908 4911 4910
3 4528 3108 4909
3 4527 4528 4909
3 3168 3169 4912
3 4912 3169 3171
3 4912 3171 4522
3 3167 4913 3108
3 3108 4913 4914
3 3108 4914 4915
3 4915 4914 4916
3 4915 4916 4515
3 4515 4916 4514
3 3167 3165 4913
3 4913 3165 4917
3 4913 4917 4914
3 4914 4917 4916
3 4516 3108 4915
3 4515 4516 4915
3 3148 3149 4918
3 4918 3149 3151
3 4918 3151 4510
3 3147 4919 3108
3 3108 4919 4920
3 3108 4920 4921
3 4921 4920 4922
3 4921 4922 4503
3 4503 4922 4502
3 3147 3145 4919
3 4919 3145 4923
3 4919 4923 4920
3 4920 4923 4922
3 4504 3108 4921
3 4503 4504 4921
3 3128 3129 4924
3 4924 3129 3131
3 4924 3131 4498
3 3127 4925 3108
3 3108 4925 4926
3 3108 4926 4927
3 4927 4926 4928
3 4927 4928 4491
3 4491 4928 4490
3 3127 3125 4925
3 4925 3125 4929
3 4925 4929 4926
3 4926 4929 4928
3 4492 3108 4927
3 4491 4492 4927
3 3107 3109 4930
3 4930 3109 3111
3 4930 3111 4486
3 4139 4141 3104
3 3104 4141 3106
3 4140 4931 3108
3 3108 4931 4932
3 3108 4932 4933
3 4933 4932 4934
3 4933 4934 4479
3 4479 4934 4478
3 4140 4138 4931
3 4931 4138 4935
3 4931 4935 4932
3 4932 4935 4934
3 4480 3108 4933
3 4479 4480 4933
3 4122 4123 4936
3 4936 4123 4125
3 4936 4125 4474
3 4144 3108 4937
3 4937 3108 4121
3 4937 4121 4119
3 4146 4144 4937
3 4146 4937 4119
3 4468 4142 4143
3 4468 4143 4145
3 4102 4103 4938
3 4938 4103 4105
3 4938 4105 4463
3 4101 4939 3611
3 3611 4939 4940
3 3611 4940 4941
3 4941 4940 4942
3 4941 4942 4456
3 4456 4942 4455
3 4101 4099 4939
3 4939 4099 4943
3 4939 4943 4940
3 4940 4943 4942
3 4457 3611 4941
3 4456 4457 4941
3 4082 4083 4944
3 4944 4083 4085
3 4944 4085 4451
3 4081 4945 3611
3 3611 4945 4946
3 3611 4946 4947
3 4947 4946 4948
3 4947 4948 4444
3 4444 4948 4443
3 4081 4079 4945
3 4945 4079 4949
3 4945 4949 4946
3 4946 4949 4948
3 4445 3611 4947
3 4444 4445 4947
3 4062 4063 4950
3 4950 4063 4065
3 4950 4065 4439
3 4061 4951 3611
3 3611 4951 4952
3 3611 4952 4953
3 4953 4952 4954
3 4953 4954 4432
3 4432 4954 4431
3 4061 4059 4951
3 4951 4059 4955
3 4951 4955 4952
3 4952 4955 4954
3 4433 3611 4953
3 4432 4433 4953
3 4042 4043 4956
3 4956 4043 4045
3 4956 4045 4427
3 4041 4957 3611
3 3611 4957 4958
3 3611 4958 4959
3 4959 4958 4960
3 4959 4960 4420
3 4420 4960 4419
3 4041 4039 4957
3 4957 4039 4961
3 4957 4961 4958
3 4958 4961 4960
3 4421 3611 4959
3 4420 4421 4959
3 4022 4023 4962
3 4962 4023 4025
3 4962 4025 4415
3 4021 4963 3611
3 3611 4963 4964
3 3611 4964 4965
3 4965 4964 4966
3 4965 4966 4408
3 4408 4966 4407
3 4021 4019 4963
3 4963 4019 4967
3 4963 4967 4964
3 4964 4967 4966
3 4409 3611 4965
3 4408 4409 4965
3 4002 4003 4968
3 4968 4003 4005
3 4968 4005 4403
3 4001 4969 3611
3 3611 4969 4970
3 3611 4970 4971
3 4971 4970 4972
3 4971 4972 4396
3 4396 4972 4395
3 4001 3999 4969
3 4969 3999 4973
3 4969 4973 4970
3 4970 4973 4972
3 4397 3611 4971
3 4396 4397 4971
3 3982 3983 4974
3 4974 3983 3985
3 4974 3985 4391
3 3981 4975 3611
3 3611 4975 4976
3 3611 4976 4977
3 4977 4976 4978
3 4977 4978 4384
3 4384 4978 4383
3 3981 3979 4975
3 4975 3979 4979
3 4975 4979 4976
3 4976 4979 4978
3 4385 3611 4977
3 4384 4385 4977
3 3962 3963 4980
3 4980 3963 3965
3 4980 3965 4379
3 3961 4981 3611
3 3611 4981 4982
3 3611 4982 4983
3 4983 4982 4984
3 4983 4984 4372
3 4372 4984 4371
3 3961 3959 4981
3 4981 3959 4985
3 4981 4985 4982
3 4982 4985 4984
3 4373 3611 4983
3 4372 4373 4983
3 3942 3943 4986
3 4986 3943 3945
3 4986 3945 4367
3 3941 4987 3611
3 3611 4987 4988
3 3611 4988 4989
3 4989 4988 4990
3 4989 4990 4360
3 4360 4990 4359
3 3941 3939 4987
3 4987 3939 4991
3 4987 4991 4988
3 4988 4991 4990
3 4361 3611 4989
3 4360 4361 4989
3 3922 3923 4992
3 4992 3923 3925
3 4992 3925 4355
3 3921 4993 3611
3 3611 4993 4994
3 3611 4994 4995
3 4995 4994 4996
3 4995 4996 4348
3 4348 4996 4347
3 3921 3919 4993
3 4993 3919 4997
3 4993 4997 4994
3 4994 4997 4996
3 4349 3611 4995
3 4348 4349 4995
3 3902 3903 4998
3 4998 3903 3905
3 4998 3905 4343
3 3901 4999 3611
3 3611 4999 5000
3 3611 5000 5001
3 5001 5000 5002
3 5001 5002 4336
3 4336 5002 4335
3 3901 3899 4999
3 4999 3899 5003
3 4999 5003 5000
3 5000 5003 5002
3 4337 3611 5001
3 4336 4337 5001
3 3882 3883 5004
3 5004 3883 3885
3 5004 3885 4331
3 3881 5005 3611
3 3611 5005 5006
3 3611 5006 5007
3 5007 5006 5008
3 5007 5008 4324
3 4324 5008 4323
3 3881 3879 5005
3 5005 3879 5009
3 5005 5009 5006
3 5006 5009 5008
3 4325 3611 5007
3 4324 4325 5007
3 3862 3863 5010
3 5010 3863 3865
3 5010 3865 4319
3 3861 5011 3611
3 3611 5011 5012
3 3611 5012 5013
3 5013 5012 5014
3 5013 5014 4312
3 4312 5014 4311
3 3861 3859 5011
3 5011 3859 5015
3 5011 5015 5012
3 5012 5015 5014
3 4313 3611 5013
3 4312 4313 5013
3 3842 3843 5016
3 5016 3843 3845
3 5016 3845 4307
3 3841 5017 3611
3 3611 5017 5018
3 3611 5018 5019
3 5019 5018 5020
3 5019 5020 4300
3 4300 5020 4299
3 3841 3839 5017
3 5017 3839 5021
3 5017 5021 5018
3 5018 5021 5020
3 4301 3611 5019
3 4300 4301 5019
3 3822 3823 5022
3 5022 3823 3825
3 5022 3825 4295
3 3821 5023 3611
3 3611 5023 5024
3 3611 5024 5025
3 5025 5024 5026
3 5025 5026 4288
3 4288 5026 4287
3 3821 3819 5023
3 5023 3819 5027
3 5023 5027 5024
3 5024 5027 5026
3 4289 3611 5025
3 4288 4289 5025
3 3802 3803 5028
3 5028 3803 3805
3 5028 3805 4283
3 3801 5029 3611
3 3611 5029 5030
3 3611 5030 5031
3 5031 5030 5032
3 5031 5032 4276
3 4276 5032 4275
3 3801 3799 5029
3 5029 3799 5033
3 5029 5033 5030
3 5030 5033 5032
3 4277 3611 5031
3 4276 4277 5031
3 3782 3783 5034
3 5034 3783 3785
3 5034 3785 4271
3 3781 5035 3611
3 3611 5035 5036
3 3611 5036 5037
3 5037 5036 5038
3 5037 5038 4264
3 4264 5038 4263
3 3781 3779 5035
3 5035 3779 5039
3 5035 5039 5036
3 5036 5039 5038
3 4265 3611 5037
3 4264 4265 5037
3 3762 3763 5040
3 5040 3763 3765
3 5040 3765 4259
3 3761 5041 3611
3 3611 5041 5042
3 3611 5042 5043
3 5043 5042 5044
3 5043 5044 4252
3 4252 5044 4251
3 3761 3759 5041
3 5041 3759 5045
3 5041 5045 5042
3 5042 5045 5044
3 4253 3611 5043
3 4252 4253 5043
3 3742 3743 5046
3 5046 3743 3745
3 5046 3745 4247
3 3741 5047 3611
3 3611 5047 5048
3 3611 5048 5049
3 5049 5048 5050
3 5049 5050 4240
3 4240 5050 4239
3 3741 3739 5047
3 5047 3739 5051
3 5047 5051 5048
3 5048 5051 5050
3 4241 3611 5049
3 4240 4241 5049
3 3722 3723 5052
3 5052 3723 3725
3 5052 3725 4235
3 3721 5053 3611
3 3611 5053 5054
3 3611 5054 5055
3 5055 5054 5056
3 5055 5056 4228
3 4228 5056 4227
3 3721 3719 5053
3 5053 3719 5057
3 5053 5057 5054
3 5054 5057 5056
3 4229 3611 5055
3 4228 4229 5055
3 3702 3703 5058
3 5058 3703 3705
3 5058 3705 4223
3 3701 5059 3611
3 3611 5059 5060
3 3611 5060 5061
3 5061 5060 5062
3 5061 5062 4216
3 4216 5062 4215
3 3701 3699 5059
3 5059 3699 5063
3 5059 5063 5060
3 5060 5063 5062
3 4217 3611 5061
3 4216 4217 5061
3 3682 3683 5064
3 5064 3683 3685
3 5064 3685 4211
3 3681 5065 3611
3 3611 5065 5066
3 3611 5066 5067
3 5067 5066 5068
3 5067 5068 4204
3 4204 5068 4203
3 3681 3679 5065
3 5065 3679 5069
3 5065 5069 5066
3 5066 5069 5068
3 4205 3611 5067
3 4204 4205 5067
3 3662 3663 5070
3 5070 3663 3665
3 5070 3665 4199
3 3661 5071 3611
3 3611 5071 5072
3 3611 5072 5073
3 5073 5072 5074
3 5073 5074 4192
3 4192 5074 4191
3 3661 3659 5071
3 5071 3659 5075
3 5071 5075 5072
3 5072 5075 5074
3 4193 3611 5073
3 4192 4193 5073
3 3642 3643 5076
3 5076 3643 3645
3 5076 3645 4187
3 3641 5077 3611
3 3611 5077 5078
3 3611 5078 5079
3 5079 5078 5080
3 5079 5080 4180
3 4180 5080 4179
3 3641 3639 5077
3 5077 3639 5081
3 5077 5081 5078
3 5078 5081 5080
3 4181 3611 5079
3 4180 4181 5079
3 3622 3623 5082
3 5082 3623 3625
3 5082 3625 4175
3 3621 5083 3611
3 3611 5083 5084
3 3611 5084 5085
3 5085 5084 5086
3 5085 5086 5087
3 5087 5086 5088
3 5087 5088 5089
3 5089 5088 5090
3 5089 5090 5091
3 5091 5090 3613
3 5091 3613 3612
3 3621 3619 5083
3 5083 3619 5092
3 5083 5092 5084
3 5084 5092 5086
3 5085 5093 3611
3 3611 5093 5094
3 3611 5094 5095
3 5095 5094 5096
3 5095 5096 5097
3 5097 5096 5098
3 5097 5098 5099
3 5099 5098 3612
3 5099 3612 5100
3 5100 3612 5101
3 5100 5101 5102
3 5102 5101 5103
3 5102 5103 5104
3 5104 5103 5105
3 5104 5105 3611
3 3611 5105 5106
3 3611 5106 5107
3 5107 5106 5108
3 5107 5108 5109
3 5109 5108 5101
3 5109 5101 3611
3 3611 5101 3612
3 5085 5087 5093
3 5093 5087 5110
3 5093 5110 5094
3 5094 5110 5096
3 5095 5111 3611
3 3611 5111 5112
3 3611 5112 5104
3 5104 5112 5102
3 5095 5097 5111
3 5111 5097 5113
3 5111 5113 5112
3 5112 5113 5102
3 5106 5105 5114
3 5114 5105 5103
3 5114 5103 5101
3 5107 5115 3611
3 3611 5115 5116
3 3611 5116 5117
3 5117 5116 5109
3 5117 5109 5118
3 5118 5109 3611
3 5118 3611 5117
3 5109 5116 5115
3 5115 5107 5109
3 4778 4779 4784
3 4784 4779 4782
3 4778 4784 4785
3 3588 4786 3586
3 3586 4786 5119
3 3586 5119 3584
3 3584 5119 4775
3 3584 4775 3582
3 5119 4786 4774
3 3585 3583 4791
3 4791 3583 5120
3 4791 5120 4790
3 4790 5120 4766
3 3568 4792 3566
3 3566 4792 5121
3 3566 5121 3564
3 3564 5121 4763
3 3564 4763 3562
3 5121 4792 4762
3 3565 3563 4797
3 4797 3563 5122
3 4797 5122 4796
3 4796 5122 4754
3 3548 4798 3546
3 3546 4798 5123
3 3546 5123 3544
3 3544 5123 4751
3 3544 4751 3542
3 5123 4798 4750
3 3545 3543 4803
3 4803 3543 5124
3 4803 5124 4802
3 4802 5124 4742
3 3528 4804 3526
3 3526 4804 5125
3 3526 5125 3524
3 3524 5125 4739
3 3524 4739 3522
3 5125 4804 4738
3 3525 3523 4809
3 4809 3523 5126
3 4809 5126 4808
3 4808 5126 4730
3 3508 4810 3506
3 3506 4810 5127
3 3506 5127 3504
3 3504 5127 4727
3 3504 4727 3502
3 5127 4810 4726
3 3505 3503 4815
3 4815 3503 5128
3 4815 5128 4814
3 4814 5128 4718
3 3488 4816 3486
3 3486 4816 5129
3 3486 5129 3484
3 3484 5129 4715
3 3484 4715 3482
3 5129 4816 4714
3 3485 3483 4821
3 4821 3483 5130
3 4821 5130 4820
3 4820 5130 4706
3 3468 4822 3466
3 3466 4822 5131
3 3466 5131 3464
3 3464 5131 4703
3 3464 4703 3462
3 5131 4822 4702
3 3465 3463 4827
3 4827 3463 5132
3 4827 5132 4826
3 4826 5132 4694
3 3448 4828 3446
3 3446 4828 5133
3 3446 5133 3444
3 3444 5133 4691
3 3444 4691 3442
3 5133 4828 4690
3 3445 3443 4833
3 4833 3443 5134
3 4833 5134 4832
3 4832 5134 4682
3 3428 4834 3426
3 3426 4834 5135
3 3426 5135 3424
3 3424 5135 4679
3 3424 4679 3422
3 5135 4834 4678
3 3425 3423 4839
3 4839 3423 5136
3 4839 5136 4838
3 4838 5136 4670
3 3408 4840 3406
3 3406 4840 5137
3 3406 5137 3404
3 3404 5137 4667
3 3404 4667 3402
3 5137 4840 4666
3 3405 3403 4845
3 4845 3403 5138
3 4845 5138 4844
3 4844 5138 4658
3 3388 4846 3386
3 3386 4846 5139
3 3386 5139 3384
3 3384 5139 4655
3 3384 4655 3382
3 5139 4846 4654
3 3385 3383 4851
3 4851 3383 5140
3 4851 5140 4850
3 4850 5140 4646
3 3368 4852 3366
3 3366 4852 5141
3 3366 5141 3364
3 3364 5141 4643
3 3364 4643 3362
3 5141 4852 4642
3 3365 3363 4857
3 4857 3363 5142
3 4857 5142 4856
3 4856 5142 4634
3 3348 4858 3346
3 3346 4858 5143
3 3346 5143 3344
3 3344 5143 4631
3 3344 4631 3342
3 5143 4858 4630
3 3345 3343 4863
3 4863 3343 5144
3 4863 5144 4862
3 4862 5144 4622
3 3328 4864 3326
3 3326 4864 5145
3 3326 5145 3324
3 3324 5145 4619
3 3324 4619 3322
3 5145 4864 4618
3 3325 3323 4869
3 4869 3323 5146
3 4869 5146 4868
3 4868 5146 4610
3 3308 4870 3306
3 3306 4870 5147
3 3306 5147 3304
3 3304 5147 4607
3 3304 4607 3302
3 5147 4870 4606
3 3305 3303 4875
3 4875 3303 5148
3 4875 5148 4874
3 4874 5148 4598
3 3288 4876 3286
3 3286 4876 5149
3 3286 5149 3284
3 3284 5149 4595
3 3284 4595 3282
3 5149 4876 4594
3 3285 3283 4881
3 4881 3283 5150
3 4881 5150 4880
3 4880 5150 4586
3 3268 4882 3266
3 3266 4882 5151
3 3266 5151 3264
3 3264 5151 4583
3 3264 4583 3262
3 5151 4882 4582
3 3265 3263 4887
3 4887 3263 5152
3 4887 5152 4886
3 4886 5152 4574
3 3248 4888 3246
3 3246 4888 5153
3 3246 5153 3244
3 3244 5153 4571
3 3244 4571 3242
3 5153 4888 4570
3 3245 3243 4893
3 4893 3243 5154
3 4893 5154 4892
3 4892 5154 4562
3 3228 4894 3226
3 3226 4894 5155
3 3226 5155 3224
3 3224 5155 4559
3 3224 4559 3222
3 5155 4894 4558
3 3225 3223 4899
3 4899 3223 5156
3 4899 5156 4898
3 4898 5156 4550
3 3208 4900 3206
3 3206 4900 5157
3 3206 5157 3204
3 3204 5157 4547
3 3204 4547 3202
3 5157 4900 4546
3 3205 3203 4905
3 4905 3203 5158
3 4905 5158 4904
3 4904 5158 4538
3 3188 4906 3186
3 3186 4906 5159
3 3186 5159 3184
3 3184 5159 4535
3 3184 4535 3182
3 5159 4906 4534
3 3185 3183 4911
3 4911 3183 5160
3 4911 5160 4910
3 4910 5160 4526
3 3168 4912 3166
3 3166 4912 5161
3 3166 5161 3164
3 3164 5161 4523
3 3164 4523 3162
3 5161 4912 4522
3 3165 3163 4917
3 4917 3163 5162
3 4917 5162 4916
3 4916 5162 4514
3 3148 4918 3146
3 3146 4918 5163
3 3146 5163 3144
3 3144 5163 4511
3 3144 4511 3142
3 5163 4918 4510
3 3145 3143 4923
3 4923 3143 5164
3 4923 5164 4922
3 4922 5164 4502
3 3128 4924 3126
3 3126 4924 5165
3 3126 5165 3124
3 3124 5165 4499
3 3124 4499 3122
3 5165 4924 4498
3 3125 3123 4929
3 4929 3123 5166
3 4929 5166 4928
3 4928 5166 4490
3 3107 4930 3105
3 3105 4930 5167
3 3105 5167 3103
3 3103 5167 4487
3 3103 4487 3101
3 5167 4930 4486
3 4137 4139 3102
3 3102 4139 3104
3 4138 4136 4935
3 4935 4136 5168
3 4935 5168 4934
3 4934 5168 4478
3 4122 4936 4120
3 4120 4936 5169
3 4120 5169 4118
3 4118 5169 4475
3 4118 4475 4116
3 5169 4936 4474
3 4117 4146 4119
3 4467 4468 4145
3 4467 4145 4147
3 4102 4938 4100
3 4100 4938 5170
3 4100 5170 4098
3 4098 5170 4464
3 4098 4464 4096
3 5170 4938 4463
3 4099 4097 4943
3 4943 4097 5171
3 4943 5171 4942
3 4942 5171 4455
3 4082 4944 4080
3 4080 4944 5172
3 4080 5172 4078
3 4078 5172 4452
3 4078 4452 4076
3 5172 4944 4451
3 4079 4077 4949
3 4949 4077 5173
3 4949 5173 4948
3 4948 5173 4443
3 4062 4950 4060
3 4060 4950 5174
3 4060 5174 4058
3 4058 5174 4440
3 4058 4440 4056
3 5174 4950 4439
3 4059 4057 4955
3 4955 4057 5175
3 4955 5175 4954
3 4954 5175 4431
3 4042 4956 4040
3 4040 4956 5176
3 4040 5176 4038
3 4038 5176 4428
3 4038 4428 4036
3 5176 4956 4427
3 4039 4037 4961
3 4961 4037 5177
3 4961 5177 4960
3 4960 5177 4419
3 4022 4962 4020
3 4020 4962 5178
3 4020 5178 4018
3 4018 5178 4416
3 4018 4416 4016
3 5178 4962 4415
3 4019 4017 4967
3 4967 4017 5179
3 4967 5179 4966
3 4966 5179 4407
3 4002 4968 4000
3 4000 4968 5180
3 4000 5180 3998
3 3998 5180 4404
3 3998 4404 3996
3 5180 4968 4403
3 3999 3997 4973
3 4973 3997 5181
3 4973 5181 4972
3 4972 5181 4395
3 3982 4974 3980
3 3980 4974 5182
3 3980 5182 3978
3 3978 5182 4392
3 3978 4392 3976
3 5182 4974 4391
3 3979 3977 4979
3 4979 3977 5183
3 4979 5183 4978
3 4978 5183 4383
3 3962 4980 3960
3 3960 4980 5184
3 3960 5184 3958
3 3958 5184 4380
3 3958 4380 3956
3 5184 4980 4379
3 3959 3957 4985
3 4985 3957 5185
3 4985 5185 4984
3 4984 5185 4371
3 3942 4986 3940
3 3940 4986 5186
3 3940 5186 3938
3 3938 5186 4368
3 3938 4368 3936
3 5186 4986 4367
3 3939 3937 4991
3 4991 3937 5187
3 4991 5187 4990
3 4990 5187 4359
3 3922 4992 3920
3 3920 4992 5188
3 3920 5188 3918
3 3918 5188 4356
3 3918 4356 3916
3 5188 4992 4355
3 3919 3917 4997
3 4997 3917 5189
3 4997 5189 4996
3 4996 5189 4347
3 3902 4998 3900
3 3900 4998 5190
3 3900 5190 3898
3 3898 5190 4344
3 3898 4344 3896
3 5190 4998 4343
3 3899 3897 5003
3 5003 3897 5191
3 5003 5191 5002
3 5002 5191 4335
3 3882 5004 3880
3 3880 5004 5192
3 3880 5192 3878
3 3878 5192 4332
3 3878 4332 3876
3 5192 5004 4331
3 3879 3877 5009
3 5009 3877 5193
3 5009 5193 5008
3 5008 5193 4323
3 3862 5010 3860
3 3860 5010 5194
3 3860 5194 3858
3 3858 5194 4320
3 3858 4320 3856
3 5194 5010 4319
3 3859 3857 5015
3 5015 3857 5195
3 5015 5195 5014
3 5014 5195 4311
3 3842 5016 3840
3 3840 5016 5196
3 3840 5196 3838
3 3838 5196 4308
3 3838 4308 3836
3 5196 5016 4307
3 3839 3837 5021
3 5021 3837 5197
3 5021 5197 5020
3 5020 5197 4299
3 3822 5022 3820
3 3820 5022 5198
3 3820 5198 3818
3 3818 5198 4296
3 3818 4296 3816
3 5198 5022 4295
3 3819 3817 5027
3 5027 3817 5199
3 5027 5199 5026
3 5026 5199 4287
3 3802 5028 3800
3 3800 5028 5200
3 3800 5200 3798
3 3798 5200 4284
3 3798 4284 3796
3 5200 5028 4283
3 3799 3797 5033
3 5033 3797 5201
3 5033 5201 5032
3 5032 5201 4275
3 3782 5034 3780
3 3780 5034 5202
3 3780 5202 3778
3 3778 5202 4272
3 3778 4272 3776
3 5202 5034 4271
3 3779 3777 5039
3 5039 3777 5203
3 5039 5203 5038
3 5038 5203 4263
3 3762 5040 3760
3 3760 5040 5204
3 3760 5204 3758
3 3758 5204 4260
3 3758 4260 3756
3 5204 5040 4259
3 3759 3757 5045
3 5045 3757 5205
3 5045 5205 5044
3 5044 5205 4251
3 3742 5046 3740
3 3740 5046 5206
3 3740 5206 3738
3 3738 5206 4248
3 3738 4248 3736
3 5206 5046 4247
3 3739 3737 5051
3 5051 3737 5207
3 5051 5207 5050
3 5050 5207 4239
3 3722 5052 3720
3 3720 5052 5208
3 3720 5208 3718
3 3718 5208 4236
3 3718 4236 3716
3 5208 5052 4235
3 3719 3717 5057
3 5057 3717 5209
3 5057 5209 5056
3 5056 5209 4227
3 3702 5058 3700
3 3700 5058 5210
3 3700 5210 3698
3 3698 5210 4224
3 3698 4224 3696
3 5210 5058 4223
3 3699 3697 5063
3 5063 3697 5211
3 5063 5211 5062
3 5062 5211 4215
3 3682 5064 3680
3 3680 5064 5212
3 3680 5212 3678
3 3678 5212 4212
3 3678 4212 3676
3 5212 5064 4211
3 3679 3677 5069
3 5069 3677 5213
3 5069 5213 5068
3 5068 5213 4203
3 3662 5070 3660
3 3660 5070 5214
3 3660 5214 3658
3 3658 5214 4200
3 3658 4200 3656
3 5214 5070 4199
3 3659 3657 5075
3 5075 3657 5215
3 5075 5215 5074
3 5074 5215 4191
3 3642 5076 3640
3 3640 5076 5216
3 3640 5216 3638
3 3638 5216 4188
3 3638 4188 3636
3 5216 5076 4187
3 3639 3637 5081
3 5081 3637 5217
3 5081 5217 5080
3 5080 5217 4179
3 3622 5082 3620
3 3620 5082 5218
3 3620 5218 3618
3 3618 5218 4176
3 3618 4176 3616
3 5218 5082 4175
3 3619 3617 5092
3 5092 3617 5219
3 5092 5219 5086
3 5086 5219 5088
3 5087 5089 5110
3 5110 5089 5220
3 5110 5220 5096
3 5096 5220 5098
3 5100 5102 5113
3 5100 5113 5099
3 5099 5113 5097
3 5101 5108 5114
3 5114 5108 5106
3 4777 4778 4785
3 4777 4785 3601
3 4773 3593 3595
3 4775 5119 4772
3 4772 5119 4774
3 4765 4766 5120
3 4765 5120 3581
3 3581 5120 3583
3 4761 3573 3575
3 4763 5121 4760
3 4760 5121 4762
3 4753 4754 5122
3 4753 5122 3561
3 3561 5122 3563
3 4749 3553 3555
3 4751 5123 4748
3 4748 5123 4750
3 4741 4742 5124
3 4741 5124 3541
3 3541 5124 3543
3 4737 3533 3535
3 4739 5125 4736
3 4736 5125 4738
3 4729 4730 5126
3 4729 5126 3521
3 3521 5126 3523
3 4725 3513 3515
3 4727 5127 4724
3 4724 5127 4726
3 4717 4718 5128
3 4717 5128 3501
3 3501 5128 3503
3 4713 3493 3495
3 4715 5129 4712
3 4712 5129 4714
3 4705 4706 5130
3 4705 5130 3481
3 3481 5130 3483
3 4701 3473 3475
3 4703 5131 4700
3 4700 5131 4702
3 4693 4694 5132
3 4693 5132 3461
3 3461 5132 3463
3 4689 3453 3455
3 4691 5133 4688
3 4688 5133 4690
3 4681 4682 5134
3 4681 5134 3441
3 3441 5134 3443
3 4677 3433 3435
3 4679 5135 4676
3 4676 5135 4678
3 4669 4670 5136
3 4669 5136 3421
3 3421 5136 3423
3 4665 3413 3415
3 4667 5137 4664
3 4664 5137 4666
3 4657 4658 5138
3 4657 5138 3401
3 3401 5138 3403
3 4653 3393 3395
3 4655 5139 4652
3 4652 5139 4654
3 4645 4646 5140
3 4645 5140 3381
3 3381 5140 3383
3 4641 3373 3375
3 4643 5141 4640
3 4640 5141 4642
3 4633 4634 5142
3 4633 5142 3361
3 3361 5142 3363
3 4629 3353 3355
3 4631 5143 4628
3 4628 5143 4630
3 4621 4622 5144
3 4621 5144 3341
3 3341 5144 3343
3 4617 3333 3335
3 4619 5145 4616
3 4616 5145 4618
3 4609 4610 5146
3 4609 5146 3321
3 3321 5146 3323
3 4605 3313 3315
3 4607 5147 4604
3 4604 5147 4606
3 4597 4598 5148
3 4597 5148 3301
3 3301 5148 3303
3 4593 3293 3295
3 4595 5149 4592
3 4592 5149 4594
3 4585 4586 5150
3 4585 5150 3281
3 3281 5150 3283
3 4581 3273 3275
3 4583 5151 4580
3 4580 5151 4582
3 4573 4574 5152
3 4573 5152 3261
3 3261 5152 3263
3 4569 3253 3255
3 4571 5153 4568
3 4568 5153 4570
3 4561 4562 5154
3 4561 5154 3241
3 3241 5154 3243
3 4557 3233 3235
3 4559 5155 4556
3 4556 5155 4558
3 4549 4550 5156
3 4549 5156 3221
3 3221 5156 3223
3 4545 3213 3215
3 4547 5157 4544
3 4544 5157 4546
3 4537 4538 5158
3 4537 5158 3201
3 3201 5158 3203
3 4533 3193 3195
3 4535 5159 4532
3 4532 5159 4534
3 4525 4526 5160
3 4525 5160 3181
3 3181 5160 3183
3 4521 3173 3175
3 4523 5161 4520
3 4520 5161 4522
3 4513 4514 5162
3 4513 5162 3161
3 3161 5162 3163
3 4509 3153 3155
3 4511 5163 4508
3 4508 5163 4510
3 4501 4502 5164
3 4501 5164 3141
3 3141 5164 3143
3 4497 3133 3135
3 4499 5165 4496
3 4496 5165 4498
3 4489 4490 5166
3 4489 5166 3121
3 3121 5166 3123
3 4485 3113 3115
3 4487 5167 4484
3 4484 5167 4486
3 4135 4137 3100
3 3100 4137 3102
3 4477 4478 5168
3 4477 5168 4134
3 4134 5168 4136
3 4473 4127 4129
3 4475 5169 4472
3 4472 5169 4474
3 4466 4467 4147
3 4466 4147 4115
3 4462 4107 4109
3 4464 5170 4461
3 4461 5170 4463
3 4454 4455 5171
3 4454 5171 4095
3 4095 5171 4097
3 4450 4087 4089
3 4452 5172 4449
3 4449 5172 4451
3 4442 4443 5173
3 4442 5173 4075
3 4075 5173 4077
3 4438 4067 4069
3 4440 5174 4437
3 4437 5174 4439
3 4430 4431 5175
3 4430 5175 4055
3 4055 5175 4057
3 4426 4047 4049
3 4428 5176 4425
3 4425 5176 4427
3 4418 4419 5177
3 4418 5177 4035
3 4035 5177 4037
3 4414 4027 4029
3 4416 5178 4413
3 4413 5178 4415
3 4406 4407 5179
3 4406 5179 4015
3 4015 5179 4017
3 4402 4007 4009
3 4404 5180 4401
3 4401 5180 4403
3 4394 4395 5181
3 4394 5181 3995
3 3995 5181 3997
3 4390 3987 3989
3 4392 5182 4389
3 4389 5182 4391
3 4382 4383 5183
3 4382 5183 3975
3 3975 5183 3977
3 4378 3967 3969
3 4380 5184 4377
3 4377 5184 4379
3 4370 4371 5185
3 4370 5185 3955
3 3955 5185 3957
3 4366 3947 3949
3 4368 5186 4365
3 4365 5186 4367
3 4358 4359 5187
3 4358 5187 3935
3 3935 5187 3937
3 4354 3927 3929
3 4356 5188 4353
3 4353 5188 4355
3 4346 4347 5189
3 4346 5189 3915
3 3915 5189 3917
3 4342 3907 3909
3 4344 5190 4341
3 4341 5190 4343
3 4334 4335 5191
3 4334 5191 3895
3 3895 5191 3897
3 4330 3887 3889
3 4332 5192 4329
3 4329 5192 4331
3 4322 4323 5193
3 4322 5193 3875
3 3875 5193 3877
3 4318 3867 3869
3 4320 5194 4317
3 4317 5194 4319
3 4310 4311 5195
3 4310 5195 3855
3 3855 5195 3857
3 4306 3847 3849
3 4308 5196 4305
3 4305 5196 4307
3 4298 4299 5197
3 4298 5197 3835
3 3835 5197 3837
3 4294 3827 3829
3 4296 5198 4293
3 4293 5198 4295
3 4286 4287 5199
3 4286 5199 3815
3 3815 5199 3817
3 4282 3807 3809
3 4284 5200 4281
3 4281 5200 4283
3 4274 4275 5201
3 4274 5201 3795
3 3795 5201 3797
3 4270 3787 3789
3 4272 5202 4269
3 4269 5202 4271
3 4262 4263 5203
3 4262 5203 3775
3 3775 5203 3777
3 4258 3767 3769
3 4260 5204 4257
3 4257 5204 4259
3 4250 4251 5205
3 4250 5205 3755
3 3755 5205 3757
3 4246 3747 3749
3 4248 5206 4245
3 4245 5206 4247
3 4238 4239 5207
3 4238 5207 3735
3 3735 5207 3737
3 4234 3727 3729
3 4236 5208 4233
3 4233 5208 4235
3 4226 4227 5209
3 4226 5209 3715
3 3715 5209 3717
3 4222 3707 3709
3 4224 5210 4221
3 4221 5210 4223
3 4214 4215 5211
3 4214 5211 3695
3 3695 5211 3697
3 4210 3687 3689
3 4212 5212 4209
3 4209 5212 4211
3 4202 4203 5213
3 4202 5213 3675
3 3675 5213 3677
3 4198 3667 3669
3 4200 5214 4197
3 4197 5214 4199
3 4190 4191 5215
3 4190 5215 3655
3 3655 5215 3657
3 4186 3647 3649
3 4188 5216 4185
3 4185 5216 4187
3 4178 4179 5217
3 4178 5217 3635
3 3635 5217 3637
3 4174 3627 3629
3 4176 5218 4173
3 4173 5218 4175
3 3617 3615 5219
3 5219 3615 5221
3 5219 5221 5088
3 5088 5221 5090
3 3612 5098 5220
3 3612 5220 5091
3 5091 5220 5089
3 3599 4777 3601
3 3579 4765 3581
3 3559 4753 3561
3 3539 4741 3541
3 3519 4729 3521
3 3499 4717 3501
3 3479 4705 3481
3 3459 4693 3461
3 3439 4681 3441
3 3419 4669 3421
3 3399 4657 3401
3 3379 4645 3381
3 3359 4633 3361
3 3339 4621 3341
3 3319 4609 3321
3 3299 4597 3301
3 3279 4585 3281
3 3259 4573 3261
3 3239 4561 3241
3 3219 4549 3221
3 3199 4537 3201
3 3179 4525 3181
3 3159 4513 3161
3 3139 4501 3141
3 3119 4489 3121
3 4133 4477 4134
3 4113 4466 4115
3 4093 4454 4095
3 4073 4442 4075
3 4053 4430 4055
3 4033 4418 4035
3 4013 4406 4015
3 3993 4394 3995
3 3973 4382 3975
3 3953 4370 3955
3 3933 4358 3935
3 3913 4346 3915
3 3893 4334 3895
3 3873 4322 3875
3 3853 4310 3855
3 3833 4298 3835
3 3813 4286 3815
3 3793 4274 3795
3 3773 4262 3775
3 3753 4250 3755
3 3733 4238 3735
3 3713 4226 3715
3 3693 4214 3695
3 3673 4202 3675
3 3653 4190 3655
3 3633 4178 3635
3 3613 5090 5221
3 5221 3615 3613
3 5222 5223 5224
3 5224 5223 5225
3 5224 5225 5226
3 5226 5225 5227
3 5226 5227 5228
3 5228 5227 5229
3 5228 5229 5230
3 5230 5229 5231
3 5230 5231 5232
3 5232 5231 5233
3 5232 5233 5234
3 5234 5233 5235
3 5234 5235 5236
3 5236 5235 5237
3 5236 5237 5238
3 5238 5237 5239
3 5238 5239 5240
3 5240 5239 5241
3 5240 5241 5242
3 5242 5241 5243
3 5242 5243 5244
3 5244 5243 5245
3 5244 5245 5246
3 5246 5245 5247
3 5246 5247 5248
3 5248 5247 5249
3 5248 5249 5250
3 5250 5249 5251
3 5250 5251 5252
3 5252 5251 5253
3 5252 5253 5254
3 5254 5253 3611
3 5254 3611 3096
3 5223 5222 5255
3 5255 5222 5256
3 5255 5256 5257
3 5257 5256 5258
3 5257 5258 5259
3 5259 5258 5260
3 5259 5260 5261
3 5261 5260 5262
3 5261 5262 5229
3 5229 5262 5231
3 5258 5263 5260
3 5260 5263 5264
3 5260 5264 5262
3 5262 5264 5265
3 5262 5265 5231
3 5231 5265 5233
3 5263 5266 5264
3 5264 5266 5267
3 5264 5267 5265
3 5265 5267 5268
3 5265 5268 5233
3 5233 5268 5235
3 5267 5266 5269
3 5269 5266 5270
3 5269 5270 5271
3 5271 5270 5272
3 5271 5272 5273
3 5273 5272 5274
3 5273 5274 5275
3 5275 5274 5276
3 5275 5276 5241
3 5241 5276 5243
3 5272 5277 5274
3 5274 5277 517
3 5274 517 5245
3 5245 3611 5247
3 5247 3611 5278
3 5247 5278 5249
3 5249 5278 5279
3 5249 5279 5251
3 5251 5279 5280
3 5251 5280 5253
3 5253 5280 3611
3 5224 5281 3096
3 3096 5281 5282
3 3096 5282 5283
3 5283 5282 5284
3 5283 5284 5285
3 5285 5284 5286
3 5285 5286 5287
3 5287 5286 5288
3 5287 5288 5289
3 5289 5288 5290
3 5289 5290 5291
3 5291 5290 5292
3 5291 5292 5254
3 5254 5292 5252
3 5293 3611 5294
3 5294 3611 5295
3 5294 5295 5293
3 5293 5295 5279
3 5293 5279 5278
3 5224 5226 5296
3 5296 5226 5228
3 5296 5228 5297
3 5297 5228 5230
3 5297 5230 5298
3 5298 5230 5232
3 5298 5232 5299
3 5299 5232 5234
3 5299 5234 5300
3 5300 5234 5236
3 5300 5236 5301
3 5301 5236 5238
3 5301 5238 5302
3 5302 5238 5240
3 5302 5240 5303
3 5303 5240 5242
3 5303 5242 5304
3 5304 5242 5244
3 5304 5244 5246
3 5274 5245 5276
3 5276 5245 5243
3 5261 5229 5227
3 5227 5225 5305
3 5305 5225 5223
3 5305 5223 5257
3 5257 5223 5255
3 5237 5235 5306
3 5306 5235 5268
3 5306 5268 5269
3 5269 5268 5267
3 5275 5241 5239
3 5239 5237 5307
3 5307 5237 5306
3 5307 5306 5271
3 5271 5306 5269
3 5224 5296 5308
3 5308 5296 5297
3 5308 5297 5309
3 5309 5297 5298
3 5309 5298 5310
3 5310 5298 5299
3 5310 5299 5311
3 5311 5299 5300
3 5311 5300 5312
3 5312 5300 5301
3 5312 5301 5313
3 5313 5301 5302
3 5313 5302 5314
3 5314 5302 5303
3 5314 5303 5315
3 5315 5303 5304
3 5315 5304 5248
3 5248 5304 5246
3 5307 5271 5273
3 5307 5273 5275
3 5305 5257 5259
3 5305 5259 5261
3 5283 5285 3096
3 3096 5285 5287
3 3096 5287 5289
3 5254 3096 5291
3 5291 3096 5289
3 5295 3611 5280
3 5279 5295 5280
3 3611 5293 5278
3 5239 5307 5275
3 5227 5305 5261
3 5224 5308 5281
3 5281 5308 5309
3 5281 5309 5316
3 5316 5309 5310
3 5316 5310 5317
3 5317 5310 5311
3 5317 5311 5318
3 5318 5311 5312
3 5318 5312 5319
3 5319 5312 5313
3 5319 5313 5320
3 5320 5313 5314
3 5320 5314 5321
3 5321 5314 5315
3 5321 5315 5250
3 5250 5315 5248
3 5250 5252 5321
3 5321 5252 5292
3 5321 5292 5320
3 5320 5292 5290
3 5320 5290 5319
3 5319 5290 5288
3 5319 5288 5318
3 5318 5288 5286
3 5318 5286 5317
3 5317 5286 5284
3 5317 5284 5316
3 5316 5284 5282
3 5316 5282 5281
3 3077 3079 5322
3 5322 3079 5222
3 5322 5222 5323
3 5323 5222 5324
3 5324 5222 5325
3 5325 5222 5326
3 5326 5222 5327
3 5327 5222 5328
3 5328 5222 5329
3 5329 5222 5330
3 5330 5222 5331
3 5331 5222 5332
3 5331 5332 5333
3 5333 5332 5334
3 5334 5332 5335
3 5335 5332 5336
3 5336 5332 5337
3 5337 5332 5338
3 5338 5332 5339
3 5338 5339 5340
3 5340 5339 5341
3 5340 5341 5342
3 5342 5341 5343
3 5343 5341 5344
3 5344 5341 5345
3 5345 5341 5346
3 5332 5347 5339
3 5339 5347 5348
3 5339 5348 5349
3 5349 5350 5339
3 5340 5342 5351
3 5351 5342 5352
3 5351 5352 5353
3 5353 5352 5354
3 5354 5352 5355
3 5354 5355 5356
3 5356 5355 5357
3 5356 5357 5358
3 5358 5357 5359
3 5358 5359 5360
3 5358 5360 5361
3 5361 5360 5362
3 5361 5362 5363
3 5363 5362 5364
3 5364 5362 5365
3 5365 5362 5366
3 5365 5366 5367
3 5367 5366 5368
3 5367 5368 5369
3 5369 5368 5370
3 5370 5368 5371
3 5371 5368 5372
3 5372 5368 5373
3 5373 5368 5374
3 5373 5374 5375
3 5375 5374 5376
3 5376 5374 5377
3 5377 5374 5378
3 5378 5374 5379
3 5378 5379 5380
3 5380 5379 5381
3 5380 5381 5382
3 5382 5381 5383
3 5382 5383 5384
3 5384 5383 5385
3 5384 5385 5386
3 5386 5385 5387
3 5386 5387 5388
3 5388 5387 5389
3 5389 5387 5390
3 5390 5387 5391
3 5391 5387 5392
3 5392 5387 5393
3 5392 5393 5394
3 5394 5393 5395
3 5395 5393 5396
3 5396 5393 5397
3 5396 5397 5398
3 5398 5397 5399
3 5399 5397 5400
3 5400 5397 5401
3 5401 5397 5402
3 5401 5402 5403
3 5403 5402 5404
3 5404 5402 5405
3 5406 5407 5366
3 5366 5407 5408
3 5366 5408 5409
3 5409 5368 5366
3 5393 5410 5397
3 5397 5410 5411
3 5411 5410 5412
3 5411 5412 5413
3 5413 5412 5414
3 5413 5414 5415
3 5415 5414 5416
3 5415 5416 5417
3 5417 5416 5418
3 5417 5418 5419
3 5419 5418 5420
3 5420 5418 5421
3 5421 5418 5422
3 5422 5418 5423
3 5422 5423 5424
3 5424 5423 5425
3 5425 5423 5426
3 5426 5423 5427
3 5427 5423 5428
3 5427 5428 5429
3 5429 5428 5430
3 5430 5428 5431
3 5430 5431 5432
3 5428 5423 5433
3 5433 5423 5434
3 5433 5434 5435
3 5435 5436 5433
3 5433 5436 5437
3 5438 5439 5433
3 5433 5439 5440
3 5433 5440 5428
3 5441 5442 5438
3 5438 5442 5443
3 5438 5443 5444
3 5444 5445 5438
3 5438 5445 5446
3 5438 5446 5447
3 5446 5445 5448
3 5448 5445 5449
3 5448 5449 5450
3 5450 5449 5451
3 5451 5449 5452
3 5452 5449 5453
3 5452 5453 5454
3 5454 5453 5455
3 5454 5455 5456
3 5457 3091 5456
3 5456 3091 3089
3 5456 3089 5454
3 5454 3089 3087
3 5454 3087 5458
3 5458 3087 3085
3 5458 3085 3083
3 5459 5460 5457
3 5457 5460 3095
3 5457 3095 3093
3 5461 5462 5459
3 5459 5462 5463
3 5459 5463 5460
3 3093 3091 5457
3 3083 3081 5458
3 5458 3081 3077
3 5458 3077 5322
3 5464 5465 5466
3 5466 5465 5467
3 5466 5467 5468
3 5469 5470 5464
3 5464 5470 5471
3 5464 5471 5472
3 5470 5469 5454
3 5454 5469 5473
3 5454 5473 5452
3 5447 5474 5438
3 5438 5474 5439
3 5430 5432 5475
3 5475 5432 5476
3 5475 5476 5477
3 5477 5476 5478
3 5477 5478 5479
3 5477 5479 5480
3 5480 5479 5481
3 5480 5481 5482
3 5482 5483 5480
3 5480 5483 5484
3 5484 5483 5485
3 5484 5485 5486
3 5487 5488 5429
3 5429 5488 5489
3 5429 5489 5427
3 5488 5487 5490
3 5490 5487 5491
3 5490 5491 5492
3 5492 5491 5493
3 5493 5491 5494
3 5493 5494 5495
3 5495 5494 5496
3 5496 5494 5497
3 5497 5494 5498
3 5497 5498 5499
3 5499 5498 5500
3 5388 5501 5386
3 5386 5501 5502
3 5386 5502 5503
3 5503 5504 5386
3 5386 5504 5505
3 5505 5504 5506
3 5505 5506 5507
3 5507 5508 5505
3 5509 5510 5369
3 5369 5510 5511
3 5369 5511 5367
3 5367 5511 5512
3 5512 5511 5513
3 5513 5511 5514
3 5513 5514 5515
3 5515 5514 5516
3 5515 5516 5517
3 5517 5516 5518
3 5518 5516 5519
3 5518 5519 5520
3 5520 5519 5521
3 5521 5519 5522
3 5522 5519 5523
3 5522 5523 5524
3 5524 5523 5525
3 5509 5526 5510
3 5510 5526 5527
3 5527 5526 5528
3 5527 5528 5529
3 5529 5528 5530
3 5529 5530 5531
3 5529 5531 5532
3 5532 5531 5533
3 5532 5533 5534
3 5534 5535 5532
3 5532 5535 5536
3 5536 5535 5537
3 5536 5537 5538
3 5361 5539 5358
3 5358 5539 5540
3 5540 5539 5541
3 5540 5541 5542
3 5542 5543 5540
3 5540 5543 5544
3 5540 5544 5545
3 5540 5545 5546
3 5546 5545 5547
3 5546 5547 5548
3 5548 5547 5549
3 5549 5547 5550
3 5549 5550 5551
3 5551 5550 5552
3 5552 5550 5553
3 5553 5550 5554
3 5554 5550 5555
3 5555 5550 5556
3 5555 5556 5557
3 5557 5556 5558
3 5558 5556 5559
3 5551 5560 5549
3 5549 5560 5561
3 5561 5560 5562
3 5561 5562 5563
3 5563 5562 5564
3 5564 5562 5565
3 5564 5565 5566
3 5566 5565 5567
3 5566 5567 5568
3 5568 5567 5569
3 5569 5567 5570
3 5569 5570 5470
3 5472 5571 5464
3 5464 5571 5572
3 5464 5572 5465
3 5468 5573 5466
3 5454 5569 5470
3 3072 5574 3096
3 3096 5574 5575
3 3096 5575 5576
3 3072 3074 5574
3 5574 3074 5577
3 5577 3074 3080
3 5577 3080 3082
3 3082 3084 5577
3 5577 3084 3086
3 5577 3086 5578
3 5578 3086 3088
3 5578 3088 5579
3 5579 3088 3090
3 5579 3090 5580
3 5580 3090 3092
3 5580 3092 3094
3 3094 5581 5580
3 5580 5581 5582
3 5582 5581 5583
3 5582 5583 5584
3 5584 5585 5582
3 5579 5586 5578
3 5578 5586 5587
3 5578 5587 5588
3 5588 5587 5589
3 5588 5589 5590
3 5590 5589 5591
3 5591 5589 5592
3 5592 5589 5593
3 5592 5593 5594
3 5594 5593 5595
3 5594 5595 5596
3 5596 5595 5597
3 5597 5595 5598
3 5598 5595 5599
3 5598 5599 5600
3 5600 5599 5601
3 5601 5599 5602
3 5601 5602 5603
3 5603 5602 5604
3 5604 5602 5605
3 5605 5602 5606
3 5606 5602 5607
3 5607 5602 5608
3 5607 5608 5609
3 5609 5608 5610
3 5610 5608 5611
3 5611 5608 5612
3 5612 5608 5613
3 5612 5613 5614
3 5614 5613 5615
3 5614 5615 5616
3 5616 5615 5617
3 5616 5617 5618
3 5618 5617 5619
3 5618 5619 5620
3 5620 5619 5621
3 5620 5621 5622
3 5622 5621 5623
3 5623 5621 5624
3 5624 5621 5625
3 5625 5621 5626
3 5625 5626 5627
3 5627 5626 5628
3 5628 5626 5629
3 5629 5626 5630
3 5630 5626 5631
3 5630 5631 5632
3 5632 5631 5633
3 5633 5631 5634
3 5634 5631 5635
3 5635 5631 5636
3 5635 5636 5637
3 5637 5636 5638
3 5638 5636 5639
3 5593 5640 5595
3 5595 5640 5641
3 5595 5641 5642
3 5642 5643 5595
3 5644 5645 5599
3 5599 5645 5646
3 5599 5646 5647
3 5647 5602 5599
3 5626 5648 5631
3 5631 5648 5649
3 5649 5648 5650
3 5649 5650 5651
3 5651 5650 5652
3 5651 5652 5653
3 5653 5652 5654
3 5653 5654 5655
3 5655 5654 5656
3 5655 5656 5657
3 5657 5656 5658
3 5658 5656 5659
3 5659 5656 5660
3 5660 5656 5661
3 5660 5661 5662
3 5662 5661 5663
3 5663 5661 5664
3 5664 5661 5665
3 5665 5661 5666
3 5665 5666 5667
3 5667 5666 5668
3 5668 5666 5669
3 5668 5669 5670
3 5666 5661 5671
3 5671 5661 5672
3 5671 5672 5673
3 5673 5674 5671
3 5671 5674 5675
3 5666 5671 5676
3 5676 5671 5677
3 5676 5677 5678
3 5678 5677 5679
3 5679 5677 5680
3 5680 5677 5681
3 5680 5681 5682
3 5682 5681 5683
3 5682 5683 5684
3 5682 5684 5685
3 5685 5684 5686
3 5685 5686 5687
3 5687 5686 5688
3 5687 5688 5689
3 5689 5688 5690
3 5690 5688 5691
3 5690 5691 5692
3 5692 5691 5693
3 5692 5693 5694
3 5691 5695 5693
3 5693 5695 5696
3 5693 5696 5697
3 5697 5698 5693
3 5699 5700 5694
3 5694 5700 5701
3 5694 5701 5702
3 5702 5703 5694
3 5694 5703 5704
3 5694 5704 5692
3 3096 5705 5703
3 5703 5705 5706
3 5703 5706 5707
3 5708 5709 5710
3 5710 5709 5711
3 5710 5711 5712
3 5712 5711 5713
3 5712 5713 5714
3 5714 5713 5715
3 5714 5715 5601
3 5588 5716 5578
3 5578 5716 5717
3 5578 5717 5718
3 5718 5717 5719
3 5718 5719 5720
3 5720 5719 5721
3 5721 5719 5722
3 5722 5719 5723
3 5723 5719 5724
3 5724 5719 5725
3 5724 5725 5726
3 5726 5725 5727
3 5727 5725 5728
3 5578 5718 5729
3 5729 5718 5730
3 5729 5730 5731
3 5732 5733 5731
3 5731 5733 5734
3 5731 5734 5729
3 5733 5732 5735
3 5735 5732 5736
3 5735 5736 5737
3 5737 5736 5738
3 5738 5736 5739
3 5738 5739 5740
3 5740 5739 5741
3 5740 5741 5742
3 5742 5741 5743
3 5742 5743 5744
3 5744 5745 5742
3 5742 5745 5746
3 5742 5746 5747
3 5747 5746 5748
3 5747 5748 5749
3 5749 5750 5747
3 5742 5751 5740
3 5740 5751 5752
3 5752 5751 5753
3 5753 5751 5754
3 5753 5754 5755
3 5755 5754 5756
3 5755 5756 5757
3 5757 5758 5755
3 5755 5758 5759
3 5755 5759 5760
3 5755 5760 5682
3 5682 5760 5680
3 5668 5670 5761
3 5761 5670 5762
3 5761 5762 5763
3 5763 5762 5764
3 5763 5764 5765
3 5763 5765 5766
3 5766 5765 5767
3 5766 5767 5768
3 5768 5769 5766
3 5766 5769 5770
3 5770 5769 5771
3 5770 5771 5772
3 5773 5774 5667
3 5667 5774 5775
3 5667 5775 5665
3 5774 5773 5776
3 5776 5773 5777
3 5776 5777 5778
3 5778 5777 5779
3 5779 5777 5780
3 5779 5780 5781
3 5781 5780 5782
3 5782 5780 5783
3 5783 5780 5784
3 5783 5784 5785
3 5785 5784 5786
3 5622 5787 5620
3 5620 5787 5788
3 5620 5788 5789
3 5789 5790 5620
3 5620 5790 5791
3 5791 5790 5792
3 5791 5792 5793
3 5793 5794 5791
3 5795 5796 5603
3 5603 5796 5714
3 5603 5714 5601
3 5795 5797 5796
3 5796 5797 5798
3 5798 5797 5799
3 5798 5799 5800
3 5800 5799 5801
3 5800 5801 5802
3 5800 5802 5803
3 5803 5802 5804
3 5803 5804 5805
3 5805 5806 5803
3 5803 5806 5807
3 5807 5806 5808
3 5807 5808 5809
3 5710 5810 5708
3 5708 5810 5811
3 5811 5810 5812
3 5812 5810 5813
3 5813 5810 5814
3 5813 5814 5815
3 5815 5814 5816
3 5576 5817 3096
3 3096 5817 5818
3 3096 5818 5819
3 5819 5820 3096
3 3096 5820 5821
3 3096 5821 5822
3 5822 5705 3096
3 5707 5823 5703
3 5703 5823 5824
3 5703 5824 5825
3 5825 5704 5703
3 517 516 5245
3 5245 516 5826
3 5245 5826 3611
3 316 5827 456
3 456 5827 5828
3 456 5828 5829
3 316 477 5827
3 5827 477 5830
3 5830 477 478
3 5830 478 479
3 479 480 5830
3 5830 480 481
3 5830 481 5831
3 5831 481 482
3 5831 482 5832
3 5832 482 483
3 5832 483 5833
3 5833 483 484
3 5833 484 485
3 485 5834 5833
3 5833 5834 5835
3 5835 5834 5836
3 5835 5836 5837
3 5837 5838 5835
3 5832 5839 5831
3 5831 5839 5840
3 5831 5840 5841
3 5841 5840 5842
3 5841 5842 5843
3 5843 5842 5844
3 5844 5842 5845
3 5845 5842 5846
3 5845 5846 5847
3 5847 5846 5848
3 5847 5848 5849
3 5849 5848 5850
3 5850 5848 5851
3 5851 5848 5852
3 5851 5852 5853
3 5853 5852 5854
3 5854 5852 5855
3 5854 5855 5856
3 5856 5855 5857
3 5857 5855 5858
3 5858 5855 5859
3 5859 5855 5860
3 5860 5855 5861
3 5860 5861 5862
3 5862 5861 5863
3 5863 5861 5864
3 5864 5861 5865
3 5865 5861 5866
3 5865 5866 5867
3 5867 5866 5868
3 5867 5868 5869
3 5869 5868 5870
3 5869 5870 5871
3 5871 5870 5872
3 5871 5872 5873
3 5873 5872 5874
3 5873 5874 5875
3 5875 5874 5876
3 5876 5874 5877
3 5877 5874 5878
3 5878 5874 5879
3 5879 5874 5880
3 5879 5880 5881
3 5881 5880 5882
3 5882 5880 5883
3 5883 5880 5884
3 5883 5884 5885
3 5885 5884 5886
3 5886 5884 5887
3 5887 5884 5888
3 5888 5884 5889
3 5888 5889 5890
3 5890 5889 5891
3 5891 5889 5892
3 5846 5893 5848
3 5848 5893 5894
3 5848 5894 5895
3 5895 5896 5848
3 5897 5898 5852
3 5852 5898 5899
3 5852 5899 5900
3 5900 5855 5852
3 5880 5901 5884
3 5884 5901 5902
3 5902 5901 5903
3 5902 5903 5904
3 5904 5903 5905
3 5904 5905 5906
3 5906 5905 5907
3 5906 5907 5908
3 5908 5907 5909
3 5908 5909 5910
3 5910 5909 5911
3 5911 5909 5912
3 5912 5909 5913
3 5913 5909 5914
3 5913 5914 5915
3 5915 5914 5916
3 5916 5914 5917
3 5917 5914 5918
3 5918 5914 5919
3 5918 5919 5920
3 5920 5919 5921
3 5921 5919 5922
3 5921 5922 5923
3 5919 5914 5924
3 5924 5914 5925
3 5924 5925 5926
3 5926 5927 5924
3 5924 5927 5928
3 5919 5924 5929
3 5929 5924 5930
3 5929 5930 5931
3 5931 5930 5932
3 5932 5930 5933
3 5933 5930 5934
3 5933 5934 5935
3 5935 5934 5936
3 5935 5936 5937
3 5935 5937 5938
3 5938 5937 5939
3 5938 5939 5940
3 5940 5939 5941
3 5940 5941 5942
3 5942 5941 5943
3 5943 5941 5944
3 5943 5944 5945
3 5945 5944 5946
3 5945 5946 5947
3 5944 5948 5946
3 5946 5948 5949
3 5946 5949 5950
3 5950 5951 5946
3 5952 5953 5947
3 5947 5953 5954
3 5947 5954 5955
3 5955 476 5947
3 5947 476 5956
3 5947 5956 5945
3 456 5957 476
3 476 5957 5958
3 476 5958 5959
3 5829 5960 456
3 456 5960 5961
3 456 5961 5962
3 5962 5963 456
3 456 5963 5964
3 456 5964 5965
3 5965 5957 456
3 5959 5966 476
3 476 5966 5967
3 476 5967 5968
3 5968 5956 476
3 5933 5935 5969
3 5969 5935 5970
3 5969 5970 5971
3 5971 5970 5972
3 5972 5970 5973
3 5973 5970 5974
3 5974 5970 5975
3 5975 5970 5976
3 5975 5976 5977
3 5977 5976 5978
3 5977 5978 5979
3 5980 5981 5979
3 5979 5981 5982
3 5979 5982 5983
3 5983 5982 5984
3 5983 5984 5985
3 5981 5980 5986
3 5986 5980 5987
3 5986 5987 5988
3 5986 5988 5989
3 5989 5988 5990
3 5989 5990 5991
3 5991 5990 5992
3 5991 5992 5993
3 5831 5994 5993
3 5993 5994 5995
3 5993 5995 5991
3 5996 5997 5998
3 5998 5997 5999
3 5998 5999 6000
3 6001 6002 5996
3 5996 6002 6003
3 5996 6003 5997
3 6002 6001 6004
3 6004 6001 6005
3 6004 6005 6006
3 6006 6005 5856
3 5856 6005 6007
3 5856 6007 5854
3 5854 6007 6008
3 6008 6007 6009
3 6009 6007 6010
3 6009 6010 6011
3 6011 6010 6012
3 6011 6012 6013
3 6013 6012 6014
3 6014 6012 6015
3 6014 6015 6016
3 6016 6015 6017
3 6017 6015 6018
3 6018 6015 6019
3 6018 6019 6020
3 6020 6019 6021
3 5841 6022 5831
3 5831 6022 6023
3 5831 6023 5994
3 5994 6023 6024
3 5994 6024 6025
3 6025 6024 6026
3 6026 6024 6027
3 6027 6024 6028
3 6028 6024 6029
3 6029 6024 6030
3 6029 6030 6031
3 6031 6030 6032
3 6032 6030 6033
3 5985 6034 5983
3 5983 6034 6035
3 5983 6035 6036
3 6036 6035 6037
3 6036 6037 6038
3 6038 6039 6036
3 5983 5977 5979
3 5921 5923 6040
3 6040 5923 6041
3 6040 6041 6042
3 6042 6041 6043
3 6042 6043 6044
3 6042 6044 6045
3 6045 6044 6046
3 6045 6046 6047
3 6047 6048 6045
3 6045 6048 6049
3 6049 6048 6050
3 6049 6050 6051
3 6052 6053 5920
3 5920 6053 6054
3 5920 6054 5918
3 6053 6052 6055
3 6055 6052 6056
3 6055 6056 6057
3 6057 6056 6058
3 6058 6056 6059
3 6058 6059 6060
3 6060 6059 6061
3 6061 6059 6062
3 6062 6059 6063
3 6062 6063 6064
3 6064 6063 6065
3 5875 6066 5873
3 5873 6066 6067
3 5873 6067 6068
3 6068 6069 5873
3 5873 6069 6070
3 6070 6069 6071
3 6070 6071 6072
3 6072 6073 6070
3 6000 6074 5998
3 5998 6074 6075
3 6075 6074 6076
3 6075 6076 6077
3 3075 6078 3076
3 3076 6078 6079
3 3076 6079 3078
3 3078 6079 6080
3 3078 6080 3079
3 3079 6080 6081
3 6081 6080 6082
3 6081 6082 6083
3 6083 6082 6084
3 6083 6084 6085
3 6085 6084 6086
3 6085 6086 6087
3 6087 6086 6088
3 6087 6088 6089
3 6089 6088 6090
3 6089 6090 6091
3 6091 6090 6092
3 6091 6092 6093
3 6093 6092 6094
3 6093 6094 6095
3 6095 6094 6096
3 6095 6096 6097
3 6097 6096 6098
3 6097 6098 6099
3 6099 6098 6100
3 6099 6100 6101
3 6101 6100 6102
3 6101 6102 6103
3 6103 6102 6104
3 6103 6104 6105
3 6105 6104 6106
3 6105 6106 6107
3 6107 6106 6108
3 6107 6108 6109
3 6109 6108 6110
3 6109 6110 6111
3 6111 6110 6112
3 6111 6112 6113
3 6113 6112 6114
3 6113 6114 6115
3 6115 6114 6116
3 6115 6116 6117
3 6117 6116 6118
3 6117 6118 6119
3 6119 6118 6120
3 6119 6120 6121
3 6121 6120 6122
3 6121 6122 6123
3 6123 6122 6124
3 6123 6124 6125
3 6125 6124 6126
3 6125 6126 4152
3 4152 6126 4153
3 4153 6126 4154
3 4154 6126 4155
3 4155 6126 4156
3 4156 6126 4157
3 4157 6126 4158
3 4158 6126 4159
3 4159 6126 4160
3 4160 6126 6127
3 4160 6127 4161
3 4161 6127 4162
3 4162 6127 4163
3 4163 6127 6128
3 4163 6128 6129
3 6129 6128 6130
3 6129 6130 6131
3 6131 6130 6132
3 6131 6132 6133
3 6133 6132 6134
3 6133 6134 6135
3 6135 6134 6136
3 6135 6136 6137
3 6137 6136 6138
3 6137 6138 6139
3 6139 6138 6140
3 6139 6140 6141
3 6141 6140 6142
3 6141 6142 6143
3 6143 6142 6144
3 6143 6144 6145
3 6145 6144 6090
3 6145 6090 6088
3 3073 6146 3075
3 3075 6146 6147
3 3075 6147 6078
3 6078 6147 6148
3 6078 6148 6149
3 6149 6148 6150
3 6149 6150 6151
3 6151 6150 6152
3 6151 6152 6153
3 6153 6152 6145
3 6153 6145 6088
3 3072 6154 3073
3 3073 6154 6155
3 3073 6155 6156
3 6156 6155 6157
3 6156 6157 6158
3 6158 6157 6159
3 6158 6159 6160
3 6160 6159 6161
3 6160 6161 6162
3 6162 6161 6139
3 6162 6139 6141
3 4167 6163 3072
3 3072 6163 6164
3 3072 6164 6165
3 6165 6164 6166
3 6165 6166 6167
3 6167 6166 6168
3 6167 6168 6169
3 6169 6168 6170
3 6169 6170 6171
3 6171 6170 6133
3 6171 6133 6135
3 4166 6172 4167
3 4167 6172 6173
3 4167 6173 6163
3 6163 6173 6164
3 4163 6129 4166
3 4166 6129 6174
3 4166 6174 6172
3 6172 6174 6168
3 6172 6168 6166
3 4152 4151 6125
3 6125 4151 4150
3 6125 4150 4149
3 4149 4148 6125
3 6125 4148 3606
3 6125 3606 6175
3 6175 3606 3607
3 6175 3607 6176
3 6176 3607 6177
3 6176 6177 6178
3 6178 6177 6179
3 6178 6179 6180
3 6180 6179 6181
3 6180 6181 6182
3 6182 6181 6183
3 6182 6183 6184
3 6184 6183 6185
3 6184 6185 6186
3 6186 6185 6113
3 6186 6113 6115
3 3607 3608 6177
3 6177 3608 6179
3 3108 6187 3608
3 3608 6187 6188
3 3608 6188 6179
3 6179 6188 6181
3 6185 6183 3108
3 3108 6183 6189
3 3108 6189 6187
3 6187 6189 6188
3 6185 6111 6113
3 6109 6190 6107
3 6107 6190 6191
3 6107 6191 6105
3 6105 6191 6192
3 6105 6192 6103
3 6103 6192 6193
3 6103 6193 6101
3 6101 6193 6194
3 6101 6194 6099
3 6099 6194 6195
3 6099 6195 6097
3 6097 6195 6095
3 6190 531 6191
3 6191 531 6196
3 6191 6196 6192
3 6192 6196 6197
3 6192 6197 6193
3 6193 6197 6194
3 6095 6195 6093
3 6093 6195 6198
3 6093 6198 6091
3 6091 6198 6089
3 6089 6198 6087
3 6087 6198 6083
3 6087 6083 6085
3 6154 3072 6165
3 6166 6164 6173
3 6165 6167 6154
3 6154 6167 6199
3 6154 6199 6155
3 6155 6199 6157
3 6146 3073 6156
3 6156 6158 6146
3 6146 6158 6200
3 6146 6200 6147
3 6147 6200 6148
3 6078 6149 6079
3 6079 6149 6201
3 6079 6201 6080
3 6080 6201 6082
3 6173 6172 6166
3 6199 6167 6169
3 6170 6168 6174
3 6157 6199 6202
3 6202 6199 6169
3 6202 6169 6171
3 6157 6202 6159
3 6159 6202 6203
3 6159 6203 6161
3 6161 6203 6137
3 6161 6137 6139
3 6203 6202 6171
3 6200 6158 6160
3 6148 6200 6204
3 6204 6200 6160
3 6204 6160 6162
3 6148 6204 6150
3 6150 6204 6205
3 6150 6205 6152
3 6152 6205 6143
3 6152 6143 6145
3 6205 6204 6162
3 6201 6149 6151
3 6082 6201 6206
3 6206 6201 6151
3 6206 6151 6153
3 6086 6084 6206
3 6206 6084 6082
3 6086 6206 6153
3 6170 6174 6131
3 6131 6174 6129
3 6131 6133 6170
3 6203 6171 6135
3 6135 6137 6203
3 6205 6162 6141
3 6141 6143 6205
3 6086 6153 6088
3 6130 6128 6207
3 6207 6128 6127
3 6207 6127 6208
3 6208 6127 6126
3 6208 6126 6124
3 6132 6130 6209
3 6209 6130 6207
3 6209 6207 6210
3 6210 6207 6208
3 6210 6208 6211
3 6211 6208 6124
3 6211 6124 6122
3 6134 6132 6212
3 6212 6132 6209
3 6212 6209 6213
3 6213 6209 6210
3 6213 6210 6214
3 6214 6210 6211
3 6214 6211 6215
3 6215 6211 6122
3 6215 6122 6120
3 6136 6134 6216
3 6216 6134 6212
3 6216 6212 6217
3 6217 6212 6213
3 6217 6213 6218
3 6218 6213 6214
3 6218 6214 6219
3 6219 6214 6215
3 6219 6215 6220
3 6220 6215 6120
3 6220 6120 6118
3 6138 6136 6221
3 6221 6136 6216
3 6221 6216 6222
3 6222 6216 6217
3 6222 6217 6223
3 6223 6217 6218
3 6223 6218 6224
3 6224 6218 6219
3 6224 6219 6225
3 6225 6219 6220
3 6225 6220 6226
3 6226 6220 6118
3 6226 6118 6116
3 6140 6138 6227
3 6227 6138 6221
3 6227 6221 6228
3 6228 6221 6222
3 6228 6222 6229
3 6229 6222 6223
3 6229 6223 6230
3 6230 6223 6224
3 6230 6224 6231
3 6231 6224 6225
3 6231 6225 6232
3 6232 6225 6226
3 6232 6226 6233
3 6233 6226 6116
3 6233 6116 6114
3 6142 6140 6234
3 6234 6140 6227
3 6234 6227 6235
3 6235 6227 6228
3 6235 6228 6236
3 6236 6228 6229
3 6236 6229 6237
3 6237 6229 6230
3 6237 6230 6238
3 6238 6230 6231
3 6238 6231 6239
3 6239 6231 6232
3 6239 6232 6240
3 6240 6232 6233
3 6240 6233 6241
3 6241 6233 6114
3 6241 6114 6112
3 6144 6142 6242
3 6242 6142 6234
3 6242 6234 6243
3 6243 6234 6235
3 6243 6235 6244
3 6244 6235 6236
3 6244 6236 6245
3 6245 6236 6237
3 6245 6237 6246
3 6246 6237 6238
3 6246 6238 6247
3 6247 6238 6239
3 6247 6239 6248
3 6248 6239 6240
3 6248 6240 6249
3 6249 6240 6241
3 6249 6241 6110
3 6110 6241 6112
3 6090 6144 6092
3 6092 6144 6242
3 6092 6242 6094
3 6094 6242 6243
3 6094 6243 6096
3 6096 6243 6244
3 6096 6244 6098
3 6098 6244 6245
3 6098 6245 6100
3 6100 6245 6246
3 6100 6246 6102
3 6102 6246 6247
3 6102 6247 6104
3 6104 6247 6248
3 6104 6248 6106
3 6106 6248 6249
3 6106 6249 6108
3 6108 6249 6110
3 6125 6175 6123
3 6123 6175 6250
3 6123 6250 6121
3 6121 6250 6251
3 6121 6251 6119
3 6119 6251 6252
3 6119 6252 6117
3 6117 6252 6253
3 6117 6253 6115
3 6115 6253 6186
3 6176 6178 6250
3 6250 6178 6251
3 6252 6251 6180
3 6180 6251 6178
3 6175 6176 6250
3 6252 6180 6182
3 6183 6181 6189
3 6189 6181 6188
3 6252 6182 6253
3 6253 6182 6184
3 6253 6184 6186
3 135 142 5831
3 5831 142 5830
3 5970 214 5976
3 5976 214 220
3 5976 220 222
3 5976 222 5978
3 5978 222 223
3 5978 223 5979
3 5979 223 235
3 5979 235 5980
3 5980 235 237
3 5980 237 5987
3 5987 237 238
3 5987 238 5988
3 5988 238 240
3 5988 240 5990
3 5990 240 242
3 5990 242 5992
3 5992 242 243
3 5992 243 5993
3 5993 243 5831
3 5831 243 135
3 39 214 5935
3 5935 214 5970
3 5945 21 5943
3 5943 21 32
3 5943 32 5942
3 5942 32 34
3 5942 34 5940
3 5940 34 35
3 5940 35 5938
3 5938 35 37
3 5938 37 5935
3 5935 37 39
3 19 21 5956
3 5956 21 5945
3 5958 14 5959
3 5959 14 15
3 5959 15 5966
3 5966 15 16
3 5966 16 5967
3 5967 16 17
3 5967 17 5968
3 5968 17 18
3 5968 18 5956
3 5956 18 19
3 12 14 5957
3 5957 14 5958
3 5830 142 5827
3 5827 142 2
3 5827 2 4
3 5827 4 5828
3 5828 4 5
3 5828 5 5829
3 5829 5 6
3 5829 6 5960
3 5960 6 7
3 5960 7 5961
3 5961 7 8
3 5961 8 5962
3 5962 8 9
3 5962 9 5963
3 5963 9 10
3 5963 10 5964
3 5964 10 11
3 5964 11 5965
3 5965 11 5957
3 5957 11 12
3 5471 5720 5472
3 5472 5720 5721
3 5472 5721 5571
3 5571 5721 5722
3 5571 5722 5572
3 5572 5722 5723
3 5572 5723 5465
3 5465 5723 5724
3 5465 5724 5467
3 5467 5724 5726
3 5467 5726 5468
3 5468 5726 5727
3 5468 5727 5573
3 5573 5727 5728
3 5573 5728 5466
3 5466 5728 5725
3 5551 5741 5560
3 5560 5741 5739
3 5560 5739 5562
3 5562 5739 5736
3 5562 5736 5565
3 5565 5736 5732
3 5565 5732 5567
3 5567 5732 5731
3 5567 5731 5570
3 5570 5731 5730
3 5570 5730 5470
3 5470 5730 5718
3 5470 5718 5471
3 5471 5718 5720
3 5556 5747 5559
3 5559 5747 5750
3 5559 5750 5558
3 5558 5750 5749
3 5558 5749 5557
3 5557 5749 5748
3 5557 5748 5555
3 5555 5748 5746
3 5555 5746 5554
3 5554 5746 5745
3 5554 5745 5553
3 5553 5745 5744
3 5553 5744 5552
3 5552 5744 5743
3 5552 5743 5551
3 5551 5743 5741
3 5517 5764 5515
3 5515 5764 5762
3 5515 5762 5513
3 5513 5762 5670
3 5513 5670 5512
3 5512 5670 5669
3 5512 5669 5367
3 5367 5669 5666
3 5367 5666 5365
3 5365 5666 5676
3 5365 5676 5364
3 5364 5676 5678
3 5364 5678 5363
3 5363 5678 5679
3 5363 5679 5361
3 5361 5679 5680
3 5361 5680 5539
3 5539 5680 5760
3 5539 5760 5541
3 5541 5760 5759
3 5541 5759 5542
3 5542 5759 5758
3 5542 5758 5543
3 5543 5758 5757
3 5543 5757 5544
3 5544 5757 5756
3 5544 5756 5545
3 5545 5756 5754
3 5545 5754 5547
3 5547 5754 5751
3 5547 5751 5550
3 5550 5751 5742
3 5550 5742 5556
3 5556 5742 5747
3 5519 5766 5523
3 5523 5766 5770
3 5523 5770 5525
3 5525 5770 5772
3 5525 5772 5524
3 5524 5772 5771
3 5524 5771 5522
3 5522 5771 5769
3 5522 5769 5521
3 5521 5769 5768
3 5521 5768 5520
3 5520 5768 5767
3 5520 5767 5518
3 5518 5767 5765
3 5518 5765 5517
3 5517 5765 5764
3 5532 5780 5529
3 5529 5780 5777
3 5529 5777 5527
3 5527 5777 5773
3 5527 5773 5510
3 5510 5773 5667
3 5510 5667 5511
3 5511 5667 5668
3 5511 5668 5514
3 5514 5668 5761
3 5514 5761 5516
3 5516 5761 5763
3 5516 5763 5519
3 5519 5763 5766
3 5530 5778 5531
3 5531 5778 5779
3 5531 5779 5533
3 5533 5779 5781
3 5533 5781 5534
3 5534 5781 5782
3 5534 5782 5535
3 5535 5782 5783
3 5535 5783 5537
3 5537 5783 5785
3 5537 5785 5538
3 5538 5785 5786
3 5538 5786 5536
3 5536 5786 5784
3 5536 5784 5532
3 5532 5784 5780
3 5505 5636 5386
3 5386 5636 5631
3 5386 5631 5384
3 5384 5631 5649
3 5384 5649 5382
3 5382 5649 5651
3 5382 5651 5380
3 5380 5651 5653
3 5380 5653 5378
3 5378 5653 5655
3 5378 5655 5377
3 5377 5655 5657
3 5377 5657 5376
3 5376 5657 5658
3 5376 5658 5375
3 5375 5658 5659
3 5375 5659 5373
3 5373 5659 5660
3 5373 5660 5372
3 5372 5660 5662
3 5372 5662 5371
3 5371 5662 5663
3 5371 5663 5370
3 5370 5663 5664
3 5370 5664 5369
3 5369 5664 5665
3 5369 5665 5509
3 5509 5665 5775
3 5509 5775 5526
3 5526 5775 5774
3 5526 5774 5528
3 5528 5774 5776
3 5528 5776 5530
3 5530 5776 5778
3 5388 5630 5501
3 5501 5630 5632
3 5501 5632 5502
3 5502 5632 5633
3 5502 5633 5503
3 5503 5633 5634
3 5503 5634 5504
3 5504 5634 5635
3 5504 5635 5506
3 5506 5635 5637
3 5506 5637 5507
3 5507 5637 5638
3 5507 5638 5508
3 5508 5638 5639
3 5508 5639 5505
3 5505 5639 5636
3 5396 5622 5395
3 5395 5622 5623
3 5395 5623 5394
3 5394 5623 5624
3 5394 5624 5392
3 5392 5624 5625
3 5392 5625 5391
3 5391 5625 5627
3 5391 5627 5390
3 5390 5627 5628
3 5390 5628 5389
3 5389 5628 5629
3 5389 5629 5388
3 5388 5629 5630
3 5402 5791 5405
3 5405 5791 5794
3 5405 5794 5404
3 5404 5794 5793
3 5404 5793 5403
3 5403 5793 5792
3 5403 5792 5401
3 5401 5792 5790
3 5401 5790 5400
3 5400 5790 5789
3 5400 5789 5399
3 5399 5789 5788
3 5399 5788 5398
3 5398 5788 5787
3 5398 5787 5396
3 5396 5787 5622
3 5492 5801 5490
3 5490 5801 5799
3 5490 5799 5488
3 5488 5799 5797
3 5488 5797 5489
3 5489 5797 5795
3 5489 5795 5427
3 5427 5795 5603
3 5427 5603 5426
3 5426 5603 5604
3 5426 5604 5425
3 5425 5604 5605
3 5425 5605 5424
3 5424 5605 5606
3 5424 5606 5422
3 5422 5606 5607
3 5422 5607 5421
3 5421 5607 5609
3 5421 5609 5420
3 5420 5609 5610
3 5420 5610 5419
3 5419 5610 5611
3 5419 5611 5417
3 5417 5611 5612
3 5417 5612 5415
3 5415 5612 5614
3 5415 5614 5413
3 5413 5614 5616
3 5413 5616 5411
3 5411 5616 5618
3 5411 5618 5397
3 5397 5618 5620
3 5397 5620 5402
3 5402 5620 5791
3 5494 5803 5498
3 5498 5803 5807
3 5498 5807 5500
3 5500 5807 5809
3 5500 5809 5499
3 5499 5809 5808
3 5499 5808 5497
3 5497 5808 5806
3 5497 5806 5496
3 5496 5806 5805
3 5496 5805 5495
3 5495 5805 5804
3 5495 5804 5493
3 5493 5804 5802
3 5493 5802 5492
3 5492 5802 5801
3 5480 5810 5477
3 5477 5810 5710
3 5477 5710 5475
3 5475 5710 5712
3 5475 5712 5430
3 5430 5712 5714
3 5430 5714 5429
3 5429 5714 5796
3 5429 5796 5487
3 5487 5796 5798
3 5487 5798 5491
3 5491 5798 5800
3 5491 5800 5494
3 5494 5800 5803
3 5478 5709 5479
3 5479 5709 5708
3 5479 5708 5481
3 5481 5708 5811
3 5481 5811 5482
3 5482 5811 5812
3 5482 5812 5483
3 5483 5812 5813
3 5483 5813 5485
3 5485 5813 5815
3 5485 5815 5486
3 5486 5815 5816
3 5486 5816 5484
3 5484 5816 5814
3 5484 5814 5480
3 5480 5814 5810
3 5466 5725 5464
3 5464 5725 5719
3 5464 5719 5469
3 5469 5719 5717
3 5469 5717 5473
3 5473 5717 5716
3 5473 5716 5452
3 5452 5716 5588
3 5452 5588 5451
3 5451 5588 5590
3 5451 5590 5450
3 5450 5590 5591
3 5450 5591 5448
3 5448 5591 5592
3 5448 5592 5446
3 5446 5592 5594
3 5446 5594 5447
3 5447 5594 5596
3 5447 5596 5474
3 5474 5596 5597
3 5474 5597 5439
3 5439 5597 5598
3 5439 5598 5440
3 5440 5598 5600
3 5440 5600 5428
3 5428 5600 5601
3 5428 5601 5431
3 5431 5601 5715
3 5431 5715 5432
3 5432 5715 5713
3 5432 5713 5476
3 5476 5713 5711
3 5476 5711 5478
3 5478 5711 5709
3 6254 504 6255
3 6255 504 505
3 6255 505 6256
3 6256 505 507
3 6256 507 6257
3 6257 507 508
3 6257 508 6258
3 6258 508 509
3 6258 509 6259
3 6259 509 511
3 6259 511 6260
3 6260 511 514
3 6260 514 6261
3 6261 514 832
3 6261 832 6262
3 6262 832 831
3 6262 831 6263
3 6263 831 833
3 6263 833 6264
3 6264 833 835
3 6264 835 6265
3 6265 835 837
3 6265 837 6266
3 6266 837 839
3 6266 839 6267
3 6267 839 841
3 6267 841 6268
3 6268 841 843
3 6268 843 6269
3 6269 843 845
3 6269 845 6270
3 6270 845 847
3 6270 847 6271
3 6271 847 849
3 6271 849 6272
3 6272 849 496
3 6272 496 6273
3 6273 496 495
3 6273 495 6274
3 6274 495 494
3 6274 494 6275
3 6275 494 498
3 6275 498 6276
3 6276 498 501
3 6276 501 6277
3 6277 501 503
3 6277 503 6254
3 6254 503 504
3 6278 608 6279
3 6279 608 753
3 6279 753 6280
3 6280 753 770
3 6280 770 6281
3 6281 770 772
3 6281 772 6282
3 6282 772 774
3 6282 774 6283
3 6283 774 776
3 6283 776 6284
3 6284 776 534
3 6284 534 6285
3 6285 534 533
3 6285 533 6286
3 6286 533 954
3 6286 954 6287
3 6287 954 952
3 6287 952 6288
3 6288 952 950
3 6288 950 6289
3 6289 950 948
3 6289 948 6290
3 6290 948 956
3 6290 956 6291
3 6291 956 958
3 6291 958 6292
3 6292 958 960
3 6292 960 6293
3 6293 960 962
3 6293 962 6294
3 6294 962 963
3 6294 963 6295
3 6295 963 600
3 6295 600 6296
3 6296 600 966
3 6296 966 6297
3 6297 966 965
3 6297 965 6298
3 6298 965 605
3 6298 605 6299
3 6299 605 604
3 6299 604 6300
3 6300 604 603
3 6300 603 6301
3 6301 603 606
3 6301 606 6278
3 6278 606 608
3 6302 933 6303
3 6303 933 935
3 6303 935 6304
3 6304 935 937
3 6304 937 6305
3 6305 937 939
3 6305 939 6306
3 6306 939 941
3 6306 941 6307
3 6307 941 943
3 6307 943 6308
3 6308 943 946
3 6308 946 6309
3 6309 946 653
3 6309 653 6310
3 6310 653 654
3 6310 654 6311
3 6311 654 674
3 6311 674 6312
3 6312 674 676
3 6312 676 6313
3 6313 676 678
3 6313 678 6314
3 6314 678 681
3 6314 681 6315
3 6315 681 683
3 6315 683 6316
3 6316 683 685
3 6316 685 6317
3 6317 685 687
3 6317 687 6318
3 6318 687 688
3 6318 688 6319
3 6319 688 690
3 6319 690 6320
3 6320 690 692
3 6320 692 6321
3 6321 692 488
3 6321 488 6322
3 6322 488 487
3 6322 487 6323
3 6323 487 486
3 6323 486 6324
3 6324 486 929
3 6324 929 6325
3 6325 929 931
3 6325 931 6302
3 6302 931 933
3 6326 947 6327
3 6327 947 949
3 6327 949 6328
3 6328 949 951
3 6328 951 6329
3 6329 951 953
3 6329 953 6330
3 6330 953 955
3 6330 955 6331
3 6331 955 532
3 6331 532 6332
3 6332 532 537
3 6332 537 6333
3 6333 537 536
3 6333 536 6334
3 6334 536 540
3 6334 540 6335
3 6335 540 548
3 6335 548 6336
3 6336 548 550
3 6336 550 6337
3 6337 550 552
3 6337 552 6338
3 6338 552 553
3 6338 553 6339
3 6339 553 555
3 6339 555 6340
3 6340 555 557
3 6340 557 6341
3 6341 557 559
3 6341 559 6342
3 6342 559 575
3 6342 575 6343
3 6343 575 577
3 6343 577 6344
3 6344 577 579
3 6344 579 6345
3 6345 579 601
3 6345 601 6346
3 6346 601 964
3 6346 964 6347
3 6347 964 961
3 6347 961 6348
3 6348 961 959
3 6348 959 6349
3 6349 959 957
3 6349 957 6326
3 6326 957 947
3 6350 725 6351
3 6351 725 724
3 6351 724 6352
3 6352 724 641
3 6352 641 6353
3 6353 641 643
3 6353 643 6354
3 6354 643 645
3 6354 645 6355
3 6355 645 647
3 6355 647 6356
3 6356 647 648
3 6356 648 6357
3 6357 648 649
3 6357 649 6358
3 6358 649 650
3 6358 650 6359
3 6359 650 651
3 6359 651 6360
3 6360 651 945
3 6360 945 6361
3 6361 945 944
3 6361 944 6362
3 6362 944 942
3 6362 942 6363
3 6363 942 940
3 6363 940 6364
3 6364 940 938
3 6364 938 6365
3 6365 938 936
3 6365 936 6366
3 6366 936 934
3 6366 934 6367
3 6367 934 932
3 6367 932 6368
3 6368 932 930
3 6368 930 6369
3 6369 930 928
3 6369 928 6370
3 6370 928 913
3 6370 913 6371
3 6371 913 915
3 6371 915 6372
3 6372 915 917
3 6372 917 6373
3 6373 917 919
3 6373 919 6350
3 6350 919 725
3 6003 166 5997
3 5997 166 167
3 5997 167 5999
3 5999 167 169
3 5999 169 6000
3 6000 169 170
3 6000 170 6074
3 6074 170 171
3 6074 171 6076
3 6076 171 173
3 6076 173 6077
3 6077 173 174
3 6077 174 6075
3 6075 174 172
3 6075 172 5998
3 5998 172 168
3 6070 83 5873
3 5873 83 78
3 5873 78 5871
3 5871 78 92
3 5871 92 5869
3 5869 92 94
3 5869 94 5867
3 5867 94 96
3 5867 96 5865
3 5865 96 98
3 5865 98 5864
3 5864 98 100
3 5864 100 5863
3 5863 100 101
3 5863 101 5862
3 5862 101 102
3 5862 102 5860
3 5860 102 103
3 5860 103 5859
3 5859 103 105
3 5859 105 5858
3 5858 105 106
3 5858 106 5857
3 5857 106 107
3 5857 107 5856
3 5856 107 108
3 5856 108 6006
3 6006 108 163
3 6006 163 162
3 164 6002 162
3 162 6002 6004
3 162 6004 6006
3 166 6003 164
3 164 6003 6002
3 5875 77 6066
3 6066 77 79
3 6066 79 6067
3 6067 79 80
3 6067 80 6068
3 6068 80 81
3 6068 81 6069
3 6069 81 82
3 6069 82 6071
3 6071 82 84
3 6071 84 6072
3 6072 84 85
3 6072 85 6073
3 6073 85 86
3 6073 86 6070
3 6070 86 83
3 5883 69 5882
3 5882 69 70
3 5882 70 5881
3 5881 70 71
3 5881 71 5879
3 5879 71 72
3 5879 72 5878
3 5878 72 74
3 5878 74 5877
3 5877 74 75
3 5877 75 5876
3 5876 75 76
3 5876 76 5875
3 5875 76 77
3 5889 179 5892
3 5892 179 182
3 5892 182 5891
3 5891 182 181
3 5891 181 5890
3 5890 181 180
3 5890 180 5888
3 5888 180 178
3 5888 178 5887
3 5887 178 177
3 5887 177 5886
3 5886 177 176
3 5886 176 5885
3 5885 176 175
3 5885 175 5883
3 5883 175 69
3 6057 204 6055
3 6055 204 202
3 6055 202 6053
3 6053 202 200
3 6053 200 6054
3 6054 200 183
3 6054 183 5918
3 5918 183 50
3 5918 50 5917
3 5917 50 51
3 5917 51 5916
3 5916 51 52
3 5916 52 5915
3 5915 52 53
3 5915 53 5913
3 5913 53 54
3 5913 54 5912
3 5912 54 56
3 5912 56 5911
3 5911 56 57
3 5911 57 5910
3 5910 57 58
3 5910 58 5908
3 5908 58 59
3 5908 59 5906
3 5906 59 61
3 5906 61 5904
3 5904 61 63
3 5904 63 5902
3 5902 63 65
3 5902 65 5884
3 5884 65 67
3 5884 67 5889
3 5889 67 179
3 6059 206 6063
3 6063 206 210
3 6063 210 6065
3 6065 210 212
3 6065 212 6064
3 6064 212 211
3 6064 211 6062
3 6062 211 209
3 6062 209 6061
3 6061 209 208
3 6061 208 6060
3 6060 208 207
3 6060 207 6058
3 6058 207 205
3 6058 205 6057
3 6057 205 204
3 6045 193 6042
3 6042 193 190
3 6042 190 6040
3 6040 190 188
3 6040 188 5921
3 5921 188 185
3 5921 185 5920
3 5920 185 184
3 5920 184 6052
3 6052 184 201
3 6052 201 6056
3 6056 201 203
3 6056 203 6059
3 6059 203 206
3 6043 191 6044
3 6044 191 192
3 6044 192 6046
3 6046 192 194
3 6046 194 6047
3 6047 194 195
3 6047 195 6048
3 6048 195 196
3 6048 196 6050
3 6050 196 198
3 6050 198 6051
3 6051 198 199
3 6051 199 6049
3 6049 199 197
3 6049 197 6045
3 6045 197 193
3 6036 230 5983
3 5983 230 224
3 5983 224 5977
3 5977 224 221
3 5977 221 5975
3 5975 221 219
3 5975 219 5974
3 5974 219 218
3 5974 218 5973
3 5973 218 217
3 5973 217 5972
3 5972 217 216
3 5972 216 5971
3 5971 216 215
3 5971 215 5969
3 5969 215 213
3 5969 213 5933
3 5933 213 42
3 5933 42 5932
3 5932 42 44
3 5932 44 5931
3 5931 44 45
3 5931 45 5929
3 5929 45 46
3 5929 46 5919
3 5919 46 48
3 5919 48 5922
3 5922 48 186
3 5922 186 5923
3 5923 186 187
3 5923 187 6041
3 6041 187 189
3 6041 189 6043
3 6043 189 191
3 5982 225 5984
3 5984 225 226
3 5984 226 5985
3 5985 226 227
3 5985 227 6034
3 6034 227 228
3 6034 228 6035
3 6035 228 229
3 6035 229 6037
3 6037 229 231
3 6037 231 6038
3 6038 231 232
3 6038 232 6039
3 6039 232 233
3 6039 233 6036
3 6036 233 230
3 6025 246 5994
3 5994 246 245
3 5994 245 5995
3 5995 245 244
3 5995 244 5991
3 5991 244 241
3 5991 241 5989
3 5989 241 239
3 5989 239 5986
3 5986 239 236
3 5986 236 5981
3 5981 236 234
3 5981 234 5982
3 5982 234 225
3 6030 254 6033
3 6033 254 257
3 6033 257 6032
3 6032 257 256
3 6032 256 6031
3 6031 256 255
3 6031 255 6029
3 6029 255 253
3 6029 253 6028
3 6028 253 252
3 6028 252 6027
3 6027 252 251
3 6027 251 6026
3 6026 251 250
3 6026 250 6025
3 6025 250 246
3 6013 160 6011
3 6011 160 159
3 6011 159 6009
3 6009 159 113
3 6009 113 6008
3 6008 113 112
3 6008 112 5854
3 5854 112 109
3 5854 109 5853
3 5853 109 121
3 5853 121 5851
3 5851 121 120
3 5851 120 5850
3 5850 120 258
3 5850 258 5849
3 5849 258 128
3 5849 128 5847
3 5847 128 127
3 5847 127 5845
3 5845 127 129
3 5845 129 5844
3 5844 129 131
3 5844 131 5843
3 5843 131 132
3 5843 132 5841
3 5841 132 133
3 5841 133 6022
3 6022 133 249
3 6022 249 6023
3 6023 249 248
3 6023 248 6024
3 6024 248 247
3 6024 247 6030
3 6030 247 254
3 6015 155 6019
3 6019 155 260
3 6019 260 6021
3 6021 260 262
3 6021 262 6020
3 6020 262 261
3 6020 261 6018
3 6018 261 259
3 6018 259 6017
3 6017 259 157
3 6017 157 6016
3 6016 157 156
3 6016 156 6014
3 6014 156 154
3 6014 154 6013
3 6013 154 160
3 5998 168 5996
3 5996 168 165
3 5996 165 6001
3 6001 165 161
3 6001 161 6005
3 6005 161 110
3 6005 110 6007
3 6007 110 111
3 6007 111 6010
3 6010 111 158
3 6010 158 6012
3 6012 158 153
3 6012 153 6015
3 6015 153 155
3 717 6374 921
3 921 6374 6375
3 921 6375 922
3 922 6375 6376
3 922 6376 923
3 923 6376 6377
3 923 6377 924
3 924 6377 6378
3 924 6378 925
3 925 6378 6379
3 925 6379 926
3 926 6379 6380
3 926 6380 927
3 927 6380 6381
3 927 6381 715
3 715 6381 6382
3 715 6382 716
3 716 6382 6383
3 897 6384 895
3 895 6384 6385
3 895 6385 893
3 893 6385 6386
3 893 6386 891
3 891 6386 6387
3 891 6387 890
3 890 6387 6388
3 890 6388 490
3 490 6388 6389
3 490 6389 491
3 491 6389 6390
3 491 6390 492
3 492 6390 6391
3 492 6391 907
3 907 6391 6392
3 907 6392 908
3 908 6392 6393
3 908 6393 909
3 909 6393 6394
3 909 6394 910
3 910 6394 6395
3 910 6395 911
3 911 6395 6396
3 911 6396 912
3 912 6396 6397
3 912 6397 914
3 914 6397 6398
3 914 6398 916
3 916 6398 6399
3 916 6399 918
3 918 6399 6400
3 918 6400 920
3 920 6400 6401
3 920 6401 723
3 723 6401 6402
3 723 6402 721
3 721 6402 6403
3 721 6403 719
3 719 6403 6404
3 719 6404 717
3 717 6404 6374
3 898 6405 899
3 899 6405 6406
3 899 6406 900
3 900 6406 6407
3 900 6407 901
3 901 6407 6408
3 901 6408 902
3 902 6408 6409
3 902 6409 903
3 903 6409 6410
3 903 6410 904
3 904 6410 6411
3 904 6411 905
3 905 6411 6412
3 905 6412 906
3 906 6412 6413
3 906 6413 897
3 897 6413 6384
3 879 6414 878
3 878 6414 6415
3 878 6415 876
3 876 6415 6416
3 876 6416 874
3 874 6416 6417
3 874 6417 854
3 854 6417 6418
3 854 6418 853
3 853 6418 6419
3 853 6419 889
3 889 6419 6420
3 889 6420 892
3 892 6420 6421
3 892 6421 894
3 894 6421 6422
3 894 6422 896
3 896 6422 6423
3 896 6423 898
3 898 6423 6405
3 880 6424 881
3 881 6424 6425
3 881 6425 882
3 882 6425 6426
3 882 6426 883
3 883 6426 6427
3 883 6427 884
3 884 6427 6428
3 884 6428 885
3 885 6428 6429
3 885 6429 886
3 886 6429 6430
3 886 6430 887
3 887 6430 6431
3 887 6431 888
3 888 6431 6432
3 888 6432 879
3 879 6432 6414
3 863 6433 861
3 861 6433 6434
3 861 6434 859
3 859 6434 6435
3 859 6435 857
3 857 6435 6436
3 857 6436 856
3 856 6436 6437
3 856 6437 873
3 873 6437 6438
3 873 6438 875
3 875 6438 6439
3 875 6439 877
3 877 6439 6440
3 877 6440 880
3 880 6440 6424
3 864 6441 867
3 867 6441 6442
3 867 6442 869
3 869 6442 6443
3 869 6443 871
3 871 6443 6444
3 871 6444 872
3 872 6444 6445
3 872 6445 870
3 870 6445 6446
3 870 6446 868
3 868 6446 6447
3 868 6447 866
3 866 6447 6448
3 866 6448 865
3 865 6448 6449
3 865 6449 863
3 863 6449 6433
3 821 6450 819
3 819 6450 6451
3 819 6451 817
3 817 6451 6452
3 817 6452 815
3 815 6452 6453
3 815 6453 796
3 796 6453 6454
3 796 6454 793
3 793 6454 6455
3 793 6455 794
3 794 6455 6456
3 794 6456 830
3 830 6456 6457
3 830 6457 834
3 834 6457 6458
3 834 6458 836
3 836 6458 6459
3 836 6459 838
3 838 6459 6460
3 838 6460 840
3 840 6460 6461
3 840 6461 842
3 842 6461 6462
3 842 6462 844
3 844 6462 6463
3 844 6463 846
3 846 6463 6464
3 846 6464 848
3 848 6464 6465
3 848 6465 850
3 850 6465 6466
3 850 6466 851
3 851 6466 6467
3 851 6467 852
3 852 6467 6468
3 852 6468 855
3 855 6468 6469
3 855 6469 858
3 858 6469 6470
3 858 6470 860
3 860 6470 6471
3 860 6471 862
3 862 6471 6472
3 862 6472 864
3 864 6472 6441
3 820 6473 822
3 822 6473 6474
3 822 6474 823
3 823 6474 6475
3 823 6475 825
3 825 6475 6476
3 825 6476 827
3 827 6476 6477
3 827 6477 829
3 829 6477 6478
3 829 6478 828
3 828 6478 6479
3 828 6479 826
3 826 6479 6480
3 826 6480 824
3 824 6480 6481
3 824 6481 821
3 821 6481 6450
3 806 6482 803
3 803 6482 6483
3 803 6483 801
3 801 6483 6484
3 801 6484 799
3 799 6484 6485
3 799 6485 797
3 797 6485 6486
3 797 6486 798
3 798 6486 6487
3 798 6487 816
3 816 6487 6488
3 816 6488 818
3 818 6488 6489
3 818 6489 820
3 820 6489 6473
3 805 6490 807
3 807 6490 6491
3 807 6491 808
3 808 6491 6492
3 808 6492 809
3 809 6492 6493
3 809 6493 810
3 810 6493 6494
3 810 6494 811
3 811 6494 6495
3 811 6495 812
3 812 6495 6496
3 812 6496 813
3 813 6496 6497
3 813 6497 814
3 814 6497 6498
3 814 6498 806
3 806 6498 6482
3 528 6499 526
3 526 6499 6500
3 526 6500 524
3 524 6500 6501
3 524 6501 522
3 522 6501 6502
3 522 6502 520
3 520 6502 6503
3 520 6503 792
3 792 6503 6504
3 792 6504 795
3 795 6504 6505
3 795 6505 800
3 800 6505 6506
3 800 6506 802
3 802 6506 6507
3 802 6507 804
3 804 6507 6508
3 804 6508 805
3 805 6508 6490
3 527 6509 529
3 529 6509 6510
3 529 6510 530
3 530 6510 6511
3 530 6511 786
3 786 6511 6512
3 786 6512 787
3 787 6512 6513
3 787 6513 788
3 788 6513 6514
3 788 6514 789
3 789 6514 6515
3 789 6515 790
3 790 6515 6516
3 790 6516 791
3 791 6516 6517
3 791 6517 528
3 528 6517 6499
3 760 6518 758
3 758 6518 6519
3 758 6519 756
3 756 6519 6520
3 756 6520 755
3 755 6520 6521
3 755 6521 771
3 771 6521 6522
3 771 6522 773
3 773 6522 6523
3 773 6523 775
3 775 6523 6524
3 775 6524 777
3 777 6524 6525
3 777 6525 778
3 778 6525 6526
3 778 6526 779
3 779 6526 6527
3 779 6527 780
3 780 6527 6528
3 780 6528 781
3 781 6528 6529
3 781 6529 782
3 782 6529 6530
3 782 6530 783
3 783 6530 6531
3 783 6531 784
3 784 6531 6532
3 784 6532 785
3 785 6532 6533
3 785 6533 518
3 518 6533 6534
3 518 6534 519
3 519 6534 6535
3 519 6535 521
3 521 6535 6536
3 521 6536 523
3 523 6536 6537
3 523 6537 525
3 525 6537 6538
3 525 6538 527
3 527 6538 6509
3 761 6539 769
3 769 6539 6540
3 769 6540 768
3 768 6540 6541
3 768 6541 767
3 767 6541 6542
3 767 6542 766
3 766 6542 6543
3 766 6543 765
3 765 6543 6544
3 765 6544 764
3 764 6544 6545
3 764 6545 763
3 763 6545 6546
3 763 6546 762
3 762 6546 6547
3 762 6547 760
3 760 6547 6518
3 743 6548 742
3 742 6548 6549
3 742 6549 740
3 740 6549 6550
3 740 6550 616
3 616 6550 6551
3 616 6551 614
3 614 6551 6552
3 614 6552 612
3 612 6552 6553
3 612 6553 610
3 610 6553 6554
3 610 6554 754
3 754 6554 6555
3 754 6555 757
3 757 6555 6556
3 757 6556 759
3 759 6556 6557
3 759 6557 761
3 761 6557 6539
3 744 6558 752
3 752 6558 6559
3 752 6559 751
3 751 6559 6560
3 751 6560 750
3 750 6560 6561
3 750 6561 749
3 749 6561 6562
3 749 6562 748
3 748 6562 6563
3 748 6563 747
3 747 6563 6564
3 747 6564 746
3 746 6564 6565
3 746 6565 745
3 745 6565 6566
3 745 6566 743
3 743 6566 6548
3 739 6567 728
3 728 6567 6568
3 728 6568 726
3 726 6568 6569
3 726 6569 632
3 632 6569 6570
3 632 6570 631
3 631 6570 6571
3 631 6571 630
3 630 6571 6572
3 630 6572 629
3 629 6572 6573
3 629 6573 628
3 628 6573 6574
3 628 6574 627
3 627 6574 6575
3 627 6575 625
3 625 6575 6576
3 625 6576 624
3 624 6576 6577
3 624 6577 623
3 623 6577 6578
3 623 6578 622
3 622 6578 6579
3 622 6579 621
3 621 6579 6580
3 621 6580 620
3 620 6580 6581
3 620 6581 617
3 617 6581 6582
3 617 6582 618
3 618 6582 6583
3 618 6583 741
3 741 6583 6584
3 741 6584 744
3 744 6584 6558
3 730 6585 731
3 731 6585 6586
3 731 6586 732
3 732 6586 6587
3 732 6587 733
3 733 6587 6588
3 733 6588 734
3 734 6588 6589
3 734 6589 735
3 735 6589 6590
3 735 6590 736
3 736 6590 6591
3 736 6591 737
3 737 6591 6592
3 737 6592 738
3 738 6592 6593
3 738 6593 739
3 739 6593 6567
3 716 6383 718
3 718 6383 6594
3 718 6594 720
3 720 6594 6595
3 720 6595 722
3 722 6595 6596
3 722 6596 639
3 639 6596 6597
3 639 6597 637
3 637 6597 6598
3 637 6598 635
3 635 6598 6599
3 635 6599 634
3 634 6599 6600
3 634 6600 727
3 727 6600 6601
3 727 6601 729
3 729 6601 6602
3 729 6602 730
3 730 6602 6585
3 5706 5705 5333
3 5333 5705 5331
3 5338 5704 5337
3 5337 5704 5825
3 5337 5825 5336
3 5336 5825 5824
3 5336 5824 5335
3 5335 5824 5823
3 5335 5823 5334
3 5334 5823 5707
3 5334 5707 5333
3 5333 5707 5706
3 5692 5704 5340
3 5340 5704 5338
3 5358 5682 5356
3 5356 5682 5685
3 5356 5685 5354
3 5354 5685 5687
3 5354 5687 5353
3 5353 5687 5689
3 5353 5689 5351
3 5351 5689 5690
3 5351 5690 5340
3 5340 5690 5692
3 5755 5682 5540
3 5540 5682 5358
3 5454 5578 5569
3 5569 5578 5729
3 5569 5729 5734
3 5569 5734 5568
3 5568 5734 5733
3 5568 5733 5566
3 5566 5733 5735
3 5566 5735 5564
3 5564 5735 5737
3 5564 5737 5563
3 5563 5737 5738
3 5563 5738 5561
3 5561 5738 5740
3 5561 5740 5549
3 5549 5740 5752
3 5549 5752 5548
3 5548 5752 5753
3 5548 5753 5546
3 5546 5753 5540
3 5540 5753 5755
3 5577 5578 5458
3 5458 5578 5454
3 5331 5705 5330
3 5330 5705 5822
3 5330 5822 5821
3 5330 5821 5329
3 5329 5821 5820
3 5329 5820 5328
3 5328 5820 5819
3 5328 5819 5327
3 5327 5819 5818
3 5327 5818 5326
3 5326 5818 5817
3 5326 5817 5325
3 5325 5817 5576
3 5325 5576 5324
3 5324 5576 5575
3 5324 5575 5323
3 5323 5575 5574
3 5323 5574 5322
3 5322 5574 5458
3 5458 5574 5577
3 3 6603 475
3 475 6603 6604
3 475 6604 6605
3 6605 6604 6606
3 6605 6606 6607
3 6607 6606 6608
3 6607 6608 6609
3 6609 6608 6610
3 6609 6610 6611
3 6611 6610 6612
3 6611 6612 6613
3 6613 6612 6614
3 6613 6614 6615
3 6615 6614 6616
3 6615 6616 6617
3 6617 6616 6618
3 6617 6618 6619
3 6619 6618 6620
3 6619 6620 6621
3 6621 6620 6622
3 6621 6622 6623
3 6623 6622 969
3 6623 969 6624
3 6624 969 6625
3 6624 6625 6626
3 6626 6625 6627
3 6626 6627 6628
3 6628 6627 464
3 6628 464 466
3 967 6629 3
3 3 6629 6630
3 3 6630 6631
3 6631 6630 6632
3 6631 6632 6633
3 6633 6632 6634
3 6633 6634 6635
3 6635 6634 6603
3 6635 6603 3
3 969 6636 967
3 967 6636 6637
3 967 6637 6638
3 6638 6637 6639
3 6638 6639 6640
3 6640 6639 6641
3 6640 6641 6642
3 6642 6641 6643
3 6642 6643 6644
3 6644 6643 6645
3 6644 6645 6646
3 6646 6645 6647
3 6646 6647 6629
3 6629 6647 6648
3 6629 6648 6630
3 6630 6648 6632
3 969 474 6625
3 6625 474 6649
3 6625 6649 6627
3 6627 6649 463
3 6627 463 464
3 474 463 6649
3 468 6650 466
3 466 6650 6651
3 466 6651 6628
3 6628 6651 6652
3 6628 6652 6626
3 6626 6652 6653
3 6626 6653 6624
3 6624 6653 6623
3 6650 468 6654
3 6654 468 469
3 6654 469 6655
3 6655 469 6656
3 6655 6656 6657
3 6657 6656 6658
3 6657 6658 6659
3 6659 6658 6660
3 6659 6660 6611
3 6611 6660 6609
3 469 471 6656
3 6656 471 6661
3 6656 6661 6658
3 6658 6661 6662
3 6658 6662 6660
3 6660 6662 6663
3 6660 6663 6609
3 6609 6663 6607
3 471 473 6661
3 6661 473 6664
3 6661 6664 6662
3 6662 6664 6665
3 6662 6665 6663
3 6663 6665 6666
3 6663 6666 6607
3 6607 6666 6605
3 473 456 6664
3 6664 456 475
3 6664 475 6665
3 6665 475 6666
3 6667 3 6668
3 6668 3 6669
3 6668 6669 6667
3 6667 6669 6633
3 6667 6633 6635
3 6605 6666 475
3 6611 6613 6659
3 6659 6613 6670
3 6659 6670 6657
3 6657 6670 6671
3 6657 6671 6655
3 6655 6671 6654
3 6613 6615 6670
3 6670 6615 6672
3 6670 6672 6671
3 6671 6672 6673
3 6671 6673 6654
3 6654 6673 6650
3 6615 6617 6672
3 6672 6617 6674
3 6672 6674 6673
3 6673 6674 6675
3 6673 6675 6650
3 6650 6675 6651
3 6617 6619 6674
3 6674 6619 6676
3 6674 6676 6675
3 6675 6676 6652
3 6675 6652 6651
3 6619 6621 6676
3 6676 6621 6653
3 6676 6653 6652
3 6621 6623 6653
3 969 6622 6677
3 6677 6622 6620
3 6677 6620 6678
3 6678 6620 6618
3 6678 6618 6679
3 6679 6618 6616
3 6679 6616 6680
3 6680 6616 6614
3 6680 6614 6681
3 6681 6614 6612
3 6681 6612 6682
3 6682 6612 6610
3 6682 6610 6683
3 6683 6610 6608
3 6683 6608 6684
3 6684 6608 6606
3 6684 6606 6685
3 6685 6606 6604
3 6685 6604 6603
3 6638 6640 967
3 967 6640 6642
3 967 6642 6644
3 6629 967 6646
3 6646 967 6644
3 6669 3 6631
3 6633 6669 6631
3 3 6667 6635
3 6639 6637 6686
3 6686 6637 6636
3 6686 6636 6678
3 6678 6636 6677
3 6641 6639 6687
3 6687 6639 6686
3 6687 6686 6679
3 6679 6686 6678
3 6643 6641 6688
3 6688 6641 6687
3 6688 6687 6680
3 6680 6687 6679
3 6645 6643 6689
3 6689 6643 6688
3 6689 6688 6681
3 6681 6688 6680
3 6647 6645 6690
3 6690 6645 6689
3 6690 6689 6682
3 6682 6689 6681
3 6648 6647 6691
3 6691 6647 6690
3 6691 6690 6683
3 6683 6690 6682
3 6632 6648 6692
3 6692 6648 6691
3 6692 6691 6684
3 6684 6691 6683
3 6632 6692 6634
3 6634 6692 6685
3 6634 6685 6603
3 6685 6692 6684
3 969 6677 6636
3 5947 20 5952
3 5952 20 31
3 5952 31 5953
3 5953 31 30
3 5953 30 5954
3 5954 30 29
3 5954 29 5955
3 5955 29 28
3 5955 28 476
3 476 28 13
3 22 20 5946
3 5946 20 5947
3 5944 23 5948
3 5948 23 24
3 5948 24 5949
3 5949 24 25
3 5949 25 5950
3 5950 25 26
3 5950 26 5951
3 5951 26 27
3 5951 27 5946
3 5946 27 22
3 33 23 5941
3 5941 23 5944
3 5930 43 5934
3 5934 43 41
3 5934 41 5936
3 5936 41 40
3 5936 40 5937
3 5937 40 38
3 5937 38 5939
3 5939 38 36
3 5939 36 5941
3 5941 36 33
3 47 43 5924
3 5924 43 5930
3 5914 49 5925
3 5925 49 90
3 5925 90 5926
3 5926 90 89
3 5926 89 5927
3 5927 89 88
3 5927 88 5928
3 5928 88 87
3 5928 87 5924
3 5924 87 47
3 55 49 5909
3 5909 49 5914
3 5880 68 5901
3 5901 68 66
3 5901 66 5903
3 5903 66 64
3 5903 64 5905
3 5905 64 62
3 5905 62 5907
3 5907 62 60
3 5907 60 5909
3 5909 60 55
3 73 68 5874
3 5874 68 5880
3 5861 99 5866
3 5866 99 97
3 5866 97 5868
3 5868 97 95
3 5868 95 5870
3 5870 95 93
3 5870 93 5872
3 5872 93 91
3 5872 91 5874
3 5874 91 73
3 104 99 5855
3 5855 99 5861
3 5852 114 5897
3 5897 114 118
3 5897 118 5898
3 5898 118 117
3 5898 117 5899
3 5899 117 116
3 5899 116 5900
3 5900 116 115
3 5900 115 5855
3 5855 115 104
3 119 114 5848
3 5848 114 5852
3 5846 126 5893
3 5893 126 125
3 5893 125 5894
3 5894 125 124
3 5894 124 5895
3 5895 124 123
3 5895 123 5896
3 5896 123 122
3 5896 122 5848
3 5848 122 119
3 130 126 5842
3 5842 126 5846
3 5833 138 5832
3 5832 138 137
3 5832 137 136
3 5832 136 5839
3 5839 136 134
3 5839 134 5840
3 5840 134 5842
3 5842 134 130
3 145 138 5835
3 5835 138 5833
3 485 147 5834
3 5834 147 146
3 5834 146 5836
3 5836 146 151
3 5836 151 5837
3 5837 151 150
3 5837 150 5838
3 5838 150 149
3 5838 149 5835
3 5835 149 145
3 314 694 350
3 350 694 6693
3 350 6693 352
3 352 6693 357
3 357 6693 360
3 314 313 694
3 6693 694 6694
3 6694 694 695
3 6694 695 6695
3 6695 695 697
3 696 6696 698
3 698 6696 6697
3 698 6697 699
3 699 6697 6698
3 699 6698 713
3 713 6698 6699
3 713 6699 714
3 714 6699 6700
3 714 6700 697
3 697 6700 6695
3 6701 6696 693
3 693 6696 696
3 686 6702 689
3 689 6702 6703
3 689 6703 691
3 691 6703 6704
3 691 6704 693
3 693 6704 6701
3 6705 6702 701
3 701 6702 686
3 703 6706 704
3 704 6706 6707
3 704 6707 705
3 705 6707 6708
3 705 6708 706
3 706 6708 6709
3 706 6709 707
3 707 6709 6710
3 707 6710 708
3 708 6710 6711
3 708 6711 709
3 709 6711 6712
3 709 6712 710
3 710 6712 6713
3 710 6713 711
3 711 6713 6714
3 711 6714 712
3 712 6714 6715
3 712 6715 701
3 701 6715 6705
3 665 6716 663
3 663 6716 6717
3 663 6717 672
3 672 6717 6718
3 672 6718 673
3 673 6718 6719
3 673 6719 655
3 655 6719 6720
3 655 6720 656
3 656 6720 6721
3 656 6721 675
3 675 6721 6722
3 675 6722 677
3 677 6722 6723
3 677 6723 679
3 679 6723 6724
3 679 6724 680
3 680 6724 6725
3 680 6725 682
3 682 6725 6726
3 682 6726 684
3 684 6726 6727
3 684 6727 700
3 700 6727 6728
3 700 6728 702
3 702 6728 6729
3 702 6729 703
3 703 6729 6706
3 664 6730 666
3 666 6730 6731
3 666 6731 667
3 667 6731 6732
3 667 6732 668
3 668 6732 6733
3 668 6733 669
3 669 6733 6734
3 669 6734 670
3 670 6734 6735
3 670 6735 671
3 671 6735 6736
3 671 6736 665
3 665 6736 6716
3 6737 6730 662
3 662 6730 664
3 652 6738 657
3 657 6738 6739
3 657 6739 658
3 658 6739 6740
3 658 6740 659
3 659 6740 6741
3 659 6741 660
3 660 6741 6742
3 660 6742 661
3 661 6742 6743
3 661 6743 662
3 662 6743 6737
3 6744 6738 646
3 646 6738 652
3 626 6745 633
3 633 6745 6746
3 633 6746 636
3 636 6746 6747
3 636 6747 638
3 638 6747 6748
3 638 6748 640
3 640 6748 6749
3 640 6749 642
3 642 6749 6750
3 642 6750 644
3 644 6750 6751
3 644 6751 646
3 646 6751 6744
3 6752 6745 619
3 619 6745 626
3 599 6753 602
3 602 6753 6754
3 602 6754 607
3 607 6754 6755
3 607 6755 609
3 609 6755 6756
3 609 6756 611
3 611 6756 6757
3 611 6757 613
3 613 6757 6758
3 613 6758 615
3 615 6758 6759
3 615 6759 619
3 619 6759 6752
3 6760 6753 581
3 581 6753 599
3 585 6761 586
3 586 6761 6762
3 586 6762 595
3 595 6762 6763
3 595 6763 596
3 596 6763 6764
3 596 6764 597
3 597 6764 6765
3 597 6765 598
3 598 6765 6766
3 598 6766 581
3 581 6766 6760
3 6767 6761 587
3 587 6761 585
3 588 6768 594
3 594 6768 6769
3 594 6769 593
3 593 6769 6770
3 593 6770 592
3 592 6770 6771
3 592 6771 591
3 591 6771 6772
3 591 6772 590
3 590 6772 6773
3 590 6773 589
3 589 6773 6774
3 589 6774 587
3 587 6774 6767
3 565 6775 564
3 564 6775 6776
3 564 6776 562
3 562 6776 6777
3 562 6777 554
3 554 6777 6778
3 554 6778 556
3 556 6778 6779
3 556 6779 558
3 558 6779 6780
3 558 6780 560
3 560 6780 6781
3 560 6781 561
3 561 6781 6782
3 561 6782 576
3 576 6782 6783
3 576 6783 578
3 578 6783 6784
3 578 6784 580
3 580 6784 6785
3 580 6785 582
3 582 6785 6786
3 582 6786 583
3 583 6786 6787
3 583 6787 584
3 584 6787 6788
3 584 6788 588
3 588 6788 6768
3 563 6789 566
3 566 6789 6790
3 566 6790 567
3 567 6790 6791
3 567 6791 568
3 568 6791 6792
3 568 6792 569
3 569 6792 6793
3 569 6793 570
3 570 6793 6794
3 570 6794 571
3 571 6794 6795
3 571 6795 572
3 572 6795 6796
3 572 6796 573
3 573 6796 6797
3 573 6797 574
3 574 6797 6798
3 574 6798 565
3 565 6798 6775
3 6799 6789 551
3 551 6789 563
3 539 6800 547
3 547 6800 6801
3 547 6801 549
3 549 6801 6802
3 549 6802 551
3 551 6802 6799
3 6803 6800 541
3 541 6800 539
3 542 6804 546
3 546 6804 6805
3 546 6805 545
3 545 6805 6806
3 545 6806 544
3 544 6806 6807
3 544 6807 543
3 543 6807 6808
3 543 6808 541
3 541 6808 6803
3 6111 6809 6109
3 6109 6809 535
3 6109 535 6190
3 6190 535 531
3 6111 6185 6809
3 6809 6185 3108
3 535 6809 538
3 538 6809 6810
3 538 6810 542
3 542 6810 6804
3 5459 5582 5461
3 5461 5582 5585
3 5461 5585 5462
3 5462 5585 5584
3 5462 5584 5463
3 5463 5584 5583
3 5463 5583 5460
3 5460 5583 5581
3 5460 5581 3095
3 3095 5581 3094
3 5580 5582 5457
3 5457 5582 5459
3 5449 5589 5453
3 5453 5589 5587
3 5453 5587 5586
3 5453 5586 5455
3 5455 5586 5579
3 5455 5579 5456
3 5456 5579 5457
3 5457 5579 5580
3 5593 5589 5445
3 5445 5589 5449
3 5438 5595 5441
3 5441 5595 5643
3 5441 5643 5442
3 5442 5643 5642
3 5442 5642 5443
3 5443 5642 5641
3 5443 5641 5444
3 5444 5641 5640
3 5444 5640 5445
3 5445 5640 5593
3 5599 5595 5433
3 5433 5595 5438
3 5423 5602 5434
3 5434 5602 5647
3 5434 5647 5435
3 5435 5647 5646
3 5435 5646 5436
3 5436 5646 5645
3 5436 5645 5437
3 5437 5645 5644
3 5437 5644 5433
3 5433 5644 5599
3 5608 5602 5418
3 5418 5602 5423
3 5393 5621 5410
3 5410 5621 5619
3 5410 5619 5412
3 5412 5619 5617
3 5412 5617 5414
3 5414 5617 5615
3 5414 5615 5416
3 5416 5615 5613
3 5416 5613 5418
3 5418 5613 5608
3 5626 5621 5387
3 5387 5621 5393
3 5374 5656 5379
3 5379 5656 5654
3 5379 5654 5381
3 5381 5654 5652
3 5381 5652 5383
3 5383 5652 5650
3 5383 5650 5385
3 5385 5650 5648
3 5385 5648 5387
3 5387 5648 5626
3 5661 5656 5368
3 5368 5656 5374
3 5366 5671 5406
3 5406 5671 5675
3 5406 5675 5407
3 5407 5675 5674
3 5407 5674 5408
3 5408 5674 5673
3 5408 5673 5409
3 5409 5673 5672
3 5409 5672 5368
3 5368 5672 5661
3 5677 5671 5362
3 5362 5671 5366
3 5352 5688 5355
3 5355 5688 5686
3 5355 5686 5357
3 5357 5686 5684
3 5357 5684 5359
3 5359 5684 5683
3 5359 5683 5360
3 5360 5683 5681
3 5360 5681 5362
3 5362 5681 5677
3 5691 5688 5342
3 5342 5688 5352
3 5341 5693 5346
3 5346 5693 5698
3 5346 5698 5345
3 5345 5698 5697
3 5345 5697 5344
3 5344 5697 5696
3 5344 5696 5343
3 5343 5696 5695
3 5343 5695 5342
3 5342 5695 5691
3 5694 5693 5339
3 5339 5693 5341
3 5332 5703 5347
3 5347 5703 5702
3 5347 5702 5348
3 5348 5702 5701
3 5348 5701 5349
3 5349 5701 5700
3 5349 5700 5350
3 5350 5700 5699
3 5350 5699 5339
3 5339 5699 5694
3 5222 5224 5332
3 5332 5224 5703
3 5703 5224 3096
3 506 6811 510
3 510 6811 6812
3 510 6812 512
3 512 6812 6813
3 512 6813 513
3 513 6813 6814
3 513 6814 515
3 515 6814 6815
3 515 6815 516
3 516 6815 5826
3 6816 6811 502
3 502 6811 506
3 489 968 493
3 493 968 6817
3 493 6817 497
3 497 6817 6818
3 497 6818 499
3 499 6818 6819
3 499 6819 500
3 500 6819 6820
3 500 6820 502
3 502 6820 6816
3 5222 3079 5256
3 5256 3079 6821
3 5256 6821 5258
3 5258 6821 6822
3 5258 6822 5263
3 5263 6822 6823
3 5263 6823 5266
3 5266 6823 5270
3 5270 6823 6824
3 5270 6824 5272
3 5272 6824 6825
3 5272 6825 5277
3 5277 6825 517
3 517 6825 6826
3 517 6826 6196
3 6196 6826 6197
3 6197 6826 6827
3 6197 6827 6194
3 6194 6827 6195
3 6195 6827 6828
3 6195 6828 6198
3 6198 6828 6829
3 6198 6829 6083
3 6083 6829 6830
3 6083 6830 6081
3 6081 6830 3079
3 3079 6830 6821
3 6196 531 517
3 6822 6821 6830
3 6823 6822 6829
3 6829 6822 6830
3 6824 6823 6828
3 6828 6823 6829
3 6825 6824 6827
3 6827 6824 6828
3 6826 6825 6827
3 360 6323 967
3 967 6323 6369
3 967 6369 6370
3 6693 6321 360
3 360 6321 6322
3 360 6322 6323
3 6694 6701 6693
3 6693 6701 6320
3 6693 6320 6321
3 6701 6694 6696
3 6696 6694 6695
3 6696 6695 6697
3 6697 6695 6698
3 6698 6695 6699
3 6699 6695 6700
3 6701 6704 6320
3 6320 6704 6319
3 6319 6704 6703
3 6319 6703 6318
3 6318 6703 6702
3 6318 6702 6317
3 6317 6702 6316
3 6316 6702 6727
3 6316 6727 6315
3 6315 6727 6726
3 6315 6726 6314
3 6314 6726 6725
3 6314 6725 6313
3 6313 6725 6724
3 6313 6724 6723
3 6727 6702 6728
3 6728 6702 6705
3 6728 6705 6729
3 6729 6705 6706
3 6706 6705 6715
3 6706 6715 6714
3 6714 6713 6706
3 6706 6713 6712
3 6706 6712 6711
3 6711 6710 6706
3 6706 6710 6709
3 6706 6709 6708
3 6708 6707 6706
3 6313 6723 6312
3 6312 6723 6722
3 6312 6722 6311
3 6311 6722 6721
3 6311 6721 6310
3 6310 6721 6720
3 6310 6720 6738
3 6738 6720 6719
3 6738 6719 6718
3 6718 6717 6738
3 6738 6717 6737
3 6738 6737 6743
3 6737 6717 6730
3 6730 6717 6716
3 6730 6716 6731
3 6731 6716 6732
3 6732 6716 6733
3 6733 6716 6734
3 6734 6716 6735
3 6735 6716 6736
3 6743 6742 6738
3 6738 6742 6741
3 6738 6741 6740
3 6740 6739 6738
3 6744 6359 6738
3 6738 6359 6309
3 6738 6309 6310
3 6751 6354 6744
3 6744 6354 6355
3 6744 6355 6356
3 6354 6751 6353
3 6353 6751 6750
3 6353 6750 6352
3 6352 6750 6749
3 6352 6749 6597
3 6597 6749 6748
3 6597 6748 6598
3 6598 6748 6747
3 6598 6747 6599
3 6599 6747 6746
3 6599 6746 6600
3 6600 6746 6570
3 6600 6570 6569
3 6746 6745 6570
3 6570 6745 6571
3 6571 6745 6572
3 6572 6745 6573
3 6573 6745 6574
3 6574 6745 6575
3 6575 6745 6576
3 6576 6745 6752
3 6576 6752 6577
3 6577 6752 6578
3 6578 6752 6579
3 6579 6752 6580
3 6580 6752 6581
3 6581 6752 6582
3 6582 6752 6759
3 6582 6759 6551
3 6551 6759 6552
3 6552 6759 6758
3 6552 6758 6553
3 6553 6758 6757
3 6553 6757 6554
3 6554 6757 6756
3 6554 6756 6278
3 6278 6756 6755
3 6278 6755 6301
3 6301 6755 6754
3 6301 6754 6300
3 6300 6754 6753
3 6300 6753 6299
3 6299 6753 6298
3 6298 6753 6297
3 6297 6753 6296
3 6296 6753 6295
3 6295 6753 6760
3 6295 6760 6345
3 6345 6760 6344
3 6344 6760 6785
3 6344 6785 6784
3 6766 6765 6760
3 6760 6765 6764
3 6760 6764 6763
3 6763 6762 6760
3 6760 6762 6761
3 6760 6761 6788
3 6788 6761 6767
3 6788 6767 6768
3 6768 6767 6774
3 6768 6774 6773
3 6773 6772 6768
3 6768 6772 6771
3 6768 6771 6770
3 6770 6769 6768
3 6788 6787 6760
3 6760 6787 6786
3 6760 6786 6785
3 6344 6784 6343
3 6343 6784 6783
3 6343 6783 6342
3 6342 6783 6782
3 6342 6782 6341
3 6341 6782 6781
3 6341 6781 6780
3 6341 6780 6340
3 6340 6780 6779
3 6340 6779 6339
3 6339 6779 6778
3 6339 6778 6338
3 6338 6778 6799
3 6338 6799 6337
3 6337 6799 6336
3 6336 6799 6802
3 6336 6802 6335
3 6335 6802 6801
3 6335 6801 6334
3 6334 6801 6800
3 6334 6800 6809
3 6809 6800 6810
3 6810 6800 6803
3 6810 6803 6804
3 6804 6803 6808
3 6804 6808 6807
3 6778 6777 6799
3 6799 6777 6789
3 6789 6777 6776
3 6789 6776 6775
3 6798 6797 6775
3 6775 6797 6796
3 6775 6796 6795
3 6795 6794 6775
3 6775 6794 6793
3 6775 6793 6792
3 6792 6791 6775
3 6775 6791 6790
3 6775 6790 6789
3 6807 6806 6804
3 6804 6806 6805
3 6334 6809 6333
3 6333 6809 3108
3 6333 3108 6332
3 6332 3108 6331
3 6331 3108 3611
3 6331 3611 6285
3 6285 3611 6284
3 6284 3611 6526
3 6284 6526 6525
3 5826 6534 3611
3 3611 6534 6533
3 3611 6533 6532
3 6815 6260 5826
3 5826 6260 6261
3 5826 6261 6262
3 6815 6814 6260
3 6260 6814 6259
3 6259 6814 6813
3 6259 6813 6812
3 6259 6812 6258
3 6258 6812 6811
3 6258 6811 6257
3 6257 6811 6256
3 6256 6811 6255
3 6255 6811 6816
3 6255 6816 6254
3 6254 6816 6277
3 6277 6816 6276
3 6276 6816 6820
3 6276 6820 6275
3 6275 6820 6819
3 6275 6819 6818
3 6275 6818 6274
3 6274 6818 6817
3 6274 6817 968
3 967 6389 968
3 968 6389 6388
3 968 6388 6420
3 6420 6388 6387
3 6420 6387 6421
3 6421 6387 6386
3 6421 6386 6422
3 6422 6386 6385
3 6422 6385 6423
3 6423 6385 6384
3 6423 6384 6405
3 6405 6384 6406
3 6406 6384 6407
3 6407 6384 6408
3 6408 6384 6409
3 6409 6384 6410
3 6410 6384 6411
3 6411 6384 6412
3 6412 6384 6413
3 6602 6568 6585
3 6585 6568 6567
3 6585 6567 6593
3 6602 6601 6568
3 6568 6601 6569
3 6569 6601 6600
3 6352 6597 6351
3 6351 6597 6596
3 6351 6596 6402
3 6402 6596 6403
3 6403 6596 6595
3 6403 6595 6404
3 6404 6595 6594
3 6404 6594 6374
3 6374 6594 6383
3 6374 6383 6382
3 6382 6381 6374
3 6374 6381 6380
3 6374 6380 6379
3 6379 6378 6374
3 6374 6378 6377
3 6374 6377 6376
3 6376 6375 6374
3 6351 6402 6350
3 6350 6402 6401
3 6350 6401 6373
3 6373 6401 6400
3 6373 6400 6372
3 6372 6400 6399
3 6372 6399 6371
3 6371 6399 6398
3 6371 6398 6370
3 6370 6398 6397
3 6370 6397 967
3 967 6397 6396
3 967 6396 6395
3 6395 6394 967
3 967 6394 6393
3 967 6393 6392
3 6392 6391 967
3 967 6391 6390
3 967 6390 6389
3 6420 6419 968
3 968 6419 6468
3 968 6468 6467
3 6419 6418 6468
3 6468 6418 6469
3 6469 6418 6437
3 6469 6437 6436
3 6437 6418 6438
3 6438 6418 6417
3 6438 6417 6439
3 6439 6417 6416
3 6439 6416 6440
3 6440 6416 6415
3 6440 6415 6414
3 6432 6431 6414
3 6414 6431 6430
3 6414 6430 6429
3 6429 6428 6414
3 6414 6428 6427
3 6414 6427 6426
3 6426 6425 6414
3 6414 6425 6424
3 6414 6424 6440
3 6469 6436 6470
3 6470 6436 6435
3 6470 6435 6471
3 6471 6435 6434
3 6471 6434 6472
3 6472 6434 6433
3 6472 6433 6441
3 6441 6433 6449
3 6441 6449 6448
3 6441 6448 6442
3 6442 6448 6447
3 6442 6447 6443
3 6443 6447 6446
3 6443 6446 6444
3 6444 6446 6445
3 6467 6466 968
3 968 6466 6272
3 968 6272 6273
3 6272 6466 6271
3 6271 6466 6465
3 6271 6465 6270
3 6270 6465 6464
3 6270 6464 6269
3 6269 6464 6463
3 6269 6463 6268
3 6268 6463 6462
3 6268 6462 6267
3 6267 6462 6461
3 6267 6461 6266
3 6266 6461 6460
3 6266 6460 6265
3 6265 6460 6459
3 6265 6459 6264
3 6264 6459 6458
3 6264 6458 6263
3 6263 6458 6457
3 6263 6457 6262
3 6262 6457 5826
3 6457 6456 5826
3 5826 6456 6455
3 5826 6455 6504
3 6504 6455 6505
3 6505 6455 6454
3 6505 6454 6486
3 6486 6454 6487
3 6487 6454 6453
3 6487 6453 6488
3 6488 6453 6452
3 6488 6452 6489
3 6489 6452 6451
3 6489 6451 6473
3 6473 6451 6450
3 6473 6450 6474
3 6474 6450 6475
3 6475 6450 6481
3 6475 6481 6476
3 6476 6481 6480
3 6476 6480 6477
3 6477 6480 6479
3 6477 6479 6478
3 6486 6485 6505
3 6505 6485 6506
3 6506 6485 6484
3 6506 6484 6507
3 6507 6484 6483
3 6507 6483 6508
3 6508 6483 6490
3 6490 6483 6482
3 6490 6482 6491
3 6491 6482 6492
3 6492 6482 6493
3 6493 6482 6494
3 6494 6482 6495
3 6495 6482 6496
3 6496 6482 6497
3 6497 6482 6498
3 6504 6503 5826
3 5826 6503 6535
3 5826 6535 6534
3 6535 6503 6536
3 6536 6503 6502
3 6536 6502 6537
3 6537 6502 6501
3 6537 6501 6538
3 6538 6501 6500
3 6538 6500 6509
3 6509 6500 6499
3 6509 6499 6510
3 6510 6499 6511
3 6511 6499 6512
3 6512 6499 6513
3 6513 6499 6514
3 6514 6499 6515
3 6515 6499 6516
3 6516 6499 6517
3 6532 6531 3611
3 3611 6531 6530
3 3611 6530 6529
3 6529 6528 3611
3 3611 6528 6527
3 3611 6527 6526
3 6284 6525 6283
3 6283 6525 6524
3 6283 6524 6282
3 6282 6524 6523
3 6282 6523 6281
3 6281 6523 6522
3 6281 6522 6280
3 6280 6522 6521
3 6280 6521 6279
3 6279 6521 6555
3 6279 6555 6554
3 6521 6520 6555
3 6555 6520 6556
3 6556 6520 6519
3 6556 6519 6557
3 6557 6519 6518
3 6557 6518 6539
3 6539 6518 6547
3 6539 6547 6546
3 6546 6545 6539
3 6539 6545 6544
3 6539 6544 6543
3 6543 6542 6539
3 6539 6542 6541
3 6539 6541 6540
3 6582 6551 6583
3 6583 6551 6550
3 6583 6550 6584
3 6584 6550 6549
3 6584 6549 6548
3 6584 6548 6558
3 6558 6548 6566
3 6558 6566 6565
3 6565 6564 6558
3 6558 6564 6563
3 6558 6563 6562
3 6562 6561 6558
3 6558 6561 6560
3 6558 6560 6559
3 6593 6592 6585
3 6585 6592 6591
3 6585 6591 6590
3 6590 6589 6585
3 6585 6589 6588
3 6585 6588 6587
3 6587 6586 6585
3 6356 6357 6744
3 6744 6357 6358
3 6744 6358 6359
3 6309 6359 6308
3 6308 6359 6360
3 6308 6360 6307
3 6307 6360 6361
3 6307 6361 6362
3 6307 6362 6306
3 6306 6362 6363
3 6306 6363 6305
3 6305 6363 6364
3 6305 6364 6304
3 6304 6364 6365
3 6304 6365 6303
3 6303 6365 6366
3 6303 6366 6302
3 6302 6366 6367
3 6302 6367 6325
3 6325 6367 6368
3 6325 6368 6324
3 6324 6368 6369
3 6324 6369 6323
3 6328 6288 6327
3 6327 6288 6289
3 6327 6289 6326
3 6326 6289 6290
3 6326 6290 6349
3 6349 6290 6291
3 6349 6291 6348
3 6348 6291 6292
3 6348 6292 6347
3 6347 6292 6293
3 6347 6293 6294
3 6288 6328 6287
3 6287 6328 6329
3 6287 6329 6286
3 6286 6329 6330
3 6286 6330 6285
3 6285 6330 6331
3 6345 6346 6295
3 6295 6346 6294
3 6294 6346 6347
3 6278 6279 6554
3 6273 6274 968
